-- --------------------------------------------------------
-- Host:                         127.0.0.1
-- Versión del servidor:         5.6.21 - MySQL Community Server (GPL)
-- SO del servidor:              Win32
-- HeidiSQL Versión:             9.1.0.4867
-- --------------------------------------------------------

/*!40101 SET @OLD_CHARACTER_SET_CLIENT=@@CHARACTER_SET_CLIENT */;
/*!40101 SET NAMES utf8mb4 */;
/*!40014 SET @OLD_FOREIGN_KEY_CHECKS=@@FOREIGN_KEY_CHECKS, FOREIGN_KEY_CHECKS=0 */;
/*!40101 SET @OLD_SQL_MODE=@@SQL_MODE, SQL_MODE='NO_AUTO_VALUE_ON_ZERO' */;

-- Volcando estructura de base de datos para tiens
DROP DATABASE IF EXISTS `tiens`;
CREATE DATABASE IF NOT EXISTS `tiens` /*!40100 DEFAULT CHARACTER SET utf8 */;
USE `tiens`;


-- Volcando estructura para tabla tiens.banners
DROP TABLE IF EXISTS `banners`;
CREATE TABLE IF NOT EXISTS `banners` (
  `id` int(11) NOT NULL AUTO_INCREMENT,
  `name` varchar(45) NOT NULL,
  `description` varchar(255) NOT NULL,
  `updated_at` timestamp NULL DEFAULT CURRENT_TIMESTAMP,
  `created_at` timestamp NULL DEFAULT CURRENT_TIMESTAMP,
  `deleted_at` timestamp NULL DEFAULT NULL,
  `extension` varchar(5) DEFAULT NULL,
  `created_by` int(11) DEFAULT NULL COMMENT 'id del usuario que cre''o el banner',
  PRIMARY KEY (`id`)
) ENGINE=InnoDB AUTO_INCREMENT=27 DEFAULT CHARSET=utf8;

-- Volcando datos para la tabla tiens.banners: ~21 rows (aproximadamente)
/*!40000 ALTER TABLE `banners` DISABLE KEYS */;
INSERT INTO `banners` (`id`, `name`, `description`, `updated_at`, `created_at`, `deleted_at`, `extension`, `created_by`) VALUES
	(1, 'Nuevo Banner de Prueba', 'Lorem ipsum dolor sit amet, consectetur adipiscing elit. Nunc tellus turpis, bibendum a auctor eget, eleifend nec orci. Suspendisse vitae rutrum tellus, vel imperdiet odio. Aliquam hendrerit venenatis felis, ut mollis metus euismod eget. Maecenas finibus,', '2016-03-05 14:33:34', '2016-03-05 14:33:34', '2016-03-23 18:39:19', 'png', 1),
	(2, 'Banner Chile', 'Lorem ipsum dolor sit amet, consectetur adipiscing elit. Nunc tellus turpis, bibendum a auctor eget, eleifend nec orci. Suspendisse vitae rutrum tellus, vel imperdiet odio. Aliquam hendrerit venenatis felis, ut mollis metus euismod eget. Maecenas finibus,', '2016-03-29 02:05:06', '2016-03-07 18:55:10', '2016-03-29 02:05:06', 'jpg', 1),
	(3, 'Banner Peru 1', 'Lorem ipsum dolor sit amet, consectetur adipiscing elit. Nunc tellus turpis, bibendum a auctor eget, eleifend nec orci. Suspendisse vitae rutrum tellus, vel imperdiet odio. Aliquam hendrerit venenatis felis, ut mollis metus euismod eget. Maecenas finibus,', '2016-03-28 23:41:27', '2016-03-07 18:56:04', '2016-03-28 23:41:27', 'jpg', 1),
	(4, 'Banner Peru 2', 'Lorem ipsum dolor sit amet, consectetur adipiscing elit. Nunc tellus turpis, bibendum a auctor eget, eleifend nec orci. Suspendisse vitae rutrum tellus, vel imperdiet odio. Aliquam hendrerit venenatis felis, ut mollis metus euismod eget. Maecenas finibus,', '2016-03-29 02:05:13', '2016-03-07 20:27:46', '2016-03-29 02:05:13', 'jpg', 2),
	(10, 'Banner Peru 3', 'Lorem ipsum dolor sit amet, consectetur adipiscing elit. Nunc tellus turpis, bibendum a auctor eget, eleifend nec orci. Suspendisse vitae rutrum tellus, vel imperdiet odio. Aliquam hendrerit venenatis felis, ut mollis metus euismod eget. Maecenas finibus,', '2016-03-29 02:05:16', '2016-03-07 20:53:50', '2016-03-29 02:05:16', 'jpg', 2),
	(11, 'Banner Peru 4', 'Lorem ipsum dolor sit amet, consectetur adipiscing elit. Nunc tellus turpis, bibendum a auctor eget, eleifend nec orci. Suspendisse vitae rutrum tellus, vel imperdiet odio. Aliquam hendrerit venenatis felis, ut mollis metus euismod eget. Maecenas finibus,', '2016-03-29 02:05:19', '2016-03-07 23:52:25', '2016-03-29 02:05:19', 'png', 2),
	(12, 'Per\'u, Chile, Bolivia', 'Lorem ipsum dolor sit amet, consectetur adipiscing elit. Nunc tellus turpis, bibendum a auctor eget, eleifend nec orci. Suspendisse vitae rutrum tellus, vel imperdiet odio. Aliquam hendrerit venenatis felis, ut mollis metus euismod eget. Maecenas finibus,', '2016-03-29 02:05:22', '2016-03-10 17:09:29', '2016-03-29 02:05:22', 'png', 1),
	(13, 'Banner Chile ', 'Banner Chile Banner Chile Banner Chile Banner Chile Banner Chile Banner Chile Banner Chile Banner Chile Banner Chile Banner Chile Banner Chile Banner Chile Banner Chile Banner Chile Banner Chile Banner Chile Banner Chile Banner Chile Banner Chile Banner C', '2016-03-29 02:05:08', '2016-03-29 01:42:39', '2016-03-29 02:05:08', 'png', 1),
	(14, 'Banner Chile 2 ', 'Banner Chile 2 Banner Chile 2 Banner Chile 2 Banner Chile 2 Banner Chile 2 Banner Chile 2 Banner Chile 2 Banner Chile 2 Banner Chile 2 Banner Chile 2 Banner Chile 2 Banner Chile 2 Banner Chile 2 Banner Chile 2 Banner Chile 2 Banner Chile 2 Banner Chile 2 ', '2016-03-29 02:05:10', '2016-03-29 01:48:54', '2016-03-29 02:05:10', 'png', 1),
	(15, 'Nuevo Banner Peru ', 'Nuevo Banner Peru Nuevo Banner Peru Nuevo Banner Peru Nuevo Banner Peru Nuevo Banner Peru Nuevo Banner Peru Nuevo Banner Peru Nuevo Banner Peru Nuevo Banner Peru Nuevo Banner Peru Nuevo Banner Peru Nuevo Banner Peru Nuevo Banner Peru Nuevo Banner Peru Nue', '2016-03-29 02:05:44', '2016-03-29 02:05:44', NULL, 'jpg', 1),
	(16, 'Banner Peru 2 ', 'Banner Peru 02 Banner Peru 02 Banner Peru 02 Banner Peru 02 Banner Peru 02 Banner Peru 02 Banner Peru 02 Banner Peru 02 Banner Peru 02 Banner Peru 02 Banner Peru 02 Banner Peru 02 Banner Peru 02 Banner Peru 02 Banner Peru 02 Banner Peru 02 Banner Peru 02 ', '2016-04-02 22:19:23', '2016-03-29 02:16:53', NULL, 'jpg', 1),
	(17, 'Nuevo Banner Peru', 'Nuevo Banner Peru Nuevo Banner Peru Nuevo Banner Peru Nuevo Banner Peru Nuevo Banner Peru Nuevo Banner Peru Nuevo Banner Peru Nuevo Banner Peru Nuevo Banner Peru Nuevo Banner Peru Nuevo Banner Peru Nuevo Banner Peru Nuevo Banner Peru Nuevo Banner Peru Nue', '2016-03-30 05:43:38', '2016-03-30 05:43:38', NULL, 'jpg', 2),
	(18, 'Nuevo Banner Peru', 'Nuevo Banner Peru (tildes omitidas)', '2016-04-03 17:21:39', '2016-04-01 05:05:30', '2016-04-03 17:21:39', 'jpg', 1),
	(19, 'Nuevo Banner Peru', 'Nuevo Banner Peru Nuevo Banner Peru Nuevo Banner Peru Nuevo Banner Peru Nuevo Banner Peru Nuevo Banner Peru Nuevo Banner Peru Nuevo Banner Peru Nuevo Banner Peru Nuevo Banner Peru Nuevo Banner Peru Nuevo Banner Peru Nuevo Banner Peru Nuevo Banner Peru Nue', '2016-04-02 22:13:53', '2016-04-02 22:13:53', NULL, 'jpg', 2),
	(20, 'Nuevo Banner Peru', 'Nuevo Banner Peru Nuevo Banner Peru Nuevo Banner Peru Nuevo Banner Peru Nuevo Banner Peru Nuevo Banner Peru Nuevo Banner Peru Nuevo Banner Peru Nuevo Banner Peru Nuevo Banner Peru Nuevo Banner Peru Nuevo Banner Peru Nuevo Banner Peru Nuevo Banner Peru Nue', '2016-04-02 22:14:29', '2016-04-02 22:14:29', NULL, 'jpg', 2),
	(21, 'Nuevo Banner Peru', 'Nuevo Banner Peru Nuevo Banner Peru Nuevo Banner Peru Nuevo Banner Peru Nuevo Banner Peru Nuevo Banner Peru Nuevo Banner Peru Nuevo Banner Peru Nuevo Banner Peru Nuevo Banner Peru Nuevo Banner Peru Nuevo Banner Peru Nuevo Banner Peru Nuevo Banner Peru Nue', '2016-04-02 22:15:22', '2016-04-02 22:15:22', NULL, 'jpg', 2),
	(22, 'Nuevo Banner Peru', 'Nuevo Banner Peru Nuevo Banner Peru Nuevo Banner Peru Nuevo Banner Peru Nuevo Banner Peru Nuevo Banner Peru Nuevo Banner Peru Nuevo Banner Peru Nuevo Banner Peru Nuevo Banner Peru Nuevo Banner Peru Nuevo Banner Peru Nuevo Banner Peru Nuevo Banner Peru Nue', '2016-04-02 22:16:33', '2016-04-02 22:16:33', NULL, 'jpg', 2),
	(23, 'Nuevo Banner Peru', 'Nuevo Banner Peru Nuevo Banner Peru Nuevo Banner Peru Nuevo Banner Peru Nuevo Banner Peru Nuevo Banner Peru Nuevo Banner Peru Nuevo Banner Peru Nuevo Banner Peru Nuevo Banner Peru Nuevo Banner Peru Nuevo Banner Peru Nuevo Banner Peru Nuevo Banner Peru Nue', '2016-04-02 22:16:59', '2016-04-02 22:16:59', NULL, 'jpg', 2),
	(24, 'Banner multi pa\'is', 'Banner multi pa\'is Banner multi pa\'is Banner multi pa\'is Banner multi pa\'is Banner multi pa\'is Banner multi pa\'is Banner multi pa\'is Banner multi pa\'is Banner multi pa\'is Banner multi pa\'is Banner multi pa\'is Banner multi pa\'is Banner multi pa\'is Banner m', '2016-04-02 23:21:39', '2016-04-02 23:14:02', NULL, 'jpg', 1),
	(25, 'Nuevo Banner - Prueba Notificaciones', 'Nuevo Banner - Prueba Notificaciones Nuevo Banner - Prueba Notificaciones Nuevo Banner - Prueba Notificaciones Nuevo Banner - Prueba Notificaciones Nuevo Banner - Prueba Notificaciones Nuevo Banner - Prueba Notificaciones Nuevo Banner - Prueba Notificacio', '2016-04-04 01:52:44', '2016-04-04 01:52:44', NULL, 'jpg', 1),
	(26, 'Nuevo Banner Peru', 'Nuevo Banner Peru Nuevo Banner Peru Nuevo Banner Peru Nuevo Banner Peru Nuevo Banner Peru Nuevo Banner Peru Nuevo Banner Peru Nuevo Banner Peru Nuevo Banner Peru Nuevo Banner Peru Nuevo Banner Peru Nuevo Banner Peru Nuevo Banner Peru Nuevo Banner Peru Nue', '2016-04-04 02:02:04', '2016-04-04 02:02:04', NULL, 'jpg', 2);
/*!40000 ALTER TABLE `banners` ENABLE KEYS */;


-- Volcando estructura para tabla tiens.bannerxcountry
DROP TABLE IF EXISTS `bannerxcountry`;
CREATE TABLE IF NOT EXISTS `bannerxcountry` (
  `id_country` int(11) NOT NULL,
  `id_banner` int(11) NOT NULL,
  `created_at` timestamp NULL DEFAULT CURRENT_TIMESTAMP,
  `deleted_at` timestamp NULL DEFAULT NULL,
  `updated_at` timestamp NULL DEFAULT CURRENT_TIMESTAMP,
  PRIMARY KEY (`id_country`,`id_banner`),
  KEY `bannerXCountry_idx` (`id_banner`)
) ENGINE=InnoDB DEFAULT CHARSET=utf8;

-- Volcando datos para la tabla tiens.bannerxcountry: ~29 rows (aproximadamente)
/*!40000 ALTER TABLE `bannerxcountry` DISABLE KEYS */;
INSERT INTO `bannerxcountry` (`id_country`, `id_banner`, `created_at`, `deleted_at`, `updated_at`) VALUES
	(1, 1, '2016-03-05 09:34:13', NULL, '2016-03-05 09:34:13'),
	(1, 3, '2016-03-07 13:56:04', NULL, '2016-03-07 13:56:04'),
	(1, 4, '2016-03-07 15:27:46', NULL, '2016-03-07 15:27:46'),
	(1, 9, '2016-03-07 15:44:38', NULL, '2016-03-07 15:44:38'),
	(1, 10, '2016-03-07 15:53:50', NULL, '2016-03-07 15:53:50'),
	(1, 11, '2016-03-07 18:52:25', NULL, '2016-03-07 18:52:25'),
	(1, 12, '2016-03-10 12:09:30', NULL, '2016-03-10 12:09:30'),
	(1, 15, '2016-03-28 21:05:45', NULL, '2016-03-28 21:05:45'),
	(1, 16, '2016-04-03 20:53:44', NULL, '2016-04-03 20:53:44'),
	(1, 17, '2016-03-30 00:43:39', NULL, '2016-03-30 00:43:39'),
	(1, 18, '2016-04-01 00:05:31', NULL, '2016-04-01 00:05:31'),
	(1, 19, '2016-04-02 17:13:54', NULL, '2016-04-02 17:13:54'),
	(1, 20, '2016-04-02 17:14:29', NULL, '2016-04-02 17:14:29'),
	(1, 21, '2016-04-02 17:15:22', NULL, '2016-04-02 17:15:22'),
	(1, 22, '2016-04-02 17:16:33', NULL, '2016-04-02 17:16:33'),
	(1, 23, '2016-04-02 17:16:59', NULL, '2016-04-02 17:16:59'),
	(1, 24, '2016-04-06 02:08:40', NULL, '2016-04-06 02:08:40'),
	(1, 25, '2016-04-03 20:52:44', NULL, '2016-04-03 20:52:44'),
	(1, 26, '2016-04-03 21:02:05', NULL, '2016-04-03 21:02:05'),
	(2, 1, '2016-03-05 09:34:13', NULL, '2016-03-05 09:34:13'),
	(2, 2, '2016-03-07 13:55:10', NULL, '2016-03-07 13:55:10'),
	(2, 12, '2016-03-10 12:09:30', NULL, '2016-03-10 12:09:30'),
	(2, 14, '2016-03-28 20:48:54', NULL, '2016-03-28 20:48:54'),
	(2, 24, '2016-04-06 02:08:42', NULL, '2016-04-06 02:08:42'),
	(3, 1, '2016-03-05 09:34:13', NULL, '2016-03-05 09:34:13'),
	(3, 24, '2016-04-06 02:08:42', NULL, '2016-04-06 02:08:42'),
	(4, 1, '2016-03-05 09:34:13', NULL, '2016-03-05 09:34:13'),
	(4, 12, '2016-03-10 12:09:30', NULL, '2016-03-10 12:09:30'),
	(5, 1, '2016-03-05 09:34:13', NULL, '2016-03-05 09:34:13');
/*!40000 ALTER TABLE `bannerxcountry` ENABLE KEYS */;


-- Volcando estructura para tabla tiens.contents
DROP TABLE IF EXISTS `contents`;
CREATE TABLE IF NOT EXISTS `contents` (
  `id` int(11) NOT NULL AUTO_INCREMENT,
  `title` varchar(45) DEFAULT NULL,
  `description` longtext,
  `created_at` timestamp NULL DEFAULT CURRENT_TIMESTAMP,
  `updated_at` timestamp NULL DEFAULT CURRENT_TIMESTAMP,
  `deleted_at` timestamp NULL DEFAULT NULL,
  PRIMARY KEY (`id`)
) ENGINE=InnoDB AUTO_INCREMENT=5 DEFAULT CHARSET=utf8 COMMENT='Tabla designada al manejo de los contenidos:\nQuienes somos\nVision\nMision\nValores';

-- Volcando datos para la tabla tiens.contents: ~4 rows (aproximadamente)
/*!40000 ALTER TABLE `contents` DISABLE KEYS */;
INSERT INTO `contents` (`id`, `title`, `description`, `created_at`, `updated_at`, `deleted_at`) VALUES
	(1, 'Misión', 'Quia voluptas sit aspernatur aut odit aut fugit, sed quia consequuntur magni dolores eos qui ratione voluptatem sequi nesciunt. Neque porro quisquam est, qui dolorem ipsum quia dolor sit amet', '2016-03-07 22:28:57', '2016-03-07 22:28:57', NULL),
	(2, 'Visión', 'Quia voluptas sit aspernatur aut odit aut fugit, sed quia consequuntur magni dolores eos qui ratione voluptatem sequi nesciunt. Neque porro quisquam est, qui dolorem ipsum quia dolor sit amet', '2016-03-07 22:28:57', '2016-03-07 22:28:57', NULL),
	(3, 'Valores', 'Quia voluptas sit aspernatur aut odit aut fugit, sed quia consequuntur magni dolores eos qui ratione voluptatem sequi nesciunt. Neque porro quisquam est, qui dolorem ipsum quia dolor sit amet', '2016-03-07 22:28:57', '2016-03-07 22:28:57', NULL),
	(4, 'Quienes Somos', 'Quia voluptas sit aspernatur aut odit aut fugit, sed quia consequuntur magni dolores eos qui ratione voluptatem sequi nesciunt. Neque porro quisquam est, qui dolorem ipsum quia dolor sit amet', '2016-03-07 22:28:57', '2016-03-08 03:29:04', NULL);
/*!40000 ALTER TABLE `contents` ENABLE KEYS */;


-- Volcando estructura para tabla tiens.countries
DROP TABLE IF EXISTS `countries`;
CREATE TABLE IF NOT EXISTS `countries` (
  `id` int(11) NOT NULL AUTO_INCREMENT,
  `name` varchar(45) DEFAULT NULL,
  `created_at` timestamp NOT NULL DEFAULT CURRENT_TIMESTAMP,
  `updated_at` timestamp NOT NULL DEFAULT CURRENT_TIMESTAMP,
  `hour_gap` int(11) DEFAULT NULL,
  PRIMARY KEY (`id`)
) ENGINE=InnoDB AUTO_INCREMENT=6 DEFAULT CHARSET=utf8;

-- Volcando datos para la tabla tiens.countries: ~5 rows (aproximadamente)
/*!40000 ALTER TABLE `countries` DISABLE KEYS */;
INSERT INTO `countries` (`id`, `name`, `created_at`, `updated_at`, `hour_gap`) VALUES
	(1, 'Perú', '2016-03-01 20:48:22', '2016-03-01 20:48:22', -5),
	(2, 'Chile', '2016-03-01 20:48:39', '2016-03-01 20:48:40', -3),
	(3, 'Colombia', '2016-03-01 20:48:52', '2016-03-01 20:48:53', -5),
	(4, 'Bolivia', '2016-03-01 20:49:00', '2016-03-01 20:49:00', -4),
	(5, 'Argentina', '2016-03-01 20:49:10', '2016-03-01 20:49:10', -3);
/*!40000 ALTER TABLE `countries` ENABLE KEYS */;


-- Volcando estructura para tabla tiens.documents
DROP TABLE IF EXISTS `documents`;
CREATE TABLE IF NOT EXISTS `documents` (
  `id` int(11) NOT NULL AUTO_INCREMENT,
  `original_name` longtext,
  `sessionMath` varchar(255) DEFAULT NULL,
  `size` double DEFAULT NULL COMMENT 'MB',
  `extension` varchar(5) DEFAULT NULL,
  `father_id` int(11) NOT NULL,
  `model_type` int(1) NOT NULL COMMENT '1 = gallery, 2 = training',
  `created_at` timestamp NULL DEFAULT CURRENT_TIMESTAMP,
  `deleted_at` timestamp NULL DEFAULT NULL,
  `updated_at` timestamp NULL DEFAULT CURRENT_TIMESTAMP,
  PRIMARY KEY (`id`),
  KEY `documentXtraining_idx` (`father_id`)
) ENGINE=InnoDB AUTO_INCREMENT=100 DEFAULT CHARSET=utf8;

-- Volcando datos para la tabla tiens.documents: ~95 rows (aproximadamente)
/*!40000 ALTER TABLE `documents` DISABLE KEYS */;
INSERT INTO `documents` (`id`, `original_name`, `sessionMath`, `size`, `extension`, `father_id`, `model_type`, `created_at`, `deleted_at`, `updated_at`) VALUES
	(5, '1ero.png', 'eyJpdiI6InZEMUM2a21FbTZ5ZVhmY3RLTWtFR3c9PSIsInZhbHVlIjoiak9oZStaQ2I4b1wvdExYZEdFWWt6T2c9PSIsIm1hYyI6IjZhOGRhMWVjYzY3YmNmYTZjOTE5ZWY3ZmQ5MTZmYTY0MjMyOWE1NjkzOGQ1ZmRlYjBmYjE1MDYyMzg1YmM5NmUifQ==', 0, 'png', 3, 1, '2016-03-18 04:32:40', '2016-03-18 05:58:40', '2016-03-18 05:58:40'),
	(6, 'AAEAAQAAAAAAAAHqAAAAJDc5YjRlYTExLWUzNDAtNGY5MS05YWFhLWEzYjhmZDBiZGQ3ZA.jpg', 'eyJpdiI6InZEMUM2a21FbTZ5ZVhmY3RLTWtFR3c9PSIsInZhbHVlIjoiak9oZStaQ2I4b1wvdExYZEdFWWt6T2c9PSIsIm1hYyI6IjZhOGRhMWVjYzY3YmNmYTZjOTE5ZWY3ZmQ5MTZmYTY0MjMyOWE1NjkzOGQ1ZmRlYjBmYjE1MDYyMzg1YmM5NmUifQ==', 0, 'jpg', 3, 1, '2016-03-18 04:32:42', '2016-03-18 04:45:06', '2016-03-18 04:45:06'),
	(7, 'AAEAAQAAAAAAAAHqAAAAJDc5YjRlYTExLWUzNDAtNGY5MS05YWFhLWEzYjhmZDBiZGQ3ZA.jpg', 'eyJpdiI6InZEMUM2a21FbTZ5ZVhmY3RLTWtFR3c9PSIsInZhbHVlIjoiak9oZStaQ2I4b1wvdExYZEdFWWt6T2c9PSIsIm1hYyI6IjZhOGRhMWVjYzY3YmNmYTZjOTE5ZWY3ZmQ5MTZmYTY0MjMyOWE1NjkzOGQ1ZmRlYjBmYjE1MDYyMzg1YmM5NmUifQ==', 0, 'jpg', 3, 1, '2016-03-18 04:45:39', '2016-03-18 05:58:41', '2016-03-18 05:58:41'),
	(8, 'perfect-day-for-the-puppy-with-the-stick.jpg', 'eyJpdiI6InZEMUM2a21FbTZ5ZVhmY3RLTWtFR3c9PSIsInZhbHVlIjoiak9oZStaQ2I4b1wvdExYZEdFWWt6T2c9PSIsIm1hYyI6IjZhOGRhMWVjYzY3YmNmYTZjOTE5ZWY3ZmQ5MTZmYTY0MjMyOWE1NjkzOGQ1ZmRlYjBmYjE1MDYyMzg1YmM5NmUifQ==', 0, 'jpg', 3, 1, '2016-03-18 04:45:41', '2016-03-18 04:53:21', '2016-03-18 04:53:21'),
	(9, '1ero.png', 'eyJpdiI6Ijk0djNQVDJEK2YyaXh4a1VEdUxcL3N3PT0iLCJ2YWx1ZSI6IlRXOElBTEdJejlaVjJtOTV6VWx1QVE9PSIsIm1hYyI6ImJkOTdhODlmOGRiYjBkY2YyYzA3NjNlNGFhYTc3ZjViYTRhZTQxNDQxYjA3MGJmNjExNTExNDJkNDg3YjQyMTcifQ==', 0, 'png', 0, 1, '2016-03-18 05:01:32', NULL, '2016-03-18 05:01:32'),
	(10, 'AAEAAQAAAAAAAAHqAAAAJDc5YjRlYTExLWUzNDAtNGY5MS05YWFhLWEzYjhmZDBiZGQ3ZA.jpg', 'eyJpdiI6Ijk0djNQVDJEK2YyaXh4a1VEdUxcL3N3PT0iLCJ2YWx1ZSI6IlRXOElBTEdJejlaVjJtOTV6VWx1QVE9PSIsIm1hYyI6ImJkOTdhODlmOGRiYjBkY2YyYzA3NjNlNGFhYTc3ZjViYTRhZTQxNDQxYjA3MGJmNjExNTExNDJkNDg3YjQyMTcifQ==', 0, 'jpg', 0, 1, '2016-03-18 05:04:48', NULL, '2016-03-18 05:04:48'),
	(11, '1ero.png', 'eyJpdiI6IllLN0FGaWZqUUhQSEh5QUt2K085UFE9PSIsInZhbHVlIjoiMm44azB4eE5Dcm5WUVg2bUZHVjdtZz09IiwibWFjIjoiNWZhY2IzMzNhZDFmYWNmOTEwNWJjN2MzYmZlMGVkZTUxMjk3MjA5NjFiOTJlOTk2OTA4YTc2NjFmYmQ2NWY0MyJ9', 0, 'png', 0, 1, '2016-03-18 05:05:59', NULL, '2016-03-18 05:05:59'),
	(12, '1ero.png', 'eyJpdiI6InNUVjlFMzR5MER4TjE5Z2VpQTlITFE9PSIsInZhbHVlIjoiMkZpRkVaa0xNRE9ySU45c1RoalFGZz09IiwibWFjIjoiNDgwZGRmYzgzNTM0NDkyZGJlZjAyMmI2ZTQxMmFmM2I1ZWVjYjVjNjVkMDFkZjU0YTg0M2YwNTMzMmQyMmE2MiJ9', 0, 'png', 0, 1, '2016-03-18 05:11:35', NULL, '2016-03-18 05:11:35'),
	(13, '1ero.png', 'eyJpdiI6IkJucVVZVGw1alVudUpFZ2lVQ0VxYlE9PSIsInZhbHVlIjoiM2l1RDBUdWVlZ05IVFA1Y0ZHQ05Zdz09IiwibWFjIjoiYzI3MTZlMTkzNjlkNTEwM2M3OWZiNzQzYjhkMTdlMmEzMWViNzg1YWEwYmE5NDRhZTNkODQ4MjA0NzI1OWJkYSJ9', 0, 'png', 0, 1, '2016-03-18 05:12:51', NULL, '2016-03-18 05:12:51'),
	(14, '1ero.png', 'eyJpdiI6Im1OUmsrZHpibFgwNHE3YUlWR3hHU2c9PSIsInZhbHVlIjoiSXVBRFNyWXBnVzd1VzJJVFBXKzBNQT09IiwibWFjIjoiOTA1MmQxMzRhODEzOTllNTIxNmJhMGVlM2RhYjRlMTBjNjdjOGU4N2FhNjY4YmNmNTU4ZGQ4YTk1MTVmYzA2YSJ9', 0, 'png', 0, 1, '2016-03-18 05:28:15', NULL, '2016-03-18 05:28:15'),
	(15, '1ero.png', 'eyJpdiI6Ik8xU3JLbUkyM21hbE5xcDRFWE1RN0E9PSIsInZhbHVlIjoiRTRHXC9uYjBOdXJ5Uk85TGdlWWtvZUE9PSIsIm1hYyI6IjQ2ZWU3ZDU0MDkwYjZkMWZmZmY1MDljOWQwYWUyNDllNDZmMDI0Yjk3ODE5YWUyNjJiMjdkZjhiN2EyMTg5N2EifQ==', 0, 'png', 0, 1, '2016-03-18 05:28:43', NULL, '2016-03-18 05:28:43'),
	(16, '1ero.png', 'eyJpdiI6ImpBMmFMR0FiZ2xlYUZqV2FkSmczTnc9PSIsInZhbHVlIjoicFFtd1pNU2V6UzJnRWloNFJDNFlWZz09IiwibWFjIjoiMDhhNjIyNWEzYTE1YTlmY2ZiNTNmM2MzMWVmZjIxYTI3NTc4N2U2MzBlOTBhY2Y3MzYxMTBkNmViZTc0N2M2NCJ9', 0, 'png', 0, 1, '2016-03-18 05:29:01', NULL, '2016-03-18 05:29:01'),
	(17, '1ero.png', 'eyJpdiI6IjFTSU84VGFBNkpcL051SmdkbzNXZFdBPT0iLCJ2YWx1ZSI6IlYrc1RlaFppaG8yRDdLWW1CTkRUU2c9PSIsIm1hYyI6IjZlMzkwNDEwZDg4NTQyODljYzRiNTA4YTI3ZGFmZTdmYWQ2NjZhYmZhNmIyOGViNDE1NDBlZGJkNDYzODNmZjIifQ==', 0, 'png', 0, 1, '2016-03-18 05:55:16', NULL, '2016-03-18 05:55:16'),
	(18, 'AAEAAQAAAAAAAAHqAAAAJDc5YjRlYTExLWUzNDAtNGY5MS05YWFhLWEzYjhmZDBiZGQ3ZA.jpg', 'eyJpdiI6IkRzXC9PT2YyeWZNb3BkWkEwSXByOE1nPT0iLCJ2YWx1ZSI6Im9QN0hOY2YwNWxTKzFkUDAwbEVIY1E9PSIsIm1hYyI6IjU4YWQxNWQzZjg5MzE3Y2YwNmRlZDA2NWJjMjFmYWYxZDZkNDFmMjUzMjE3ZGIwYzc4OGZlNWY0M2M0ZGNlZTEifQ==', 0, 'jpg', 0, 1, '2016-03-18 05:56:12', NULL, '2016-03-18 05:56:12'),
	(19, '1ero.png', 'eyJpdiI6InNqR1I0YWhRSldMSW1FamRyNnN4ZUE9PSIsInZhbHVlIjoiYWVXQ0o4SmVpRHRReGdNTmluV1o4Zz09IiwibWFjIjoiZDU0ZTcwNDJjNWRmODVhYWVlNWE1ZTExNTA2MjFmMDJlNjZkY2FlODE3ZjU3NTUxN2MwMjZiNjJlNTNhZjZkNCJ9', 0, 'png', 0, 1, '2016-03-18 05:56:31', NULL, '2016-03-18 05:56:31'),
	(20, '1ero.png', 'eyJpdiI6IkNRbkVTcVdSaWR3ZzFRbURzRTlEbmc9PSIsInZhbHVlIjoick1ZOTlodk9MWktyUStjS3FUc1BzZz09IiwibWFjIjoiNzFlYTI0ZGEyMjhkZjQxNjIwY2ExMDg4MDFkZTJmZGMwODYyMzUwNDZjYTQ0ZmMwMjk4YTg1M2MyMWEyMzZhYiJ9', 0, 'png', 0, 1, '2016-03-18 05:57:32', '2016-03-18 05:57:33', '2016-03-18 05:57:33'),
	(21, '1ero.png', 'eyJpdiI6InpUTEkxTkhhXC9JUVRYZ1JMQksrbUpBPT0iLCJ2YWx1ZSI6ImRCeENVRFJqbTZ3Wkl0RWVZOVhtUWc9PSIsIm1hYyI6IjllYTgxNzZlMmVkNzFmMjAyMWYxOWRkNTI2YWRkZTg5MjQ0NjVjN2UwZDYwNGM5MDFkMDVjNDQ2MmJmMzQ3YmUifQ==', 0, 'png', 0, 1, '2016-03-18 05:58:06', '2016-03-18 05:58:07', '2016-03-18 05:58:07'),
	(22, 'GoldCompadresPin.jpg', 'eyJpdiI6InpUTEkxTkhhXC9JUVRYZ1JMQksrbUpBPT0iLCJ2YWx1ZSI6ImRCeENVRFJqbTZ3Wkl0RWVZOVhtUWc9PSIsIm1hYyI6IjllYTgxNzZlMmVkNzFmMjAyMWYxOWRkNTI2YWRkZTg5MjQ0NjVjN2UwZDYwNGM5MDFkMDVjNDQ2MmJmMzQ3YmUifQ==', 0, 'jpg', 0, 1, '2016-03-18 05:58:18', '2016-03-18 05:58:19', '2016-03-18 05:58:19'),
	(23, '1ero.png', 'eyJpdiI6InZEMUM2a21FbTZ5ZVhmY3RLTWtFR3c9PSIsInZhbHVlIjoiak9oZStaQ2I4b1wvdExYZEdFWWt6T2c9PSIsIm1hYyI6IjZhOGRhMWVjYzY3YmNmYTZjOTE5ZWY3ZmQ5MTZmYTY0MjMyOWE1NjkzOGQ1ZmRlYjBmYjE1MDYyMzg1YmM5NmUifQ==', 0, 'png', 0, 1, '2016-03-18 06:02:01', '2016-03-18 06:02:03', '2016-03-18 06:02:03'),
	(24, 'pi_of_the_tiger_by_purrprinthom-d318cvn.png.jpg', 'eyJpdiI6InZEMUM2a21FbTZ5ZVhmY3RLTWtFR3c9PSIsInZhbHVlIjoiak9oZStaQ2I4b1wvdExYZEdFWWt6T2c9PSIsIm1hYyI6IjZhOGRhMWVjYzY3YmNmYTZjOTE5ZWY3ZmQ5MTZmYTY0MjMyOWE1NjkzOGQ1ZmRlYjBmYjE1MDYyMzg1YmM5NmUifQ==', 0, 'jpg', 3, 1, '2016-03-18 06:02:06', '2016-03-18 06:06:46', '2016-03-18 06:06:46'),
	(25, 'AAEAAQAAAAAAAAHqAAAAJDc5YjRlYTExLWUzNDAtNGY5MS05YWFhLWEzYjhmZDBiZGQ3ZA.jpg', 'eyJpdiI6InZEMUM2a21FbTZ5ZVhmY3RLTWtFR3c9PSIsInZhbHVlIjoiak9oZStaQ2I4b1wvdExYZEdFWWt6T2c9PSIsIm1hYyI6IjZhOGRhMWVjYzY3YmNmYTZjOTE5ZWY3ZmQ5MTZmYTY0MjMyOWE1NjkzOGQ1ZmRlYjBmYjE1MDYyMzg1YmM5NmUifQ==', 0, 'jpg', 0, 1, '2016-03-18 06:06:07', '2016-03-18 06:06:45', '2016-03-18 06:06:45'),
	(26, 'perfect-day-for-the-puppy-with-the-stick.jpg', 'eyJpdiI6InZEMUM2a21FbTZ5ZVhmY3RLTWtFR3c9PSIsInZhbHVlIjoiak9oZStaQ2I4b1wvdExYZEdFWWt6T2c9PSIsIm1hYyI6IjZhOGRhMWVjYzY3YmNmYTZjOTE5ZWY3ZmQ5MTZmYTY0MjMyOWE1NjkzOGQ1ZmRlYjBmYjE1MDYyMzg1YmM5NmUifQ==', 0, 'jpg', 0, 1, '2016-03-18 06:06:43', '2016-03-18 06:06:44', '2016-03-18 06:06:44'),
	(27, 'AAEAAQAAAAAAAAHqAAAAJDc5YjRlYTExLWUzNDAtNGY5MS05YWFhLWEzYjhmZDBiZGQ3ZA.jpg', 'eyJpdiI6InZEMUM2a21FbTZ5ZVhmY3RLTWtFR3c9PSIsInZhbHVlIjoiak9oZStaQ2I4b1wvdExYZEdFWWt6T2c9PSIsIm1hYyI6IjZhOGRhMWVjYzY3YmNmYTZjOTE5ZWY3ZmQ5MTZmYTY0MjMyOWE1NjkzOGQ1ZmRlYjBmYjE1MDYyMzg1YmM5NmUifQ==', 0, 'jpg', 3, 1, '2016-03-18 06:06:54', NULL, '2016-03-18 17:31:09'),
	(28, 'GoldCompadresPin.jpg', 'eyJpdiI6InZEMUM2a21FbTZ5ZVhmY3RLTWtFR3c9PSIsInZhbHVlIjoiak9oZStaQ2I4b1wvdExYZEdFWWt6T2c9PSIsIm1hYyI6IjZhOGRhMWVjYzY3YmNmYTZjOTE5ZWY3ZmQ5MTZmYTY0MjMyOWE1NjkzOGQ1ZmRlYjBmYjE1MDYyMzg1YmM5NmUifQ==', 0, 'jpg', 3, 1, '2016-03-18 06:06:58', NULL, '2016-03-18 17:31:09'),
	(29, 'AAEAAQAAAAAAAAHqAAAAJDc5YjRlYTExLWUzNDAtNGY5MS05YWFhLWEzYjhmZDBiZGQ3ZA.jpg', 'eyJpdiI6IkJoa1BjSnFUcEVYNFFGeFR2WE5hWXc9PSIsInZhbHVlIjoiT0Fscys2bzl1UE9qWnhPMm1qWmIwdz09IiwibWFjIjoiMmQ5NThkM2IzMWFhY2IyYjA3OGQ0OWZiNDlhMTQyMDQzYzY5Y2MzZWNiYjRmNzYyNDMwYmVhMzNhMmY3ZDcyMSJ9', 0.16, 'jpg', 2, 2, '2016-03-18 06:17:35', NULL, '2016-03-18 06:17:37'),
	(30, 'Base de datos1.accdb', 'eyJpdiI6IkJYZ3hnQVhOR3JXR05EZkFLaFBPeHc9PSIsInZhbHVlIjoiNFZMZTQ4WEhsbFlNeHNsS0RxQVRhZz09IiwibWFjIjoiZjljYTc1YmFlNTE4MmIxNWY4Njc1YzkwYzU2NmQwYmQ2MGNjYmM3NzY4OTJhNDA5YTk2NDU5ZmMyYzE1YzZmNyJ9', 0.5, 'accdb', 0, 2, '2016-03-18 17:28:29', NULL, '2016-03-18 17:28:29'),
	(31, 'aScTimeTables.exe', 'eyJpdiI6IkJYZ3hnQVhOR3JXR05EZkFLaFBPeHc9PSIsInZhbHVlIjoiNFZMZTQ4WEhsbFlNeHNsS0RxQVRhZz09IiwibWFjIjoiZjljYTc1YmFlNTE4MmIxNWY4Njc1YzkwYzU2NmQwYmQ2MGNjYmM3NzY4OTJhNDA5YTk2NDU5ZmMyYzE1YzZmNyJ9', 15.74, 'exe', 0, 2, '2016-03-18 17:28:45', NULL, '2016-03-18 17:28:45'),
	(32, 'perfect-day-for-the-puppy-with-the-stick.jpg', 'eyJpdiI6InZEMUM2a21FbTZ5ZVhmY3RLTWtFR3c9PSIsInZhbHVlIjoiak9oZStaQ2I4b1wvdExYZEdFWWt6T2c9PSIsIm1hYyI6IjZhOGRhMWVjYzY3YmNmYTZjOTE5ZWY3ZmQ5MTZmYTY0MjMyOWE1NjkzOGQ1ZmRlYjBmYjE1MDYyMzg1YmM5NmUifQ==', 0, 'jpg', 3, 1, '2016-03-18 17:31:24', NULL, '2016-04-01 05:03:23'),
	(33, '1ero.png', 'eyJpdiI6ImRWNWU4MHJrU1Y2aDh4NEhIZCsrWXc9PSIsInZhbHVlIjoiNTZyQnhqTmNNYktMWGdPVUFZUTdBZz09IiwibWFjIjoiMDRkYjllMTRmYTEyMDU4OGEwOTE0Mzg0Y2U5Yjg4YjAyNjc0YjIyM2I0NmFmOTM5YjQ2MDRiNTc5ZDAzNmJkYiJ9', 0.32, 'png', 0, 2, '2016-03-19 08:30:57', NULL, '2016-03-19 08:30:57'),
	(34, 'GoldCompadresPin.jpg', 'eyJpdiI6ImRWNWU4MHJrU1Y2aDh4NEhIZCsrWXc9PSIsInZhbHVlIjoiNTZyQnhqTmNNYktMWGdPVUFZUTdBZz09IiwibWFjIjoiMDRkYjllMTRmYTEyMDU4OGEwOTE0Mzg0Y2U5Yjg4YjAyNjc0YjIyM2I0NmFmOTM5YjQ2MDRiNTc5ZDAzNmJkYiJ9', 0.05, 'jpg', 0, 2, '2016-03-19 08:30:59', NULL, '2016-03-19 08:30:59'),
	(35, 'AAEAAQAAAAAAAAHqAAAAJDc5YjRlYTExLWUzNDAtNGY5MS05YWFhLWEzYjhmZDBiZGQ3ZA.jpg', 'eyJpdiI6ImRWNWU4MHJrU1Y2aDh4NEhIZCsrWXc9PSIsInZhbHVlIjoiNTZyQnhqTmNNYktMWGdPVUFZUTdBZz09IiwibWFjIjoiMDRkYjllMTRmYTEyMDU4OGEwOTE0Mzg0Y2U5Yjg4YjAyNjc0YjIyM2I0NmFmOTM5YjQ2MDRiNTc5ZDAzNmJkYiJ9', 0.16, 'jpg', 0, 2, '2016-03-19 08:32:39', NULL, '2016-03-19 08:32:39'),
	(36, '1ero.png', 'eyJpdiI6IjVKZmVNN1wvaUlrekpvM3UxUFwvbFwvN1E9PSIsInZhbHVlIjoiaGVjVWNEMmhreDdJazBnb3ZcL28xa1E9PSIsIm1hYyI6IjlmNGJkN2YzNWEwZjE2Yjk2ZmNhMzVlYjM3YjllYzRlMzU2NjQzMGQzYTY1YzQ3ZjI4MzkyODQ4OGMzZjllNmYifQ==', 0.32, 'png', 0, 2, '2016-03-19 08:37:54', NULL, '2016-03-19 08:37:54'),
	(37, '1ero.png', 'eyJpdiI6IjgwcWQrUEk0QlNtbmNxazcwNlp5TWc9PSIsInZhbHVlIjoianoweUhjVXlIS3dHV0V3TnVWdGpYQT09IiwibWFjIjoiOTM2ZTgxNDU4NmU3NmRmODM2Y2Y5NDg1NGE5ZWRkM2UwNGUwMDhhOGY0ZmE0ZWNjZWQxMWYyMGZiZTA4YmVkZSJ9', 0.32, 'png', 0, 2, '2016-03-19 08:38:16', NULL, '2016-03-19 08:38:16'),
	(38, '1ero.png', 'eyJpdiI6IjhsMzgyQzI0bVVJTGo3NWR0N3Q2dmc9PSIsInZhbHVlIjoieDhVb0Q5TnUyd25vRW9JdWpMNDgxZz09IiwibWFjIjoiMzljM2E5NDIzNzM5Y2YzMTg0ZTYwZDAzYTU5ZmE3ZjYwYWUwYWZlNjg2MWZlMWFlNjFjNTkxNGQ4ZTk5YzhhZCJ9', 0.32, 'png', 0, 2, '2016-03-19 08:41:24', NULL, '2016-03-19 08:41:24'),
	(39, '1ero.png', 'eyJpdiI6IkVYKzRuRnJJRTd6SmJlZTJhRTVBMWc9PSIsInZhbHVlIjoidm5vWnZiMGtVMzhqbTdDVDRGRFMyQT09IiwibWFjIjoiYTI1M2YyOTUxYjJhZGI5MTA5YjAwYWExOTc2MWE3OTg1YWRiMzMwYTk0MmRlODkyNGIyNzIwMmZiNjAyN2FiMSJ9', 0.32, 'png', 0, 2, '2016-03-19 08:41:48', NULL, '2016-03-19 08:41:48'),
	(40, '1ero.png', 'eyJpdiI6IkJYZGNJY3ViWEZGejE3cHdSNEhEV0E9PSIsInZhbHVlIjoid1htR0o3Z01kM3JwN0VURkkxQmkyUT09IiwibWFjIjoiNDczNTJkOWNhZjhhYzAzZjE0YTdkMzQ4YWFjNWU3OWI1MmI1MGMzZGIzM2M2ZDVkZWVlMGVmNDE0ZTRmYWVhMiJ9', 0.32, 'png', 0, 2, '2016-03-19 08:43:04', '2016-03-19 08:43:11', '2016-03-19 08:43:11'),
	(41, 'AAEAAQAAAAAAAAHqAAAAJDc5YjRlYTExLWUzNDAtNGY5MS05YWFhLWEzYjhmZDBiZGQ3ZA.jpg', 'eyJpdiI6IkJYZGNJY3ViWEZGejE3cHdSNEhEV0E9PSIsInZhbHVlIjoid1htR0o3Z01kM3JwN0VURkkxQmkyUT09IiwibWFjIjoiNDczNTJkOWNhZjhhYzAzZjE0YTdkMzQ4YWFjNWU3OWI1MmI1MGMzZGIzM2M2ZDVkZWVlMGVmNDE0ZTRmYWVhMiJ9', 0.16, 'jpg', 0, 2, '2016-03-19 08:43:23', NULL, '2016-03-19 08:43:23'),
	(42, 'AAEAAQAAAAAAAAHqAAAAJDc5YjRlYTExLWUzNDAtNGY5MS05YWFhLWEzYjhmZDBiZGQ3ZA.jpg', 'eyJpdiI6ImI3UHRyUHAramxJNnBaeFhLNU1HZ0E9PSIsInZhbHVlIjoiaGVvY3JEZzlCckhQdUlxTWRvSjRzQT09IiwibWFjIjoiZmRjNmM4OWNhNzNkOWQ0MTgwZjRiZTA4MDgxMWY5NWMwZjhjZmIwY2E4M2MzZmM2YTVkYjA0MWQzOWJmNjczMSJ9', 0.16, 'jpg', 0, 2, '2016-03-19 08:43:45', '2016-03-19 08:43:46', '2016-03-19 08:43:46'),
	(43, '1ero.png', 'eyJpdiI6IldiSFp5ZnM0M1ltUkR3cWYzSDk0VHc9PSIsInZhbHVlIjoiVFwvUytJajBmUWRoV2VxcXV0ZWIzM0E9PSIsIm1hYyI6IjQ5ODhiMDg0ZjU4NTZjN2E0MDE0ZmE0Njc0MTg1OWJmYTYzYWY3NTVhMjkwMWIyZmU4YjZjYTk1Yjc4MGUzOTIifQ==', 0.32, 'png', 0, 2, '2016-03-19 08:44:14', '2016-03-19 08:44:26', '2016-03-19 08:44:26'),
	(44, '1ero.png', 'eyJpdiI6IlhwNE5EbUwrWG1ZZXJ3dDNCSmNnY3c9PSIsInZhbHVlIjoiZUtSOFBMSjQwQU9BVkNJV0pOd1hsQT09IiwibWFjIjoiZTkyN2Y2OWVhMzcwZDllYmMyOTFhNzMzMzk0ZjY2MGEyMzFkNmU4N2Q1MWY4ODk4MDJjODg1YTE2ZDU1ZTA2ZiJ9', 0.32, 'png', 0, 2, '2016-03-19 08:44:49', '2016-03-19 08:44:52', '2016-03-19 08:44:52'),
	(45, '1ero.png', 'eyJpdiI6InpLUG5mYVRuYkhcLzM0dUdWYzRZNnBBPT0iLCJ2YWx1ZSI6ImdKRkNcL0JvWVNlZlNpb2JXVldTOENBPT0iLCJtYWMiOiI0NDczNzhlZjkzZDA5NDFjMDAxYzRiNmMwYzk1NzQ0ZDlhOTU0MzkzNjUyYmIzNGQyOTQwZjE2YzFjOWE4OTY5In0=', 0.32, 'png', 0, 2, '2016-03-19 08:45:23', '2016-03-19 08:45:25', '2016-03-19 08:45:25'),
	(46, '1ero.png', 'eyJpdiI6ImJjXC9wNHkrb0VNb0FsdVJMNVJjSXVBPT0iLCJ2YWx1ZSI6ImQ1ckxQaTFibFJjYjdQWXNpczNvN0E9PSIsIm1hYyI6IjAwNGNiZWIyZTAxZWVjYTgwYTJiMGM4MGJjZjQ2NWI1OTVjYTk4MGJjMzE4YmUzMzg1NGQ2MjM1OWVkYWQwOGEifQ==', 0, 'png', 4, 1, '2016-03-20 23:26:07', NULL, '2016-03-20 23:26:20'),
	(47, '1063.jpg', 'eyJpdiI6ImJjXC9wNHkrb0VNb0FsdVJMNVJjSXVBPT0iLCJ2YWx1ZSI6ImQ1ckxQaTFibFJjYjdQWXNpczNvN0E9PSIsIm1hYyI6IjAwNGNiZWIyZTAxZWVjYTgwYTJiMGM4MGJjZjQ2NWI1OTVjYTk4MGJjMzE4YmUzMzg1NGQ2MjM1OWVkYWQwOGEifQ==', 0, 'jpg', 4, 1, '2016-03-20 23:26:10', NULL, '2016-03-20 23:26:20'),
	(48, 'AAEAAQAAAAAAAAHqAAAAJDc5YjRlYTExLWUzNDAtNGY5MS05YWFhLWEzYjhmZDBiZGQ3ZA.jpg', 'eyJpdiI6ImJjXC9wNHkrb0VNb0FsdVJMNVJjSXVBPT0iLCJ2YWx1ZSI6ImQ1ckxQaTFibFJjYjdQWXNpczNvN0E9PSIsIm1hYyI6IjAwNGNiZWIyZTAxZWVjYTgwYTJiMGM4MGJjZjQ2NWI1OTVjYTk4MGJjMzE4YmUzMzg1NGQ2MjM1OWVkYWQwOGEifQ==', 0, 'jpg', 4, 1, '2016-03-20 23:26:11', NULL, '2016-03-20 23:26:21'),
	(49, 'GoldCompadresPin.jpg', 'eyJpdiI6ImJjXC9wNHkrb0VNb0FsdVJMNVJjSXVBPT0iLCJ2YWx1ZSI6ImQ1ckxQaTFibFJjYjdQWXNpczNvN0E9PSIsIm1hYyI6IjAwNGNiZWIyZTAxZWVjYTgwYTJiMGM4MGJjZjQ2NWI1OTVjYTk4MGJjMzE4YmUzMzg1NGQ2MjM1OWVkYWQwOGEifQ==', 0, 'jpg', 4, 1, '2016-03-20 23:26:13', NULL, '2016-03-20 23:26:21'),
	(50, '28032016.xlsx', 'eyJpdiI6Ilh4aTBrQzFFSGJSSXdSbUtTSVVBNkE9PSIsInZhbHVlIjoiZTJqdEZSRThYaXJNb3VxZlVNcmpYUT09IiwibWFjIjoiYjVhODMxOWQyZjcwODI5MTQ1YmRhNzg2NDdjMGY4YjhmNDRhNWQ4MTI1NGM5NWM5YjczYjhjZmI2OTA0Y2E2NSJ9', 0.02, 'xlsx', 0, 2, '2016-03-29 18:37:33', NULL, '2016-03-29 18:37:33'),
	(51, '1ero.png', 'eyJpdiI6InRmeGFZR0t3OCtmV0FLRTZXN0ZWQkE9PSIsInZhbHVlIjoiUnFUYzZURmpaN2R1a2lPbWo0djVFZz09IiwibWFjIjoiNTE1NGQzNjQzMzM2OTI5NTI1MjlkZjRhMzJmNTAwOGU4MTg3YmI3NTI2NWQzNTQ5ZmExM2ZkNzVjMGM0MjZkNiJ9', 0.32, 'png', 2, 2, '2016-03-31 15:57:54', NULL, '2016-03-31 15:59:20'),
	(52, 'perfect-day-for-the-puppy-with-the-stick.jpg', 'eyJpdiI6InRmeGFZR0t3OCtmV0FLRTZXN0ZWQkE9PSIsInZhbHVlIjoiUnFUYzZURmpaN2R1a2lPbWo0djVFZz09IiwibWFjIjoiNTE1NGQzNjQzMzM2OTI5NTI1MjlkZjRhMzJmNTAwOGU4MTg3YmI3NTI2NWQzNTQ5ZmExM2ZkNzVjMGM0MjZkNiJ9', 0.04, 'jpg', 2, 2, '2016-03-31 15:57:54', NULL, '2016-03-31 15:59:20'),
	(53, '1063.jpg', 'eyJpdiI6InRmeGFZR0t3OCtmV0FLRTZXN0ZWQkE9PSIsInZhbHVlIjoiUnFUYzZURmpaN2R1a2lPbWo0djVFZz09IiwibWFjIjoiNTE1NGQzNjQzMzM2OTI5NTI1MjlkZjRhMzJmNTAwOGU4MTg3YmI3NTI2NWQzNTQ5ZmExM2ZkNzVjMGM0MjZkNiJ9', 0.04, 'jpg', 2, 2, '2016-03-31 15:57:55', NULL, '2016-03-31 15:59:20'),
	(54, 'AULAS.pdf', 'eyJpdiI6IlJyQnVUVWxuNzJYdzB4dzE2UHo0RGc9PSIsInZhbHVlIjoiQVwvNGNqV3UwYUtuREJoSWJKdHU5V3c9PSIsIm1hYyI6ImM4NGM3Y2RkYzNlNjBlZGI3NmY4ZjY5NTg0YmI1ZDEwMmY5NDUxODk4ZTNkODk0ZWFkMDcwOGI0NDYwMDE1MzMifQ==', 0.09, 'pdf', 3, 2, '2016-03-31 15:59:53', NULL, '2016-03-31 15:59:54'),
	(55, 'AULAS.pdf', 'eyJpdiI6InZ4WlhKVmdNb0N2d3Q1ZjJ6dHpyWmc9PSIsInZhbHVlIjoiMDhGRG5kdGNhYWhKVUFOME9pbHBFQT09IiwibWFjIjoiZmI1ZDM0NDFkM2QyNTNiMDIzZDc0ZWUyNTE2ODE1ZDY4MjQ4MWZlYjNlYWJlZDdkOWVkMWJkYmYwMTQ3MGIxMSJ9', 0.09, 'pdf', 4, 2, '2016-03-31 16:00:41', NULL, '2016-03-31 16:00:43'),
	(56, '1ero.png', 'eyJpdiI6IkVZRFk5NUFoT1JIdWF6QlB0N1M5elE9PSIsInZhbHVlIjoiZGtUVXNscGJFdkN2T3IwakFcL0xlZ3c9PSIsIm1hYyI6ImI0ODU4M2JmNDk1MDk3NjliN2VkYWJjNjE4YTM0Y2I2MjgyZTQxNjAzMmViNmUyY2M4ZDM3ZTY4ZDEyMDUwNzQifQ==', 0, 'png', 0, 0, '2016-04-01 04:53:26', NULL, '2016-04-01 04:53:26'),
	(57, '1ero.png', 'eyJpdiI6IkVZRFk5NUFoT1JIdWF6QlB0N1M5elE9PSIsInZhbHVlIjoiZGtUVXNscGJFdkN2T3IwakFcL0xlZ3c9PSIsIm1hYyI6ImI0ODU4M2JmNDk1MDk3NjliN2VkYWJjNjE4YTM0Y2I2MjgyZTQxNjAzMmViNmUyY2M4ZDM3ZTY4ZDEyMDUwNzQifQ==', 0, 'png', 0, 0, '2016-04-01 04:53:35', NULL, '2016-04-01 04:53:35'),
	(58, 'AULAS.pdf', 'eyJpdiI6IkVZRFk5NUFoT1JIdWF6QlB0N1M5elE9PSIsInZhbHVlIjoiZGtUVXNscGJFdkN2T3IwakFcL0xlZ3c9PSIsIm1hYyI6ImI0ODU4M2JmNDk1MDk3NjliN2VkYWJjNjE4YTM0Y2I2MjgyZTQxNjAzMmViNmUyY2M4ZDM3ZTY4ZDEyMDUwNzQifQ==', 0, 'pdf', 0, 0, '2016-04-01 04:53:52', NULL, '2016-04-01 04:53:52'),
	(59, '1ero.png', 'eyJpdiI6IlwvaFhsU2VOMlJvZnAwQTR3cGhKZ1NnPT0iLCJ2YWx1ZSI6ImRyXC9jR3kyejdidzJjZEhkM1lcL3Rldz09IiwibWFjIjoiNzExNzMzNjc0OTJkOWU4NDY2MGQ3NDk1NGE4YjIzMzIwYzg1YzFhMDE3OWUxNDY5MmM5ZGJkN2VlNDZhYmI5MiJ9', 0.32, 'png', 5, 2, '2016-04-01 04:54:30', NULL, '2016-04-01 04:54:39'),
	(60, '1063.jpg', 'eyJpdiI6IlwvaFhsU2VOMlJvZnAwQTR3cGhKZ1NnPT0iLCJ2YWx1ZSI6ImRyXC9jR3kyejdidzJjZEhkM1lcL3Rldz09IiwibWFjIjoiNzExNzMzNjc0OTJkOWU4NDY2MGQ3NDk1NGE4YjIzMzIwYzg1YzFhMDE3OWUxNDY5MmM5ZGJkN2VlNDZhYmI5MiJ9', 0.04, 'jpg', 5, 2, '2016-04-01 04:54:33', NULL, '2016-04-01 04:54:40'),
	(61, 'AAEAAQAAAAAAAAHqAAAAJDc5YjRlYTExLWUzNDAtNGY5MS05YWFhLWEzYjhmZDBiZGQ3ZA.jpg', 'eyJpdiI6IlwvaFhsU2VOMlJvZnAwQTR3cGhKZ1NnPT0iLCJ2YWx1ZSI6ImRyXC9jR3kyejdidzJjZEhkM1lcL3Rldz09IiwibWFjIjoiNzExNzMzNjc0OTJkOWU4NDY2MGQ3NDk1NGE4YjIzMzIwYzg1YzFhMDE3OWUxNDY5MmM5ZGJkN2VlNDZhYmI5MiJ9', 0.16, 'jpg', 5, 2, '2016-04-01 04:54:36', NULL, '2016-04-01 04:54:40'),
	(62, 'GoldCompadresPin.jpg', 'eyJpdiI6IlwvaFhsU2VOMlJvZnAwQTR3cGhKZ1NnPT0iLCJ2YWx1ZSI6ImRyXC9jR3kyejdidzJjZEhkM1lcL3Rldz09IiwibWFjIjoiNzExNzMzNjc0OTJkOWU4NDY2MGQ3NDk1NGE4YjIzMzIwYzg1YzFhMDE3OWUxNDY5MmM5ZGJkN2VlNDZhYmI5MiJ9', 0, 'jpg', 5, 0, '2016-04-01 04:55:05', NULL, '2016-04-01 05:03:05'),
	(63, '1ero.png', 'eyJpdiI6IlwvaFhsU2VOMlJvZnAwQTR3cGhKZ1NnPT0iLCJ2YWx1ZSI6ImRyXC9jR3kyejdidzJjZEhkM1lcL3Rldz09IiwibWFjIjoiNzExNzMzNjc0OTJkOWU4NDY2MGQ3NDk1NGE4YjIzMzIwYzg1YzFhMDE3OWUxNDY5MmM5ZGJkN2VlNDZhYmI5MiJ9', 0, 'png', 5, 0, '2016-04-01 04:55:19', NULL, '2016-04-01 05:03:05'),
	(64, '1ero.png', 'eyJpdiI6IlwvaFhsU2VOMlJvZnAwQTR3cGhKZ1NnPT0iLCJ2YWx1ZSI6ImRyXC9jR3kyejdidzJjZEhkM1lcL3Rldz09IiwibWFjIjoiNzExNzMzNjc0OTJkOWU4NDY2MGQ3NDk1NGE4YjIzMzIwYzg1YzFhMDE3OWUxNDY5MmM5ZGJkN2VlNDZhYmI5MiJ9', 0, 'png', 5, 0, '2016-04-01 04:55:54', NULL, '2016-04-01 05:03:05'),
	(65, '1ero.png', 'eyJpdiI6InZEMUM2a21FbTZ5ZVhmY3RLTWtFR3c9PSIsInZhbHVlIjoiak9oZStaQ2I4b1wvdExYZEdFWWt6T2c9PSIsIm1hYyI6IjZhOGRhMWVjYzY3YmNmYTZjOTE5ZWY3ZmQ5MTZmYTY0MjMyOWE1NjkzOGQ1ZmRlYjBmYjE1MDYyMzg1YmM5NmUifQ==', 0, 'png', 3, 1, '2016-04-01 05:03:20', NULL, '2016-04-01 05:03:23'),
	(66, '1ero.png', 'eyJpdiI6ImJCcjZ2RHlPUXNCMEIxWEFVdFVWNmc9PSIsInZhbHVlIjoia1J4OUVoS0x2VUZ1WHlLVFlhUmFkdz09IiwibWFjIjoiNTQ2ODc2NTA4ZTc4MDdlYTE1ZGY5ODc5ZGFhZmU2MGE1M2E1MTViZTQyZjZjYjg3ODIyMWNiYmU1ODU2MTBiYyJ9', 0.32, 'png', 0, 2, '2016-04-01 05:11:23', '2016-04-01 05:11:25', '2016-04-01 05:11:25'),
	(67, '1ero.png', 'eyJpdiI6ImJCcjZ2RHlPUXNCMEIxWEFVdFVWNmc9PSIsInZhbHVlIjoia1J4OUVoS0x2VUZ1WHlLVFlhUmFkdz09IiwibWFjIjoiNTQ2ODc2NTA4ZTc4MDdlYTE1ZGY5ODc5ZGFhZmU2MGE1M2E1MTViZTQyZjZjYjg3ODIyMWNiYmU1ODU2MTBiYyJ9', 0.32, 'png', 0, 2, '2016-04-01 05:11:35', '2016-04-01 05:11:47', '2016-04-01 05:11:47'),
	(68, '1063.jpg', 'eyJpdiI6ImJCcjZ2RHlPUXNCMEIxWEFVdFVWNmc9PSIsInZhbHVlIjoia1J4OUVoS0x2VUZ1WHlLVFlhUmFkdz09IiwibWFjIjoiNTQ2ODc2NTA4ZTc4MDdlYTE1ZGY5ODc5ZGFhZmU2MGE1M2E1MTViZTQyZjZjYjg3ODIyMWNiYmU1ODU2MTBiYyJ9', 0.04, 'jpg', 0, 2, '2016-04-01 05:12:05', '2016-04-01 05:12:14', '2016-04-01 05:12:14'),
	(69, '1ero.png', 'eyJpdiI6ImJCcjZ2RHlPUXNCMEIxWEFVdFVWNmc9PSIsInZhbHVlIjoia1J4OUVoS0x2VUZ1WHlLVFlhUmFkdz09IiwibWFjIjoiNTQ2ODc2NTA4ZTc4MDdlYTE1ZGY5ODc5ZGFhZmU2MGE1M2E1MTViZTQyZjZjYjg3ODIyMWNiYmU1ODU2MTBiYyJ9', 0.32, 'png', 6, 2, '2016-04-01 05:12:53', NULL, '2016-04-01 05:12:54'),
	(70, '1ero.png', 'eyJpdiI6InpuSVhkMFk5UVFobExFOFdVSlFuS1E9PSIsInZhbHVlIjoiZk1zRVwvNHNMMkVvYmZxWHY4VGE5S3c9PSIsIm1hYyI6IjhjZGRmNTE1ZDNiNjM3ZDE5NjQyMDE1ZTc1Zjc5MmY2N2MwOTEyYjUwZTIzNmRlODIwNjE5NTFmYmZjNWU5NTcifQ==', 0.32, 'png', 0, 2, '2016-04-01 05:22:23', '2016-04-01 05:22:33', '2016-04-01 05:22:33'),
	(71, 'AAEAAQAAAAAAAAHqAAAAJDc5YjRlYTExLWUzNDAtNGY5MS05YWFhLWEzYjhmZDBiZGQ3ZA.jpg', 'eyJpdiI6ImowYWJvVytMM0Z4Yk1KZnBaXC9hUDh3PT0iLCJ2YWx1ZSI6IlFRV0U0TE05TzdaeTA3ZmxkZE9lZlE9PSIsIm1hYyI6ImY3NjkwZGYwMTIwOTViNDUxNjkyOGY1YzcwNDc2MjNiZjBjYTk4MTJhZWEzNjM3OTJhODQzMTk0NDI4MWY3ZmIifQ==', 0.16, 'jpg', 1000, 2, '2016-04-01 15:03:35', NULL, '2016-04-01 15:03:37'),
	(72, '1063.jpg', 'eyJpdiI6IllwSUlvcVNHdGIyUWRwNHN4ZTk2QlE9PSIsInZhbHVlIjoiNEJhblJ2aStZa1BTdll6YmF2VEFNUT09IiwibWFjIjoiYzlmZTg2MjY4ZjBjMWU2MzRjYjk3MmQ4ZjQxZTBkN2Y3NWE5ZDhhM2Q5ZWE0N2YyZjcwNjdkNDdiYzYyODAzOSJ9', 0.04, 'jpg', 1001, 2, '2016-04-01 15:04:53', NULL, '2016-04-01 15:05:26'),
	(73, 'AULAS.pdf', 'eyJpdiI6IllwSUlvcVNHdGIyUWRwNHN4ZTk2QlE9PSIsInZhbHVlIjoiNEJhblJ2aStZa1BTdll6YmF2VEFNUT09IiwibWFjIjoiYzlmZTg2MjY4ZjBjMWU2MzRjYjk3MmQ4ZjQxZTBkN2Y3NWE5ZDhhM2Q5ZWE0N2YyZjcwNjdkNDdiYzYyODAzOSJ9', 0.09, 'pdf', 1001, 2, '2016-04-01 15:05:03', NULL, '2016-04-01 15:05:27'),
	(74, 'Base de datos1.accdb', 'eyJpdiI6IllwSUlvcVNHdGIyUWRwNHN4ZTk2QlE9PSIsInZhbHVlIjoiNEJhblJ2aStZa1BTdll6YmF2VEFNUT09IiwibWFjIjoiYzlmZTg2MjY4ZjBjMWU2MzRjYjk3MmQ4ZjQxZTBkN2Y3NWE5ZDhhM2Q5ZWE0N2YyZjcwNjdkNDdiYzYyODAzOSJ9', 0.5, 'accdb', 1001, 2, '2016-04-01 15:05:07', NULL, '2016-04-01 15:05:27'),
	(75, 'Base de datos2.accdb', 'eyJpdiI6IllwSUlvcVNHdGIyUWRwNHN4ZTk2QlE9PSIsInZhbHVlIjoiNEJhblJ2aStZa1BTdll6YmF2VEFNUT09IiwibWFjIjoiYzlmZTg2MjY4ZjBjMWU2MzRjYjk3MmQ4ZjQxZTBkN2Y3NWE5ZDhhM2Q5ZWE0N2YyZjcwNjdkNDdiYzYyODAzOSJ9', 0.36, 'accdb', 1001, 2, '2016-04-01 15:05:10', NULL, '2016-04-01 15:05:27'),
	(76, 'Base de datos3.accdb', 'eyJpdiI6IllwSUlvcVNHdGIyUWRwNHN4ZTk2QlE9PSIsInZhbHVlIjoiNEJhblJ2aStZa1BTdll6YmF2VEFNUT09IiwibWFjIjoiYzlmZTg2MjY4ZjBjMWU2MzRjYjk3MmQ4ZjQxZTBkN2Y3NWE5ZDhhM2Q5ZWE0N2YyZjcwNjdkNDdiYzYyODAzOSJ9', 0.33, 'accdb', 1001, 2, '2016-04-01 15:05:12', NULL, '2016-04-01 15:05:27'),
	(77, 'LABORATORIOS.pdf', 'eyJpdiI6IllwSUlvcVNHdGIyUWRwNHN4ZTk2QlE9PSIsInZhbHVlIjoiNEJhblJ2aStZa1BTdll6YmF2VEFNUT09IiwibWFjIjoiYzlmZTg2MjY4ZjBjMWU2MzRjYjk3MmQ4ZjQxZTBkN2Y3NWE5ZDhhM2Q5ZWE0N2YyZjcwNjdkNDdiYzYyODAzOSJ9', 0.04, 'pdf', 1001, 2, '2016-04-01 15:05:18', NULL, '2016-04-01 15:05:27'),
	(78, 'PLAN DE ESTUDIOS.pdf', 'eyJpdiI6IllwSUlvcVNHdGIyUWRwNHN4ZTk2QlE9PSIsInZhbHVlIjoiNEJhblJ2aStZa1BTdll6YmF2VEFNUT09IiwibWFjIjoiYzlmZTg2MjY4ZjBjMWU2MzRjYjk3MmQ4ZjQxZTBkN2Y3NWE5ZDhhM2Q5ZWE0N2YyZjcwNjdkNDdiYzYyODAzOSJ9', 0.11, 'pdf', 1001, 2, '2016-04-01 15:05:21', NULL, '2016-04-01 15:05:27'),
	(79, 'PROFESORES.pdf', 'eyJpdiI6IllwSUlvcVNHdGIyUWRwNHN4ZTk2QlE9PSIsInZhbHVlIjoiNEJhblJ2aStZa1BTdll6YmF2VEFNUT09IiwibWFjIjoiYzlmZTg2MjY4ZjBjMWU2MzRjYjk3MmQ4ZjQxZTBkN2Y3NWE5ZDhhM2Q5ZWE0N2YyZjcwNjdkNDdiYzYyODAzOSJ9', 0.09, 'pdf', 1001, 2, '2016-04-01 15:05:24', NULL, '2016-04-01 15:05:27'),
	(80, '1925662.jpg', 'eyJpdiI6InNpbXBmMVRDcUxZRGFcL0QwU2xObThnPT0iLCJ2YWx1ZSI6IkZURXY2b2dJZWRKdGhtTzdCODBhTEE9PSIsIm1hYyI6IjRiMzMyMDZlYzVjM2QzZjk2MzUxOTIwMmI5NTdhZjllYzQ0ZjQ5NTFhNmU2MjgwYTNiNTdjOWRkOTIxNzU5OTcifQ==', 0, 'jpg', 8, 1, '2016-04-02 00:46:52', NULL, '2016-04-02 00:47:36'),
	(81, '122861438209271-lengua-fuera.jpg', 'eyJpdiI6InNpbXBmMVRDcUxZRGFcL0QwU2xObThnPT0iLCJ2YWx1ZSI6IkZURXY2b2dJZWRKdGhtTzdCODBhTEE9PSIsIm1hYyI6IjRiMzMyMDZlYzVjM2QzZjk2MzUxOTIwMmI5NTdhZjllYzQ0ZjQ5NTFhNmU2MjgwYTNiNTdjOWRkOTIxNzU5OTcifQ==', 0, 'jpg', 8, 1, '2016-04-02 00:46:52', NULL, '2016-04-02 00:47:36'),
	(82, 'Bapfp9oCUAAzE-5.jpg', 'eyJpdiI6InNpbXBmMVRDcUxZRGFcL0QwU2xObThnPT0iLCJ2YWx1ZSI6IkZURXY2b2dJZWRKdGhtTzdCODBhTEE9PSIsIm1hYyI6IjRiMzMyMDZlYzVjM2QzZjk2MzUxOTIwMmI5NTdhZjllYzQ0ZjQ5NTFhNmU2MjgwYTNiNTdjOWRkOTIxNzU5OTcifQ==', 0, 'jpg', 8, 1, '2016-04-02 00:47:00', NULL, '2016-04-02 00:47:36'),
	(83, 'frenchbulldogwallpaper4.jpg', 'eyJpdiI6InNpbXBmMVRDcUxZRGFcL0QwU2xObThnPT0iLCJ2YWx1ZSI6IkZURXY2b2dJZWRKdGhtTzdCODBhTEE9PSIsIm1hYyI6IjRiMzMyMDZlYzVjM2QzZjk2MzUxOTIwMmI5NTdhZjllYzQ0ZjQ5NTFhNmU2MjgwYTNiNTdjOWRkOTIxNzU5OTcifQ==', 0, 'jpg', 8, 1, '2016-04-02 00:47:14', NULL, '2016-04-02 00:47:36'),
	(84, 'perfect-day-for-the-puppy-with-the-stick.jpg', 'eyJpdiI6InNpbXBmMVRDcUxZRGFcL0QwU2xObThnPT0iLCJ2YWx1ZSI6IkZURXY2b2dJZWRKdGhtTzdCODBhTEE9PSIsIm1hYyI6IjRiMzMyMDZlYzVjM2QzZjk2MzUxOTIwMmI5NTdhZjllYzQ0ZjQ5NTFhNmU2MjgwYTNiNTdjOWRkOTIxNzU5OTcifQ==', 0, 'jpg', 8, 1, '2016-04-02 00:47:22', NULL, '2016-04-02 00:47:37'),
	(85, '1925662.jpg', 'eyJpdiI6IkRNUjBcL2RjeVUrNmR3MVFUbGhzODJnPT0iLCJ2YWx1ZSI6Ilh6QWRJdUZXNmR4dTkxQjN6aXkxTGc9PSIsIm1hYyI6ImRlODg3ZmFmMjU4MDQyYmE1OGNkN2IwMTBhM2M0MjhkODgxYWQwMmUzMDI1YzVkMjZkNDA2YTU4MDQyYzM0YTgifQ==', 0, 'jpg', 9, 1, '2016-04-02 02:57:00', NULL, '2016-04-02 02:57:24'),
	(86, '122861438209271-lengua-fuera.jpg', 'eyJpdiI6IkRNUjBcL2RjeVUrNmR3MVFUbGhzODJnPT0iLCJ2YWx1ZSI6Ilh6QWRJdUZXNmR4dTkxQjN6aXkxTGc9PSIsIm1hYyI6ImRlODg3ZmFmMjU4MDQyYmE1OGNkN2IwMTBhM2M0MjhkODgxYWQwMmUzMDI1YzVkMjZkNDA2YTU4MDQyYzM0YTgifQ==', 0, 'jpg', 9, 1, '2016-04-02 02:57:02', NULL, '2016-04-02 02:57:25'),
	(87, 'Bapfp9oCUAAzE-5.jpg', 'eyJpdiI6IkRNUjBcL2RjeVUrNmR3MVFUbGhzODJnPT0iLCJ2YWx1ZSI6Ilh6QWRJdUZXNmR4dTkxQjN6aXkxTGc9PSIsIm1hYyI6ImRlODg3ZmFmMjU4MDQyYmE1OGNkN2IwMTBhM2M0MjhkODgxYWQwMmUzMDI1YzVkMjZkNDA2YTU4MDQyYzM0YTgifQ==', 0, 'jpg', 9, 1, '2016-04-02 02:57:05', NULL, '2016-04-02 02:57:25'),
	(88, 'burlon-ad41d8ea56db8ae4ec4552137eeabcaadc29a818-4462.jpg', 'eyJpdiI6IkRNUjBcL2RjeVUrNmR3MVFUbGhzODJnPT0iLCJ2YWx1ZSI6Ilh6QWRJdUZXNmR4dTkxQjN6aXkxTGc9PSIsIm1hYyI6ImRlODg3ZmFmMjU4MDQyYmE1OGNkN2IwMTBhM2M0MjhkODgxYWQwMmUzMDI1YzVkMjZkNDA2YTU4MDQyYzM0YTgifQ==', 0, 'jpg', 9, 1, '2016-04-02 02:57:08', NULL, '2016-04-02 02:57:25'),
	(89, 'conejo-saca-lengua-17.jpg', 'eyJpdiI6IkRNUjBcL2RjeVUrNmR3MVFUbGhzODJnPT0iLCJ2YWx1ZSI6Ilh6QWRJdUZXNmR4dTkxQjN6aXkxTGc9PSIsIm1hYyI6ImRlODg3ZmFmMjU4MDQyYmE1OGNkN2IwMTBhM2M0MjhkODgxYWQwMmUzMDI1YzVkMjZkNDA2YTU4MDQyYzM0YTgifQ==', 0, 'jpg', 9, 1, '2016-04-02 02:57:18', NULL, '2016-04-02 02:57:25'),
	(90, 'tigre sacando la lengua.jpg', 'eyJpdiI6IkRNUjBcL2RjeVUrNmR3MVFUbGhzODJnPT0iLCJ2YWx1ZSI6Ilh6QWRJdUZXNmR4dTkxQjN6aXkxTGc9PSIsIm1hYyI6ImRlODg3ZmFmMjU4MDQyYmE1OGNkN2IwMTBhM2M0MjhkODgxYWQwMmUzMDI1YzVkMjZkNDA2YTU4MDQyYzM0YTgifQ==', 0, 'jpg', 9, 1, '2016-04-02 04:12:54', NULL, '2016-04-02 04:13:16'),
	(91, 'images.jpg', 'eyJpdiI6IkRNUjBcL2RjeVUrNmR3MVFUbGhzODJnPT0iLCJ2YWx1ZSI6Ilh6QWRJdUZXNmR4dTkxQjN6aXkxTGc9PSIsIm1hYyI6ImRlODg3ZmFmMjU4MDQyYmE1OGNkN2IwMTBhM2M0MjhkODgxYWQwMmUzMDI1YzVkMjZkNDA2YTU4MDQyYzM0YTgifQ==', 0, 'jpg', 9, 1, '2016-04-02 04:13:08', NULL, '2016-04-02 04:13:16'),
	(92, '50b36f3c8585c.jpg', 'eyJpdiI6IkRNUjBcL2RjeVUrNmR3MVFUbGhzODJnPT0iLCJ2YWx1ZSI6Ilh6QWRJdUZXNmR4dTkxQjN6aXkxTGc9PSIsIm1hYyI6ImRlODg3ZmFmMjU4MDQyYmE1OGNkN2IwMTBhM2M0MjhkODgxYWQwMmUzMDI1YzVkMjZkNDA2YTU4MDQyYzM0YTgifQ==', 0, 'jpg', 9, 1, '2016-04-02 04:13:13', NULL, '2016-04-02 04:13:16'),
	(93, '1925662.jpg', 'eyJpdiI6Im1qVnhRZ29rY1A0N0JSVGZOQXg4Y2c9PSIsInZhbHVlIjoiZWpacm0yckdETFl2UW5FNllONFVLZz09IiwibWFjIjoiNTE3ZDE0MmUxMDQyMWUwMTY3Yjg2N2JlNzU5OTdkNDAxZjNmODU5ZjY0NDgxOTYyMTg1NTM3YmFiNDZhNWU1ZCJ9', 0, 'jpg', 10, 1, '2016-04-02 23:56:52', NULL, '2016-04-02 23:57:01'),
	(94, '122861438209271-lengua-fuera.jpg', 'eyJpdiI6Im1qVnhRZ29rY1A0N0JSVGZOQXg4Y2c9PSIsInZhbHVlIjoiZWpacm0yckdETFl2UW5FNllONFVLZz09IiwibWFjIjoiNTE3ZDE0MmUxMDQyMWUwMTY3Yjg2N2JlNzU5OTdkNDAxZjNmODU5ZjY0NDgxOTYyMTg1NTM3YmFiNDZhNWU1ZCJ9', 0, 'jpg', 10, 1, '2016-04-02 23:56:54', NULL, '2016-04-02 23:57:01'),
	(95, 'AAEAAQAAAAAAAAHqAAAAJDc5YjRlYTExLWUzNDAtNGY5MS05YWFhLWEzYjhmZDBiZGQ3ZA.jpg', 'eyJpdiI6Im1qVnhRZ29rY1A0N0JSVGZOQXg4Y2c9PSIsInZhbHVlIjoiZWpacm0yckdETFl2UW5FNllONFVLZz09IiwibWFjIjoiNTE3ZDE0MmUxMDQyMWUwMTY3Yjg2N2JlNzU5OTdkNDAxZjNmODU5ZjY0NDgxOTYyMTg1NTM3YmFiNDZhNWU1ZCJ9', 0, 'jpg', 10, 1, '2016-04-02 23:56:56', NULL, '2016-04-02 23:57:01'),
	(96, 'burlon-ad41d8ea56db8ae4ec4552137eeabcaadc29a818-4462.jpg', 'eyJpdiI6Im1qVnhRZ29rY1A0N0JSVGZOQXg4Y2c9PSIsInZhbHVlIjoiZWpacm0yckdETFl2UW5FNllONFVLZz09IiwibWFjIjoiNTE3ZDE0MmUxMDQyMWUwMTY3Yjg2N2JlNzU5OTdkNDAxZjNmODU5ZjY0NDgxOTYyMTg1NTM3YmFiNDZhNWU1ZCJ9', 0, 'jpg', 10, 1, '2016-04-02 23:56:59', NULL, '2016-04-02 23:57:01'),
	(97, '1925662.jpg', 'eyJpdiI6Im5iVXE0OEUxODhPRnVSNVVVRjJHZGc9PSIsInZhbHVlIjoiSG0wT1JSTmxVQ1NhSWViMm5rUERLUT09IiwibWFjIjoiYzQ0MzYwNzkxYTE4OWZiOWZhNjM2ZDE1ZWFhZDhhZGYyOWE3MzNmNDI5ZWZhNmE0NmE1MjZmZWVhZTJiYmEwNiJ9', 0.06, 'jpg', 1002, 2, '2016-04-03 00:07:49', NULL, '2016-04-03 00:07:55'),
	(98, '122861438209271-lengua-fuera.jpg', 'eyJpdiI6Im5iVXE0OEUxODhPRnVSNVVVRjJHZGc9PSIsInZhbHVlIjoiSG0wT1JSTmxVQ1NhSWViMm5rUERLUT09IiwibWFjIjoiYzQ0MzYwNzkxYTE4OWZiOWZhNjM2ZDE1ZWFhZDhhZGYyOWE3MzNmNDI5ZWZhNmE0NmE1MjZmZWVhZTJiYmEwNiJ9', 0.04, 'jpg', 1002, 2, '2016-04-03 00:07:51', NULL, '2016-04-03 00:07:55'),
	(99, 'AAEAAQAAAAAAAAHqAAAAJDc5YjRlYTExLWUzNDAtNGY5MS05YWFhLWEzYjhmZDBiZGQ3ZA.jpg', 'eyJpdiI6Im5iVXE0OEUxODhPRnVSNVVVRjJHZGc9PSIsInZhbHVlIjoiSG0wT1JSTmxVQ1NhSWViMm5rUERLUT09IiwibWFjIjoiYzQ0MzYwNzkxYTE4OWZiOWZhNjM2ZDE1ZWFhZDhhZGYyOWE3MzNmNDI5ZWZhNmE0NmE1MjZmZWVhZTJiYmEwNiJ9', 0.16, 'jpg', 1002, 2, '2016-04-03 00:07:53', NULL, '2016-04-03 00:07:55');
/*!40000 ALTER TABLE `documents` ENABLE KEYS */;


-- Volcando estructura para tabla tiens.events
DROP TABLE IF EXISTS `events`;
CREATE TABLE IF NOT EXISTS `events` (
  `id` int(11) NOT NULL AUTO_INCREMENT,
  `name` varchar(45) DEFAULT NULL,
  `description` longtext,
  `extension` varchar(255) DEFAULT NULL,
  `site` varchar(45) DEFAULT NULL,
  `see_more_link` varchar(45) DEFAULT NULL,
  `category_id` int(11) DEFAULT NULL,
  `country_id` int(11) DEFAULT NULL,
  `date_celebration` date DEFAULT NULL,
  `hour_celebration` varchar(10) DEFAULT NULL,
  `created_at` timestamp NULL DEFAULT CURRENT_TIMESTAMP,
  `deleted_at` timestamp NULL DEFAULT NULL,
  `updated_at` timestamp NULL DEFAULT CURRENT_TIMESTAMP,
  `created_by` int(11) DEFAULT NULL,
  `date_format` varchar(50) DEFAULT NULL,
  PRIMARY KEY (`id`),
  KEY `eventXcategory_idx` (`category_id`),
  KEY `eventsXcreator_idx` (`created_by`),
  KEY `eventXcountry_idx` (`country_id`)
) ENGINE=InnoDB AUTO_INCREMENT=1007 DEFAULT CHARSET=utf8;

-- Volcando datos para la tabla tiens.events: ~21 rows (aproximadamente)
/*!40000 ALTER TABLE `events` DISABLE KEYS */;
INSERT INTO `events` (`id`, `name`, `description`, `extension`, `site`, `see_more_link`, `category_id`, `country_id`, `date_celebration`, `hour_celebration`, `created_at`, `deleted_at`, `updated_at`, `created_by`, `date_format`) VALUES
	(3, 'Evento 01', 'Evento Evento Evento Evento Evento Evento Evento Evento Evento Evento Evento Evento Evento Evento Evento Evento Evento Evento Evento Evento Evento Evento Evento Evento Evento Evento Evento Evento Evento Evento Evento Evento Evento ', 'png', 'Lugar del evento', NULL, 6, 1, '2016-03-07', '14:50', '2016-03-07 19:50:45', NULL, '2016-03-07 20:02:34', 1, 'Martes 15 MarzoMartes 15 Marzo'),
	(4, 'Evento 02', 'Evento Evento Evento Evento Evento Evento Evento Evento Evento Evento Evento Evento Evento Evento Evento Evento Evento Evento Evento Evento Evento Evento Evento Evento Evento Evento Evento Evento Evento Evento Evento Evento Evento ', 'png', 'Lugar del evento', NULL, 3, 1, '2016-03-07', '18:10', '2016-03-07 20:03:19', NULL, '2016-03-07 23:11:20', 2, 'Martes 15 Marzo'),
	(5, 'Evento 03', 'Evento Evento Evento Evento Evento Evento Evento Evento Evento Evento Evento Evento Evento Evento Evento Evento Evento Evento Evento Evento Evento Evento Evento Evento Evento Evento Evento Evento Evento Evento Evento Evento Evento ', 'png', 'Lugar del evento', NULL, 4, 1, '2016-03-07', '13:05', '2016-03-07 20:04:26', NULL, '2016-03-07 20:04:26', 2, 'Martes 15 Marzo'),
	(6, 'Evento 04', 'Evento Evento Evento Evento Evento Evento Evento Evento Evento Evento Evento Evento Evento Evento Evento Evento Evento Evento Evento Evento Evento Evento Evento Evento Evento Evento Evento Evento Evento Evento Evento Evento Evento ', 'png', 'Lugar del evento', NULL, 5, 1, '2016-03-07', '12:00', '2016-03-07 20:14:38', NULL, '2016-03-07 20:14:38', 1, 'Martes 15 Marzo'),
	(7, 'Evento 05', 'Evento Evento Evento Evento Evento Evento Evento Evento Evento Evento Evento Evento Evento Evento Evento Evento Evento Evento Evento Evento Evento Evento Evento Evento Evento Evento Evento Evento Evento Evento Evento Evento Evento ', 'jpg', 'Lugar del evento', NULL, 3, 1, '2016-03-07', '00:00', '2016-03-07 20:19:44', NULL, '2016-03-07 20:19:44', 2, 'Martes 15 Marzo'),
	(27, 'Evento 07', 'Evento Evento Evento Evento Evento Evento Evento Evento Evento Evento Evento Evento Evento Evento Evento Evento Evento Evento Evento Evento Evento Evento Evento Evento Evento Evento Evento Evento Evento Evento Evento Evento Evento ', 'png', 'Lugar del evento', NULL, 3, 1, '2016-03-08', '00:00', '2016-03-08 00:26:16', NULL, '2016-03-08 00:26:16', 2, 'Martes 15 Marzo'),
	(28, 'Evento  01 Chile', 'Evento Evento Evento Evento Evento Evento Evento Evento Evento Evento Evento Evento Evento Evento Evento Evento Evento Evento Evento Evento Evento Evento Evento Evento Evento Evento Evento Evento Evento Evento Evento Evento Evento ', 'png', 'Lugar del evento', NULL, 3, 2, '2016-03-08', '12:00', '2016-03-08 00:29:28', NULL, '2016-04-02 23:34:48', 3, 'Martes 15 Marzo'),
	(29, 'Evento 09', 'Evento Evento Evento Evento Evento Evento Evento Evento Evento Evento Evento Evento Evento Evento Evento Evento Evento Evento Evento Evento Evento Evento Evento Evento Evento Evento Evento Evento Evento Evento Evento Evento Evento ', 'jpg', 'Lugar del evento', NULL, 3, 1, '2016-03-08', '00:39', '2016-03-08 00:39:14', NULL, '2016-03-08 00:39:14', 2, 'Martes 15 Marzo'),
	(30, 'Evento 10', 'Evento Evento Evento Evento Evento Evento Evento Evento Evento Evento Evento Evento Evento Evento Evento Evento Evento Evento Evento Evento Evento Evento Evento Evento Evento Evento Evento Evento Evento Evento Evento Evento Evento ', 'jpg', 'Lugar del evento', NULL, 3, 1, '2016-03-08', '00:39', '2016-03-08 00:40:53', NULL, '2016-03-08 00:40:53', 2, 'Martes 15 Marzo'),
	(31, 'Evento 12', 'Evento Evento Evento Evento Evento Evento Evento Evento Evento Evento Evento Evento Evento Evento Evento Evento Evento Evento Evento Evento Evento Evento Evento Evento Evento Evento Evento Evento Evento Evento Evento Evento Evento ', 'jpg', 'Lugar del evento', NULL, 3, 1, '2016-03-08', '00:39', '2016-03-08 00:46:05', NULL, '2016-03-08 00:46:05', 2, 'Martes 15 Marzo'),
	(32, 'Evento 13', 'Evento Evento Evento Evento Evento Evento Evento Evento Evento Evento Evento Evento Evento Evento Evento Evento Evento Evento Evento Evento Evento Evento Evento Evento Evento Evento Evento Evento Evento Evento Evento Evento Evento ', 'png', 'Lugar del evento', NULL, 7, 1, '2016-03-08', '00:00', '2016-03-08 06:10:07', NULL, '2016-03-08 06:10:07', 1, 'Martes 15 Marzo'),
	(33, 'Evento 14', 'Evento Evento Evento Evento Evento Evento Evento Evento Evento Evento Evento Evento Evento Evento Evento Evento Evento Evento Evento Evento Evento Evento Evento Evento Evento Evento Evento Evento Evento Evento Evento Evento Evento ', 'png', 'Lugar del evento', NULL, 7, 1, '2016-03-08', '00:00', '2016-03-08 06:11:37', NULL, '2016-03-08 06:11:37', 1, 'Martes 15 Marzo'),
	(34, 'Evento 15', 'Evento Evento Evento Evento Evento Evento Evento Evento Evento Evento Evento Evento Evento Evento Evento Evento Evento Evento Evento Evento Evento Evento Evento Evento Evento Evento Evento Evento Evento Evento Evento Evento Evento ', 'png', 'Lugar del evento', NULL, 3, 1, '2016-03-11', '00:00', '2016-03-08 22:03:29', NULL, '2016-03-08 22:03:30', 1, 'Martes 15 Marzo'),
	(35, 'Evento 16', 'Evento Evento Evento Evento Evento Evento Evento Evento Evento Evento Evento Evento Evento Evento Evento Evento Evento Evento Evento Evento Evento Evento Evento Evento Evento Evento Evento Evento Evento Evento Evento Evento Evento ', 'jpg', 'Lugar del evento', NULL, 6, 1, '2016-03-13', '12:00', '2016-03-10 17:16:38', NULL, '2016-03-10 17:16:38', 1, 'Martes 15 Marzo'),
	(1000, 'Nuevo Evento Chile', 'Nuevo Evento Chile Nuevo Evento Chile Nuevo Evento Chile Nuevo Evento Chile Nuevo Evento Chile Nuevo Evento Chile Nuevo Evento Chile Nuevo Evento Chile Nuevo Evento Chile Nuevo Evento Chile Nuevo Evento Chile Nuevo Evento Chile Nuevo Evento Chile Nuevo Evento Chile Nuevo Evento Chile Nuevo Evento Chile Nuevo Evento Chile Nuevo Evento Chile Nuevo Evento Chile Nuevo Evento Chile Nuevo Evento Chile Nuevo Evento Chile Nuevo Evento Chile Nuevo Evento Chile Nuevo Evento Chile Nuevo Evento Chile Nuevo Evento Chile ', 'jpg', 'Ciudad chile', NULL, 3, 2, '2016-04-02', '12:50', '2016-04-02 23:05:27', NULL, '2016-04-02 23:05:27', 1, NULL),
	(1001, 'Nuevo Evento Chile', 'Nuevo Evento Chile Nuevo Evento Chile Nuevo Evento Chile Nuevo Evento Chile Nuevo Evento Chile Nuevo Evento Chile Nuevo Evento Chile Nuevo Evento Chile Nuevo Evento Chile Nuevo Evento Chile Nuevo Evento Chile Nuevo Evento Chile Nuevo Evento Chile Nuevo Evento Chile Nuevo Evento Chile Nuevo Evento Chile Nuevo Evento Chile Nuevo Evento Chile Nuevo Evento Chile Nuevo Evento Chile Nuevo Evento Chile Nuevo Evento Chile Nuevo Evento Chile Nuevo Evento Chile Nuevo Evento Chile Nuevo Evento Chile Nuevo Evento Chile ', 'jpg', 'Ciudad chile', NULL, 3, 2, '2016-04-02', '12:50', '2016-04-02 23:06:47', NULL, '2016-04-02 23:06:48', 1, NULL),
	(1002, 'Nuevo Evento Chile', 'Nuevo Evento Chile Nuevo Evento Chile Nuevo Evento Chile Nuevo Evento Chile Nuevo Evento Chile Nuevo Evento Chile Nuevo Evento Chile Nuevo Evento Chile Nuevo Evento Chile Nuevo Evento Chile Nuevo Evento Chile Nuevo Evento Chile Nuevo Evento Chile Nuevo Evento Chile Nuevo Evento Chile Nuevo Evento Chile Nuevo Evento Chile Nuevo Evento Chile Nuevo Evento Chile Nuevo Evento Chile Nuevo Evento Chile Nuevo Evento Chile Nuevo Evento Chile Nuevo Evento Chile Nuevo Evento Chile Nuevo Evento Chile Nuevo Evento Chile ', 'jpg', 'Ciudad chile', NULL, 3, 2, '2016-04-02', '12:50', '2016-04-02 23:07:09', NULL, '2016-04-02 23:07:09', 1, NULL),
	(1003, 'Nuevo Evento Chile', 'Nuevo Evento Chile Nuevo Evento Chile Nuevo Evento Chile Nuevo Evento Chile Nuevo Evento Chile Nuevo Evento Chile Nuevo Evento Chile Nuevo Evento Chile Nuevo Evento Chile Nuevo Evento Chile Nuevo Evento Chile Nuevo Evento Chile Nuevo Evento Chile Nuevo Evento Chile Nuevo Evento Chile Nuevo Evento Chile Nuevo Evento Chile Nuevo Evento Chile Nuevo Evento Chile Nuevo Evento Chile Nuevo Evento Chile Nuevo Evento Chile Nuevo Evento Chile Nuevo Evento Chile Nuevo Evento Chile Nuevo Evento Chile Nuevo Evento Chile ', 'jpg', 'Ciudad chile', NULL, 3, 2, '2016-04-02', '12:50', '2016-04-02 23:07:34', NULL, '2016-04-02 23:07:35', 1, NULL),
	(1004, 'Nuevo Evento multi país', 'Nuevo Evento multi país Nuevo Evento multi país Nuevo Evento multi país Nuevo Evento multi país Nuevo Evento multi país Nuevo Evento multi país Nuevo Evento multi país Nuevo Evento multi país Nuevo Evento multi país Nuevo Evento multi país Nuevo Evento multi país ', 'jpg', 'Lugar Perú', NULL, 3, 1, '2016-04-02', '18:35', '2016-04-02 23:35:24', NULL, '2016-04-02 23:35:24', 1, NULL),
	(1005, 'Nuevo Evento', 'Nuevo Evento Nuevo Evento Nuevo Evento Nuevo Evento Nuevo Evento Nuevo Evento Nuevo Evento Nuevo Evento Nuevo Evento Nuevo Evento Nuevo Evento Nuevo Evento Nuevo Evento Nuevo Evento Nuevo Evento Nuevo Evento Nuevo Evento Nuevo Evento Nuevo Evento ', 'jpg', 'Algun lugar de un gran pais', NULL, 3, 1, '2016-04-04', '21:05', '2016-04-04 02:06:56', NULL, '2016-04-04 02:06:56', 2, NULL),
	(1006, 'Nuevo Evento Peru', 'sdfsdfsdfdsf sfsfsd sdfsdfsdfdsf sfsfsd sdfsdfsdfdsf sfsfsd sdfsdfsdfdsf sfsfsd sdfsdfsdfdsf sfsfsd sdfsdfsdfdsf sfsfsd sdfsdfsdfdsf sfsfsd sdfsdfsdfdsf sfsfsd sdfsdfsdfdsf sfsfsd sdfsdfsdfdsf sfsfsd sdfsdfsdfdsf sfsfsd sdfsdfsdfdsf sfsfsd sdfsdfsdfdsf sfsfsd sdfsdfsdfdsf sfsfsd sdfsdfsdfdsf sfsfsd sdfsdfsdfdsf sfsfsd sdfsdfsdfdsf sfsfsd sdfsdfsdfdsf sfsfsd sdfsdfsdfdsf sfsfsd sdfsdfsdfdsf sfsfsd ', 'jpg', 'Algun lugar de un gran pais', NULL, 3, 1, '2016-04-04', '22:50', '2016-04-04 03:01:41', NULL, '2016-04-04 03:01:41', 2, NULL);
/*!40000 ALTER TABLE `events` ENABLE KEYS */;


-- Volcando estructura para tabla tiens.events_category
DROP TABLE IF EXISTS `events_category`;
CREATE TABLE IF NOT EXISTS `events_category` (
  `id` int(11) NOT NULL AUTO_INCREMENT,
  `name` varchar(45) DEFAULT NULL,
  `description` varchar(45) DEFAULT NULL,
  `created_at` timestamp NOT NULL DEFAULT CURRENT_TIMESTAMP ON UPDATE CURRENT_TIMESTAMP,
  `updated_at` timestamp NULL DEFAULT NULL,
  `deleted_at` timestamp NULL DEFAULT NULL,
  `created_by` int(11) DEFAULT NULL,
  PRIMARY KEY (`id`)
) ENGINE=InnoDB AUTO_INCREMENT=9 DEFAULT CHARSET=utf8;

-- Volcando datos para la tabla tiens.events_category: ~6 rows (aproximadamente)
/*!40000 ALTER TABLE `events_category` DISABLE KEYS */;
INSERT INTO `events_category` (`id`, `name`, `description`, `created_at`, `updated_at`, `deleted_at`, `created_by`) VALUES
	(3, 'Eventos 01', NULL, '2016-04-02 18:05:13', '2016-03-30 05:48:01', NULL, 2),
	(4, 'Eventos 01', NULL, '2016-04-02 18:05:15', '2016-03-30 05:47:48', NULL, 2),
	(5, 'Eventos 01', NULL, '2016-04-02 18:05:16', '2016-03-03 22:19:55', NULL, 1),
	(6, 'Eventos 01', NULL, '2016-04-02 18:05:18', '2016-03-03 16:27:16', NULL, 1),
	(7, 'Eventos 01', NULL, '2016-04-02 18:05:19', '2016-03-30 05:47:40', NULL, 2),
	(8, 'Eventos 01', NULL, '2016-04-02 18:05:20', '2016-03-08 22:01:10', NULL, 1);
/*!40000 ALTER TABLE `events_category` ENABLE KEYS */;


-- Volcando estructura para tabla tiens.galleries
DROP TABLE IF EXISTS `galleries`;
CREATE TABLE IF NOT EXISTS `galleries` (
  `id` bigint(20) NOT NULL AUTO_INCREMENT,
  `description` varchar(255) DEFAULT NULL,
  `name` varchar(255) DEFAULT NULL,
  `category_id` int(11) DEFAULT NULL,
  `sessionMath` varchar(255) DEFAULT NULL,
  `created_at` timestamp NULL DEFAULT CURRENT_TIMESTAMP,
  `deleted_at` timestamp NULL DEFAULT NULL,
  `updated_at` timestamp NULL DEFAULT CURRENT_TIMESTAMP,
  `extension` varchar(5) DEFAULT NULL,
  `created_by` int(11) DEFAULT NULL,
  `country_id` int(11) DEFAULT NULL,
  PRIMARY KEY (`id`)
) ENGINE=InnoDB AUTO_INCREMENT=11 DEFAULT CHARSET=utf8;

-- Volcando datos para la tabla tiens.galleries: ~8 rows (aproximadamente)
/*!40000 ALTER TABLE `galleries` DISABLE KEYS */;
INSERT INTO `galleries` (`id`, `description`, `name`, `category_id`, `sessionMath`, `created_at`, `deleted_at`, `updated_at`, `extension`, `created_by`, `country_id`) VALUES
	(3, 'dsfsdfsdfsdfsdfsdfsdf', 'Galer\'ia', 1, 'eyJpdiI6InZEMUM2a21FbTZ5ZVhmY3RLTWtFR3c9PSIsInZhbHVlIjoiak9oZStaQ2I4b1wvdExYZEdFWWt6T2c9PSIsIm1hYyI6IjZhOGRhMWVjYzY3YmNmYTZjOTE5ZWY3ZmQ5MTZmYTY0MjMyOWE1NjkzOGQ1ZmRlYjBmYjE1MDYyMzg1YmM5NmUifQ==', '2016-03-18 04:32:43', NULL, '2016-04-02 23:36:21', 'png', 1, NULL),
	(4, 'Contenido de la Galer\'ia', 'Nueva Galer\'ia', 1, 'eyJpdiI6ImJjXC9wNHkrb0VNb0FsdVJMNVJjSXVBPT0iLCJ2YWx1ZSI6ImQ1ckxQaTFibFJjYjdQWXNpczNvN0E9PSIsIm1hYyI6IjAwNGNiZWIyZTAxZWVjYTgwYTJiMGM4MGJjZjQ2NWI1OTVjYTk4MGJjMzE4YmUzMzg1NGQ2MjM1OWVkYWQwOGEifQ==', '2016-03-20 23:26:20', NULL, '2016-03-20 23:26:20', 'png', 2, NULL),
	(5, 'Galler\'ia 3 Galler\'ia 3 Galler\'ia 3 Galler\'ia 3 Galler\'ia 3 Galler\'ia 3 Galler\'ia 3 Galler\'ia 3 Galler\'ia 3 Galler\'ia 3 Galler\'ia 3 Galler\'ia 3 Galler\'ia 3 Galler\'ia 3 Galler\'ia 3 Galler\'ia 3 Galler\'ia 3 Galler\'ia 3 Galler\'ia 3 Galler\'ia 3 Galler\'ia 3 Gal', 'Galler\'ia 3', 1, 'eyJpdiI6ImZ0OEUydE03XC8yXC9lSmxcL25KcDl1QWc9PSIsInZhbHVlIjoiRm0zUVU0SHhQODlrN295S3hCRjBzdz09IiwibWFjIjoiM2U3OGJjNjNhNGY3ZmY4ZTk5NjZmNmIzM2NhM2EyZDQyMDhhNTU3YjQ0MGIwMGY4ODQ3ODM3NWE5YTlhZjc0MiJ9', '2016-03-29 17:16:19', NULL, '2016-03-29 17:16:19', 'jpg', 1, NULL),
	(6, 'Galer\'ia 4 Galer\'ia 4 Galer\'ia 4 Galer\'ia 4 Galer\'ia 4 Galer\'ia 4 Galer\'ia 4 Galer\'ia 4 Galer\'ia 4 Galer\'ia 4 Galer\'ia 4 Galer\'ia 4 Galer\'ia 4 Galer\'ia 4 Galer\'ia 4 Galer\'ia 4 Galer\'ia 4 Galer\'ia 4 Galer\'ia 4 Galer\'ia 4 Galer\'ia 4 Galer\'ia 4 Galer\'ia 4 Ga', 'Galer\'ia 4', 1, 'eyJpdiI6ImRwdWI4YW1JWEVcL0xMcDNDSGF4R1BRPT0iLCJ2YWx1ZSI6InVhaHVXR1lJN2YzTUlQS1FFdGNDVUE9PSIsIm1hYyI6ImUxMjQxZjFlOGY1MzlhYzE5MWE2ODJhNzkwODU0N2UyYmZiYjEwNjAxYTFmYTA1NzVkMDE3MjFhYjNlNGNjNTMifQ==', '2016-03-29 17:16:45', NULL, '2016-03-29 17:16:45', 'jpg', 1, NULL),
	(7, 'Galler\'ia 5 Galler\'ia 5 Galler\'ia 5 Galler\'ia 5 Galler\'ia 5 Galler\'ia 5 Galler\'ia 5 Galler\'ia 5 Galler\'ia 5 Galler\'ia 5 Galler\'ia 5 Galler\'ia 5 Galler\'ia 5 Galler\'ia 5 Galler\'ia 5 Galler\'ia 5 Galler\'ia 5 Galler\'ia 5 Galler\'ia 5 Galler\'ia 5 Galler\'ia 5 Gal', 'Galler\'ia 5', 1, 'eyJpdiI6IldWRWVhMmtyTldBZFZRUHdtRTZKSnc9PSIsInZhbHVlIjoiNlJMNVNPendqVkR4TkFZWmJFWEozQT09IiwibWFjIjoiZDg1NDY3MjBiMzVjZDU2YTdjODQ2ODc3MzNhMDRjMWUzZGJlOTlkOGY4MTdkODg3ZmY5YWViNzMyNDI1OTAyMyJ9', '2016-03-29 17:17:08', NULL, '2016-03-29 17:17:08', 'jpg', 1, NULL),
	(8, 'Nueva Galer\'ia no Evento Nueva Galer\'ia no Evento Nueva Galer\'ia no Evento Nueva Galer\'ia no Evento Nueva Galer\'ia no Evento Nueva Galer\'ia no Evento Nueva Galer\'ia no Evento Nueva Galer\'ia no Evento Nueva Galer\'ia no Evento Nueva Galer\'ia no Evento Nueva', 'Nueva Galer\'ia no Evento', 2, 'eyJpdiI6InNpbXBmMVRDcUxZRGFcL0QwU2xObThnPT0iLCJ2YWx1ZSI6IkZURXY2b2dJZWRKdGhtTzdCODBhTEE9PSIsIm1hYyI6IjRiMzMyMDZlYzVjM2QzZjk2MzUxOTIwMmI5NTdhZjllYzQ0ZjQ5NTFhNmU2MjgwYTNiNTdjOWRkOTIxNzU5OTcifQ==', '2016-04-02 00:47:36', NULL, '2016-04-02 00:47:36', 'jpg', 1, NULL),
	(9, 'Galer\'ia 7 Galer\'ia 7 Galer\'ia 7 Galer\'ia 7 Galer\'ia 7 Galer\'ia 7 Galer\'ia 7 Galer\'ia 7 Galer\'ia 7 Galer\'ia 7 Galer\'ia 7 Galer\'ia 7 Galer\'ia 7 Galer\'ia 7 Galer\'ia 7 Galer\'ia 7 Galer\'ia 7 Galer\'ia 7 Galer\'ia 7 Galer\'ia 7 Galer\'ia 7 Galer\'ia 7 Galer\'ia 7 Ga', 'Galer\'ia 7', 1, 'eyJpdiI6IkRNUjBcL2RjeVUrNmR3MVFUbGhzODJnPT0iLCJ2YWx1ZSI6Ilh6QWRJdUZXNmR4dTkxQjN6aXkxTGc9PSIsIm1hYyI6ImRlODg3ZmFmMjU4MDQyYmE1OGNkN2IwMTBhM2M0MjhkODgxYWQwMmUzMDI1YzVkMjZkNDA2YTU4MDQyYzM0YTgifQ==', '2016-04-02 02:57:21', NULL, '2016-04-02 02:57:22', 'jpg', 1, NULL),
	(10, 'Nueva Galería multi país Nueva Galería multi país Nueva Galería multi país Nueva Galería multi país Nueva Galería multi país Nueva Galería multi país Nueva Galería multi país Nueva Galería multi país Nueva Galería multi país Nueva Galería multi país Nueva', 'Nueva Galería multi país', 1, 'eyJpdiI6Im1qVnhRZ29rY1A0N0JSVGZOQXg4Y2c9PSIsInZhbHVlIjoiZWpacm0yckdETFl2UW5FNllONFVLZz09IiwibWFjIjoiNTE3ZDE0MmUxMDQyMWUwMTY3Yjg2N2JlNzU5OTdkNDAxZjNmODU5ZjY0NDgxOTYyMTg1NTM3YmFiNDZhNWU1ZCJ9', '2016-04-02 23:57:01', NULL, '2016-04-02 23:57:01', 'jpg', 1, NULL);
/*!40000 ALTER TABLE `galleries` ENABLE KEYS */;


-- Volcando estructura para tabla tiens.galleryxcountry
DROP TABLE IF EXISTS `galleryxcountry`;
CREATE TABLE IF NOT EXISTS `galleryxcountry` (
  `id_gallery` int(11) DEFAULT NULL,
  `id_country` int(11) DEFAULT NULL,
  `created_at` timestamp NULL DEFAULT CURRENT_TIMESTAMP,
  `deleted_at` timestamp NULL DEFAULT CURRENT_TIMESTAMP,
  `updated_at` timestamp NULL DEFAULT NULL,
  KEY `countryXgallery_idx` (`id_country`)
) ENGINE=InnoDB DEFAULT CHARSET=utf8;

-- Volcando datos para la tabla tiens.galleryxcountry: ~12 rows (aproximadamente)
/*!40000 ALTER TABLE `galleryxcountry` DISABLE KEYS */;
INSERT INTO `galleryxcountry` (`id_gallery`, `id_country`, `created_at`, `deleted_at`, `updated_at`) VALUES
	(4, 1, '2016-03-20 18:26:20', '2016-03-20 18:26:20', NULL),
	(5, 1, '2016-03-29 12:16:19', '2016-03-29 12:16:19', NULL),
	(6, 1, '2016-03-29 12:16:45', '2016-03-29 12:16:45', NULL),
	(7, 1, '2016-03-29 12:17:08', '2016-03-29 12:17:08', NULL),
	(8, 1, '2016-04-01 19:47:36', '2016-04-01 19:47:36', NULL),
	(9, 1, '2016-04-02 01:47:50', '2016-04-02 01:47:50', NULL),
	(10, 1, '2016-04-02 18:57:01', '2016-04-02 18:57:01', NULL),
	(10, 2, '2016-04-02 18:57:01', '2016-04-02 18:57:01', NULL),
	(10, 3, '2016-04-02 18:57:01', '2016-04-02 18:57:01', NULL),
	(3, 1, '2016-04-02 18:59:24', '2016-04-02 18:59:24', NULL),
	(3, 2, '2016-04-02 18:59:24', '2016-04-02 18:59:24', NULL),
	(3, 3, '2016-04-02 18:59:24', '2016-04-02 18:59:24', NULL);
/*!40000 ALTER TABLE `galleryxcountry` ENABLE KEYS */;


-- Volcando estructura para tabla tiens.gallery_category
DROP TABLE IF EXISTS `gallery_category`;
CREATE TABLE IF NOT EXISTS `gallery_category` (
  `id` int(11) NOT NULL AUTO_INCREMENT,
  `name` varchar(45) DEFAULT NULL,
  `description` varchar(255) DEFAULT NULL,
  `created_at` timestamp NULL DEFAULT CURRENT_TIMESTAMP,
  `deleted_at` timestamp NULL DEFAULT NULL,
  `updated_at` timestamp NULL DEFAULT CURRENT_TIMESTAMP,
  `created_by` int(11) DEFAULT NULL,
  PRIMARY KEY (`id`)
) ENGINE=InnoDB AUTO_INCREMENT=6 DEFAULT CHARSET=utf8;

-- Volcando datos para la tabla tiens.gallery_category: ~5 rows (aproximadamente)
/*!40000 ALTER TABLE `gallery_category` DISABLE KEYS */;
INSERT INTO `gallery_category` (`id`, `name`, `description`, `created_at`, `deleted_at`, `updated_at`, `created_by`) VALUES
	(1, 'Gallería Eventos', NULL, '2016-03-03 16:30:22', NULL, '2016-03-03 16:30:28', 1),
	(2, 'Galleria 2', NULL, '2016-03-03 16:30:37', NULL, '2016-03-03 17:08:10', 1),
	(3, 'Galeria 5', NULL, '2016-03-03 16:30:59', NULL, '2016-03-03 17:14:00', 1),
	(4, 'Galer\'ia 3', NULL, '2016-03-03 17:08:43', NULL, '2016-03-03 17:13:59', 1),
	(5, 'Galleria Nueva', NULL, '2016-03-03 17:10:45', NULL, '2016-03-03 17:10:45', 1);
/*!40000 ALTER TABLE `gallery_category` ENABLE KEYS */;


-- Volcando estructura para tabla tiens.gallery_image
DROP TABLE IF EXISTS `gallery_image`;
CREATE TABLE IF NOT EXISTS `gallery_image` (
  `id` int(11) NOT NULL AUTO_INCREMENT,
  `name` varchar(45) DEFAULT NULL,
  `created_at` timestamp NULL DEFAULT CURRENT_TIMESTAMP,
  `deleted_at` timestamp NULL DEFAULT CURRENT_TIMESTAMP,
  `updated_at` timestamp NULL DEFAULT NULL,
  `id_gallery` int(11) DEFAULT NULL,
  PRIMARY KEY (`id`),
  KEY `falleryXimage_idx` (`id_gallery`)
) ENGINE=InnoDB DEFAULT CHARSET=utf8;

-- Volcando datos para la tabla tiens.gallery_image: ~0 rows (aproximadamente)
/*!40000 ALTER TABLE `gallery_image` DISABLE KEYS */;
/*!40000 ALTER TABLE `gallery_image` ENABLE KEYS */;


-- Volcando estructura para tabla tiens.lions
DROP TABLE IF EXISTS `lions`;
CREATE TABLE IF NOT EXISTS `lions` (
  `id` int(11) NOT NULL AUTO_INCREMENT,
  `country_id` int(11) DEFAULT NULL,
  `created_by` int(11) DEFAULT NULL,
  `extension` varchar(45) DEFAULT NULL,
  `name` varchar(255) DEFAULT NULL,
  `description` longtext,
  `created_at` timestamp NULL DEFAULT CURRENT_TIMESTAMP,
  `deleted_at` timestamp NULL DEFAULT NULL,
  `updated_at` timestamp NULL DEFAULT CURRENT_TIMESTAMP,
  PRIMARY KEY (`id`),
  KEY `lionXcountry_idx` (`country_id`)
) ENGINE=InnoDB AUTO_INCREMENT=11 DEFAULT CHARSET=utf8;

-- Volcando datos para la tabla tiens.lions: ~9 rows (aproximadamente)
/*!40000 ALTER TABLE `lions` DISABLE KEYS */;
INSERT INTO `lions` (`id`, `country_id`, `created_by`, `extension`, `name`, `description`, `created_at`, `deleted_at`, `updated_at`) VALUES
	(2, 1, 2, 'png', 'Leon Peru 1', 'Leon Peru 1 Leon Peru 1 Leon Peru 1 Leon Peru 1 Leon Peru 1 Leon Peru 1 Leon Peru 1 Leon Peru 1 Leon Peru 1 Leon Peru 1 Leon Peru 1 Leon Peru 1 Leon Peru 1 Leon Peru 1 Leon Peru 1 Leon Peru 1 Leon Peru 1 Leon Peru 1 Leon Peru 1 Leon Peru 1 Leon Peru 1 Leon Peru 1 Leon Peru 1 Leon Peru 1 Leon Peru 1 Leon Peru 1 Leon Peru 1 Leon Peru 1 Leon Peru 1 Leon Peru 1 Leon Peru 1 Leon Peru 1 Leon Peru 1 Leon Peru 1 Leon Peru 1 Leon Peru 1 Leon Peru 1 Leon Peru 1 Leon Peru 1 Leon Peru 1 Leon Peru 1 Leon Peru 1 Leon Peru 1 Leon Peru 1 ', '2016-03-08 01:22:17', NULL, '2016-03-30 05:02:16'),
	(3, 1, 2, 'jpg', 'Leon Peru 2', 'Leon Peru 2 Leon Peru 2 Leon Peru 2 Leon Peru 2 Leon Peru 2 Leon Peru 2 Leon Peru 2 Leon Peru 2 Leon Peru 2 Leon Peru 2 Leon Peru 2 Leon Peru 2 Leon Peru 2 Leon Peru 2 Leon Peru 2 Leon Peru 2 Leon Peru 2 Leon Peru 2 Leon Peru 2 Leon Peru 2 Leon Peru 2 Leon Peru 2 Leon Peru 2 Leon Peru 2 Leon Peru 2 Leon Peru 2 Leon Peru 2 Leon Peru 2 Leon Peru 2 Leon Peru 2 Leon Peru 2 Leon Peru 2 Leon Peru 2 Leon Peru 2 Leon Peru 2 Leon Peru 2 Leon Peru 2 Leon Peru 2 Leon Peru 2 Leon Peru 2 Leon Peru 2 Leon Peru 2 Leon Peru 2 Leon Peru 2 Leon Peru 2 Leon Peru 2 Leon Peru 2 Leon Peru 2 Leon Peru 2 Leon Peru 2 Leon Peru 2 Leon Peru 2 Leon Peru 2 Leon Peru 2 Leon Peru 2 Leon Peru 2 Leon Peru 2 Leon Peru 2 Leon Peru 2 Leon Peru 2 Leon Peru 2 ', '2016-03-30 05:02:44', NULL, '2016-03-30 05:02:44'),
	(4, 1, 2, 'png', 'Leon Peru 3', 'Leon Peru 3Leon Peru 3Leon Peru 3Leon Peru 3Leon Peru 3Leon Peru 3Leon Peru 3Leon Peru 3Leon Peru 3Leon Peru 3Leon Peru 3Leon Peru 3Leon Peru 3Leon Peru 3Leon Peru 3Leon Peru 3Leon Peru 3Leon Peru 3Leon Peru 3Leon Peru 3Leon Peru 3Leon Peru 3Leon Peru 3Leon Peru 3Leon Peru 3Leon Peru 3Leon Peru 3Leon Peru 3Leon Peru 3Leon Peru 3Leon Peru 3Leon Peru 3Leon Peru 3Leon Peru 3Leon Peru 3Leon Peru 3Leon Peru 3Leon Peru 3Leon Peru 3Leon Peru 3Leon Peru 3Leon Peru 3Leon Peru 3Leon Peru 3Leon Peru 3Leon Peru 3Leon Peru 3Leon Peru 3Leon Peru 3Leon Peru 3Leon Peru 3Leon Peru 3', '2016-03-30 05:05:37', NULL, '2016-03-30 05:05:37'),
	(5, 1, 2, 'jpg', 'Leon Per\'u 4', 'Leon Per\'u 4Leon Per\'u 4Leon Per\'u 4Leon Per\'u 4Leon Per\'u 4Leon Per\'u 4Leon Per\'u 4Leon Per\'u 4Leon Per\'u 4Leon Per\'u 4Leon Per\'u 4Leon Per\'u 4Leon Per\'u 4Leon Per\'u 4Leon Per\'u 4Leon Per\'u 4Leon Per\'u 4Leon Per\'u 4Leon Per\'u 4Leon Per\'u 4Leon Per\'u 4Leon Per\'u 4Leon Per\'u 4Leon Per\'u 4Leon Per\'u 4Leon Per\'u 4Leon Per\'u 4Leon Per\'u 4Leon Per\'u 4Leon Per\'u 4Leon Per\'u 4Leon Per\'u 4Leon Per\'u 4Leon Per\'u 4Leon Per\'u 4Leon Per\'u 4Leon Per\'u 4Leon Per\'u 4Leon Per\'u 4Leon Per\'u 4Leon Per\'u 4Leon Per\'u 4Leon Per\'u 4Leon Per\'u 4Leon Per\'u 4Leon Per\'u 4Leon Per\'u 4Leon Per\'u 4Leon Per\'u 4Leon Per\'u 4Leon Per\'u 4Leon Per\'u 4Leon Per\'u 4Leon Per\'u 4Leon Per\'u 4Leon Per\'u 4Leon Per\'u 4Leon Per\'u 4Leon Per\'u 4Leon Per\'u 4Leon Per\'u 4Leon Per\'u 4Leon Per\'u 4Leon Per\'u 4Leon Per\'u 4Leon Per\'u 4Leon Per\'u 4Leon Per\'u 4Leon Per\'u 4Leon Per\'u 4Leon Per\'u 4Leon Per\'u 4Leon Per\'u 4Leon Per\'u 4Leon Per\'u 4Leon Per\'u 4Leon Per\'u 4Leon Per\'u 4Leon Per\'u 4Leon Per\'u 4Leon Per\'u 4Leon Per\'u 4Leon Per\'u 4Leon Per\'u 4Leon Per\'u 4Leon Per\'u 4Leon Per\'u 4Leon Per\'u 4Leon Per\'u 4Leon Per\'u 4Leon Per\'u 4Leon Per\'u 4Leon Per\'u 4Leon Per\'u 4Leon Per\'u 4', '2016-03-30 05:06:22', NULL, '2016-03-30 05:06:22'),
	(6, 1, 2, 'png', 'Leon Peru 5', 'Leon Peru 5 Leon Peru 5 Leon Peru 5 Leon Peru 5 Leon Peru 5 Leon Peru 5 Leon Peru 5 Leon Peru 5 Leon Peru 5 Leon Peru 5 Leon Peru 5 Leon Peru 5 Leon Peru 5 Leon Peru 5 Leon Peru 5 Leon Peru 5 Leon Peru 5 Leon Peru 5 Leon Peru 5 Leon Peru 5 Leon Peru 5 Leon Peru 5 Leon Peru 5 Leon Peru 5 Leon Peru 5 Leon Peru 5 Leon Peru 5 Leon Peru 5 Leon Peru 5 Leon Peru 5 Leon Peru 5 Leon Peru 5 Leon Peru 5 Leon Peru 5 Leon Peru 5 Leon Peru 5 Leon Peru 5 Leon Peru 5 Leon Peru 5 Leon Peru 5 Leon Peru 5 Leon Peru 5 Leon Peru 5 Leon Peru 5 Leon Peru 5 Leon Peru 5 Leon Peru 5 Leon Peru 5 Leon Peru 5 Leon Peru 5 Leon Peru 5 Leon Peru 5 Leon Peru 5 Leon Peru 5 ', '2016-03-30 05:25:03', NULL, '2016-03-30 05:28:04'),
	(7, 1, 2, 'jpg', 'Leon Peru 6', 'Leon Peru 6 Leon Peru 6 Leon Peru 6 Leon Peru 6 Leon Peru 6 Leon Peru 6 Leon Peru 6 Leon Peru 6 Leon Peru 6 Leon Peru 6 Leon Peru 6 Leon Peru 6 Leon Peru 6 Leon Peru 6 Leon Peru 6 Leon Peru 6 Leon Peru 6 Leon Peru 6 Leon Peru 6 Leon Peru 6 Leon Peru 6 Leon Peru 6 Leon Peru 6 Leon Peru 6 Leon Peru 6 Leon Peru 6 Leon Peru 6 Leon Peru 6 Leon Peru 6 Leon Peru 6 Leon Peru 6 Leon Peru 6 Leon Peru 6 Leon Peru 6 Leon Peru 6 Leon Peru 6 Leon Peru 6 Leon Peru 6 Leon Peru 6 Leon Peru 6 Leon Peru 6 Leon Peru 6 Leon Peru 6 Leon Peru 6 Leon Peru 6 Leon Peru 6 Leon Peru 6 Leon Peru 6 Leon Peru 6 Leon Peru 6 Leon Peru 6 Leon Peru 6 Leon Peru 6 Leon Peru 6 Leon Peru 6 Leon Peru 6 Leon Peru 6 Leon Peru 6 Leon Peru 6 Leon Peru 6 Leon Peru 6 Leon Peru 6 Leon Peru 6 Leon Peru 6 Leon Peru 6 Leon Peru 6 Leon Peru 6 Leon Peru 6 Leon Peru 6 ', '2016-03-30 05:28:30', NULL, '2016-03-30 05:28:30'),
	(8, 1, 2, 'jpg', 'Leon Peru 7', 'Leon Peru 7 Leon Peru 7 Leon Peru 7 Leon Peru 7 Leon Peru 7 Leon Peru 7 Leon Peru 7 Leon Peru 7 Leon Peru 7 Leon Peru 7 Leon Peru 7 Leon Peru 7 Leon Peru 7 Leon Peru 7 Leon Peru 7 Leon Peru 7 Leon Peru 7 Leon Peru 7 Leon Peru 7 Leon Peru 7 Leon Peru 7 Leon Peru 7 Leon Peru 7 Leon Peru 7 Leon Peru 7 Leon Peru 7 Leon Peru 7 Leon Peru 7 Leon Peru 7 Leon Peru 7 Leon Peru 7 Leon Peru 7 Leon Peru 7 Leon Peru 7 Leon Peru 7 Leon Peru 7 Leon Peru 7 Leon Peru 7 Leon Peru 7 Leon Peru 7 Leon Peru 7 Leon Peru 7 Leon Peru 7 Leon Peru 7 ', '2016-03-30 05:34:24', NULL, '2016-03-30 05:34:24'),
	(9, 1, 2, 'png', 'Leon Peru 8', 'Leon Peru 8 Leon Peru 8 Leon Peru 8 Leon Peru 8 Leon Peru 8 Leon Peru 8 Leon Peru 8 Leon Peru 8 Leon Peru 8 Leon Peru 8 Leon Peru 8 Leon Peru 8 Leon Peru 8 Leon Peru 8 Leon Peru 8 Leon Peru 8 Leon Peru 8 Leon Peru 8 Leon Peru 8 Leon Peru 8 Leon Peru 8 Leon Peru 8 Leon Peru 8 Leon Peru 8 Leon Peru 8 Leon Peru 8 Leon Peru 8 Leon Peru 8 Leon Peru 8 Leon Peru 8 Leon Peru 8 Leon Peru 8 Leon Peru 8 Leon Peru 8 Leon Peru 8 Leon Peru 8 Leon Peru 8 Leon Peru 8 Leon Peru 8 Leon Peru 8 Leon Peru 8 Leon Peru 8 Leon Peru 8 Leon Peru 8 Leon Peru 8 Leon Peru 8 Leon Peru 8 Leon Peru 8 Leon Peru 8 ', '2016-03-30 05:34:53', NULL, '2016-03-30 05:34:53'),
	(10, 1, 1, 'jpg', 'Nuevo León', 'Nuevo León Nuevo León Nuevo León Nuevo León Nuevo León Nuevo León Nuevo León Nuevo León Nuevo León Nuevo León Nuevo León Nuevo León Nuevo León Nuevo León Nuevo León Nuevo León Nuevo León Nuevo León Nuevo León Nuevo León Nuevo León Nuevo León Nuevo León Nuevo León Nuevo León Nuevo León Nuevo León Nuevo León ', '2016-04-03 00:05:46', NULL, '2016-04-03 00:05:46');
/*!40000 ALTER TABLE `lions` ENABLE KEYS */;


-- Volcando estructura para tabla tiens.migrations
DROP TABLE IF EXISTS `migrations`;
CREATE TABLE IF NOT EXISTS `migrations` (
  `migration` varchar(255) COLLATE utf8_unicode_ci NOT NULL,
  `batch` int(11) NOT NULL
) ENGINE=InnoDB DEFAULT CHARSET=utf8 COLLATE=utf8_unicode_ci;

-- Volcando datos para la tabla tiens.migrations: ~1 rows (aproximadamente)
/*!40000 ALTER TABLE `migrations` DISABLE KEYS */;
INSERT INTO `migrations` (`migration`, `batch`) VALUES
	('2015_10_31_162633_scaffoldinterfaces', 1);
/*!40000 ALTER TABLE `migrations` ENABLE KEYS */;


-- Volcando estructura para tabla tiens.news
DROP TABLE IF EXISTS `news`;
CREATE TABLE IF NOT EXISTS `news` (
  `id` int(11) NOT NULL AUTO_INCREMENT,
  `name` varchar(45) NOT NULL,
  `description` longtext NOT NULL,
  `hiperlink` varchar(45) NOT NULL,
  `extension` varchar(45) NOT NULL,
  `created_at` timestamp NULL DEFAULT CURRENT_TIMESTAMP,
  `deleted_at` timestamp NULL DEFAULT NULL,
  `updated_at` timestamp NULL DEFAULT CURRENT_TIMESTAMP,
  `created_by` int(11) DEFAULT NULL COMMENT 'id del usuario que cre''o el banner',
  PRIMARY KEY (`id`)
) ENGINE=InnoDB AUTO_INCREMENT=8 DEFAULT CHARSET=utf8;

-- Volcando datos para la tabla tiens.news: ~7 rows (aproximadamente)
/*!40000 ALTER TABLE `news` DISABLE KEYS */;
INSERT INTO `news` (`id`, `name`, `description`, `hiperlink`, `extension`, `created_at`, `deleted_at`, `updated_at`, `created_by`) VALUES
	(1, 'Noticia 1', 'Lorem ipsum dolor sit amet, consectetur adipiscing elit. Nunc tellus turpis, bibendum a auctor eget, eleifend nec orci. Suspendisse vitae rutrum tellus, vel imperdiet odio. Aliquam hendrerit venenatis felis, ut mollis metus euismod eget. Maecenas finibus,', '', 'jpg', '2016-03-03 09:11:40', NULL, '2016-04-02 23:24:12', 1),
	(2, 'Noticia Regional', 'Lorem ipsum dolor sit amet, consectetur adipiscing elit. Nunc tellus turpis, bibendum a auctor eget, eleifend nec orci. Suspendisse vitae rutrum tellus, vel imperdiet odio. Aliquam hendrerit venenatis felis, ut mollis metus euismod eget. Maecenas finibus,', '', 'jpg', '2016-03-07 19:08:37', NULL, '2016-03-07 19:08:37', 1),
	(3, 'Noticia Chilee', 'Lorem ipsum dolor sit amet, consectetur adipiscing elit. Nunc tellus turpis, bibendum a auctor eget, eleifend nec orci. Suspendisse vitae rutrum tellus, vel imperdiet odio. Aliquam hendrerit venenatis felis, ut mollis metus euismod eget. Maecenas finibus....\r\n\r\n\r\nLorem ipsum dolor sit amet, consectetur adipiscing elit. Nunc tellus turpis, bibendum a auctor eget, eleifend nec orci. Suspendisse vitae rutrum tellus, vel imperdiet odio. Aliquam hendrerit venenatis felis, ut mollis metus euismod eget. Maecenas finibus.', '', 'jpg', '2016-03-07 19:09:06', NULL, '2016-04-01 15:32:03', 1),
	(4, 'Noticia Peru 02', 'Lorem ipsum dolor sit amet, consectetur adipiscing elit. Nunc tellus turpis, bibendum a auctor eget, eleifend nec orci. Suspendisse vitae rutrum tellus, vel imperdiet odio. Aliquam hendrerit venenatis felis, ut mollis metus euismod eget. Maecenas finibus,', '', 'png', '2016-03-07 19:15:58', NULL, '2016-03-30 05:41:59', 2),
	(5, 'Noticia Chile', 'Lorem ipsum dolor sit amet, consectetur adipiscing elit. Nunc tellus turpis, bibendum a auctor eget, eleifend nec orci. Suspendisse vitae rutrum tellus, vel imperdiet odio. Aliquam hendrerit venenatis felis, ut mollis metus euismod eget. Maecenas finibus,', '', 'jpg', '2016-03-07 19:16:53', NULL, '2016-03-07 19:16:53', 1),
	(6, 'sdfdsf', 'Lorem ipsum dolor sit amet, consectetur adipiscing elit. Nunc tellus turpis, bibendum a auctor eget, eleifend nec orci. Suspendisse vitae rutrum tellus, vel imperdiet odio. Aliquam hendrerit venenatis felis, ut mollis metus euismod eget. Maecenas finibus,', '', 'png', '2016-03-07 23:52:38', NULL, '2016-03-07 23:52:38', 2),
	(7, 'Noticia multi país', 'Noticia multi país Noticia multi país Noticia multi país Noticia multi país Noticia multi país Noticia multi país Noticia multi país Noticia multi país Noticia multi país Noticia multi país Noticia multi país Noticia multi país Noticia multi país Noticia multi país Noticia multi país Noticia multi país Noticia multi país Noticia multi país Noticia multi país Noticia multi país ', '', 'jpg', '2016-04-02 23:26:59', NULL, '2016-04-02 23:26:59', 1);
/*!40000 ALTER TABLE `news` ENABLE KEYS */;


-- Volcando estructura para tabla tiens.newsxcountry
DROP TABLE IF EXISTS `newsxcountry`;
CREATE TABLE IF NOT EXISTS `newsxcountry` (
  `id_country` int(11) NOT NULL,
  `id_news` int(11) NOT NULL,
  `created_at` timestamp NULL DEFAULT CURRENT_TIMESTAMP,
  `deleted_at` timestamp NULL DEFAULT CURRENT_TIMESTAMP,
  `updated_at` timestamp NULL DEFAULT NULL,
  PRIMARY KEY (`id_country`,`id_news`),
  KEY `bannerXCountry_idx` (`id_news`)
) ENGINE=InnoDB DEFAULT CHARSET=utf8;

-- Volcando datos para la tabla tiens.newsxcountry: ~14 rows (aproximadamente)
/*!40000 ALTER TABLE `newsxcountry` DISABLE KEYS */;
INSERT INTO `newsxcountry` (`id_country`, `id_news`, `created_at`, `deleted_at`, `updated_at`) VALUES
	(1, 1, '2016-04-02 18:26:06', '2016-04-02 18:26:06', NULL),
	(1, 2, '2016-03-07 14:08:38', '2016-03-07 14:08:38', NULL),
	(1, 4, '2016-03-07 14:15:58', '2016-03-07 14:15:58', NULL),
	(1, 6, '2016-03-07 18:52:38', '2016-03-07 18:52:38', NULL),
	(1, 7, '2016-04-02 18:26:59', '2016-04-02 18:26:59', NULL),
	(2, 3, '2016-04-01 10:32:03', '2016-04-01 10:32:03', NULL),
	(2, 5, '2016-03-07 14:16:53', '2016-03-07 14:16:53', NULL),
	(2, 7, '2016-04-02 18:26:59', '2016-04-02 18:26:59', NULL),
	(3, 1, '2016-04-02 18:26:06', '2016-04-02 18:26:06', NULL),
	(3, 2, '2016-03-07 14:08:38', '2016-03-07 14:08:38', NULL),
	(3, 7, '2016-04-02 18:26:59', '2016-04-02 18:26:59', NULL),
	(4, 2, '2016-03-07 14:08:38', '2016-03-07 14:08:38', NULL),
	(4, 7, '2016-04-02 18:26:59', '2016-04-02 18:26:59', NULL),
	(5, 7, '2016-04-02 18:27:00', '2016-04-02 18:27:00', NULL);
/*!40000 ALTER TABLE `newsxcountry` ENABLE KEYS */;


-- Volcando estructura para tabla tiens.notifications
DROP TABLE IF EXISTS `notifications`;
CREATE TABLE IF NOT EXISTS `notifications` (
  `id` int(11) NOT NULL AUTO_INCREMENT,
  `message` varchar(45) DEFAULT NULL,
  `created_at` timestamp NULL DEFAULT CURRENT_TIMESTAMP,
  `deleted_at` timestamp NULL DEFAULT NULL,
  `updated_at` timestamp NULL DEFAULT CURRENT_TIMESTAMP,
  `country_id` int(11) DEFAULT NULL,
  `model_type` varchar(45) DEFAULT NULL,
  `model_id` int(11) DEFAULT NULL,
  PRIMARY KEY (`id`),
  KEY `notificationsXcountry_idx` (`country_id`)
) ENGINE=InnoDB AUTO_INCREMENT=84 DEFAULT CHARSET=utf8;

-- Volcando datos para la tabla tiens.notifications: ~79 rows (aproximadamente)
/*!40000 ALTER TABLE `notifications` DISABLE KEYS */;
INSERT INTO `notifications` (`id`, `message`, `created_at`, `deleted_at`, `updated_at`, `country_id`, `model_type`, `model_id`) VALUES
	(5, 'Nuevo Banner: Banner multi pa\'is', '2016-04-02 23:14:03', NULL, '2016-04-03 17:17:02', 1, 'banner', 24),
	(6, 'Nuevo Banner: Banner multi pa\'is', '2016-04-02 23:14:03', NULL, '2016-04-03 17:17:02', 2, 'banner', 24),
	(7, 'Nuevo Banner: Banner multi pa\'is', '2016-04-02 23:14:03', NULL, '2016-04-03 17:17:02', 3, 'banner', 24),
	(8, 'Banner editado: Banner multi pa\'is', '2016-04-02 23:15:06', NULL, '2016-04-03 17:17:02', 1, 'banner', 24),
	(9, 'Banner editado: Banner multi pa\'is', '2016-04-02 23:15:06', NULL, '2016-04-03 17:17:02', 2, 'banner', 24),
	(10, 'Banner editado: Banner multi pa\'is', '2016-04-02 23:15:06', NULL, '2016-04-03 17:17:02', 3, 'banner', 24),
	(11, 'Banner desactivado: Banner multi pa\'is', '2016-04-02 23:19:43', NULL, '2016-04-03 17:17:02', NULL, 'banner', 24),
	(12, 'Banner desactivado: Banner multi pa\'is', '2016-04-02 23:20:40', NULL, '2016-04-03 17:17:02', NULL, 'banner', 24),
	(13, 'Banner desactivado: Banner multi pa\'is', '2016-04-02 23:21:36', NULL, '2016-04-03 17:17:02', NULL, 'banner', 24),
	(14, 'Banner reactivado: Banner multi pa\'is', '2016-04-02 23:21:39', NULL, '2016-04-03 17:17:02', NULL, 'banner', 24),
	(15, 'Noticia desactivada: Noticia 1', '2016-04-02 23:24:09', NULL, '2016-04-03 17:17:02', NULL, 'news', 1),
	(16, 'Noticia reactivada: Noticia 1', '2016-04-02 23:24:12', NULL, '2016-04-03 17:17:03', NULL, 'news', 1),
	(17, 'Noticia: editadaNoticia 1', '2016-04-02 23:26:06', NULL, '2016-04-03 17:17:03', 3, 'news', 1),
	(18, 'Nueva Noticia: Noticia multi país', '2016-04-02 23:26:59', NULL, '2016-04-03 17:17:03', 1, 'news', 7),
	(19, 'Nueva Noticia: Noticia multi país', '2016-04-02 23:26:59', NULL, '2016-04-03 17:17:03', 2, 'news', 7),
	(20, 'Nueva Noticia: Noticia multi país', '2016-04-02 23:26:59', NULL, '2016-04-03 17:17:03', 3, 'news', 7),
	(21, 'Nueva Noticia: Noticia multi país', '2016-04-02 23:27:00', NULL, '2016-04-03 17:17:03', 4, 'news', 7),
	(22, 'Nueva Noticia: Noticia multi país', '2016-04-02 23:27:00', NULL, '2016-04-03 17:17:03', 5, 'news', 7),
	(23, 'Evento editado: Evento  01 Chile', '2016-04-02 23:34:43', NULL, '2016-04-03 17:17:03', NULL, 'event', 28),
	(24, 'Evento desactivado: Evento  01 Chile', '2016-04-02 23:34:46', NULL, '2016-04-03 17:17:03', NULL, 'event', 28),
	(25, 'Evento reactivado: Evento  01 Chile', '2016-04-02 23:34:48', NULL, '2016-04-03 17:17:03', NULL, 'event', 28),
	(26, 'Nuevo evento: Nuevo Evento multi país', '2016-04-02 23:35:24', NULL, '2016-04-03 17:17:03', 1, 'event', 1004),
	(27, 'Gallería desactivada: Galer\'ia', '2016-04-02 23:36:14', NULL, '2016-04-03 17:17:03', NULL, 'gallery', 3),
	(28, 'Gallería reactivada: Galer\'ia', '2016-04-02 23:36:21', NULL, '2016-04-03 17:17:03', NULL, 'gallery', 3),
	(29, 'Videoo desactivado: Nuevo Video de Arte', '2016-04-02 23:40:59', NULL, '2016-04-03 17:17:03', NULL, 'movie', 78),
	(30, 'Videoo reactivado: Nuevo Video de Arte', '2016-04-02 23:41:04', NULL, '2016-04-03 17:17:04', NULL, 'movie', 78),
	(31, 'Nuevo video: Nuevo Video de Arte', '2016-04-02 23:48:24', NULL, '2016-04-03 17:17:04', 1, 'movie', 78),
	(32, 'Nuevo video: Nuevo Video de Arte', '2016-04-02 23:48:40', NULL, '2016-04-03 17:17:04', 1, 'movie', 78),
	(33, 'Video editado: Video 3', '2016-04-02 23:49:41', NULL, '2016-04-03 17:17:04', 1, 'movie', 75),
	(34, 'Nuevo video: Nuevo Video', '2016-04-02 23:50:28', NULL, '2016-04-03 17:17:04', 1, 'movie', 80),
	(35, 'Galería editada: Galer\'ia', '2016-04-02 23:55:24', NULL, '2016-04-03 17:17:04', NULL, 'gallery', 3),
	(36, 'Galería editada: Galer\'ia', '2016-04-02 23:55:24', NULL, '2016-04-03 17:17:04', NULL, 'gallery', 3),
	(37, 'Galería editada: Galer\'ia', '2016-04-02 23:55:24', NULL, '2016-04-03 17:17:04', NULL, 'gallery', 3),
	(38, 'Galería editada: Galer\'ia', '2016-04-02 23:56:10', NULL, '2016-04-03 17:17:04', 1, 'gallery', 3),
	(39, 'Galería editada: Galer\'ia', '2016-04-02 23:56:10', NULL, '2016-04-03 17:17:04', 2, 'gallery', 3),
	(40, 'Galería editada: Galer\'ia', '2016-04-02 23:56:10', NULL, '2016-04-03 17:17:04', 3, 'gallery', 3),
	(41, 'Nueva galería: Nueva Galería multi país', '2016-04-02 23:57:01', NULL, '2016-04-03 17:17:04', 1, 'gallery', 10),
	(42, 'Video editado: Nueva Galería multi país', '2016-04-02 23:57:01', NULL, '2016-04-03 17:17:04', NULL, 'gallery', 10),
	(43, 'Nueva galería: Nueva Galería multi país', '2016-04-02 23:57:01', NULL, '2016-04-03 17:17:04', 2, 'gallery', 10),
	(44, 'Video editado: Nueva Galería multi país', '2016-04-02 23:57:01', NULL, '2016-04-03 17:17:04', NULL, 'gallery', 10),
	(45, 'Nueva galería: Nueva Galería multi país', '2016-04-02 23:57:01', NULL, '2016-04-03 17:17:04', 3, 'gallery', 10),
	(46, 'Video editado: Nueva Galería multi país', '2016-04-02 23:57:01', NULL, '2016-04-03 17:17:04', NULL, 'gallery', 10),
	(47, 'Galería editada: Galer\'ia', '2016-04-02 23:59:24', NULL, '2016-04-03 17:17:04', 1, 'gallery', 3),
	(48, 'Galería editada: Galer\'ia', '2016-04-02 23:59:24', NULL, '2016-04-03 17:17:04', 2, 'gallery', 3),
	(49, 'Galería editada: Galer\'ia', '2016-04-02 23:59:24', NULL, '2016-04-03 17:17:04', 3, 'gallery', 3),
	(50, 'León actualizado: Leon Peru 1', '2016-04-03 00:05:17', NULL, '2016-04-03 17:17:04', 0, 'lion', 2),
	(51, 'León agregado: Nuevo León', '2016-04-03 00:05:46', NULL, '2016-04-03 17:17:05', 0, 'lion', 10),
	(52, 'Capacitador actualizado: Entrenador 4', '2016-04-03 00:06:21', NULL, '2016-04-03 17:17:05', 0, 'trainer', 5),
	(53, 'Capacitador agregado: Nuevo Capacitador', '2016-04-03 00:06:55', NULL, '2016-04-03 17:17:05', 0, 'trainer', 6),
	(54, 'Capacitación agregada: Nueva capacitación', '2016-04-03 00:07:55', NULL, '2016-04-03 17:17:05', 1, 'training', 1002),
	(55, 'Capacitación agregada: Nueva capacitación', '2016-04-03 00:07:55', NULL, '2016-04-03 17:17:05', 3, 'training', 1002),
	(56, 'Banner desactivado: Nuevo Banner Peru', '2016-04-03 17:21:39', '2016-04-03 12:21:39', '2016-04-03 17:21:39', NULL, 'banner', 18),
	(57, 'Banner editado: Banner multi pa\'is', '2016-04-04 01:45:18', NULL, '2016-04-04 01:45:18', 1, 'banner', 24),
	(58, 'Banner editado: Banner multi pa\'is', '2016-04-04 01:45:18', NULL, '2016-04-04 01:45:18', 2, 'banner', 24),
	(59, 'Banner editado: Banner multi pa\'is', '2016-04-04 01:45:18', NULL, '2016-04-04 01:45:18', 3, 'banner', 24),
	(60, 'Banner editado: Banner multi pa\'is', '2016-04-04 01:47:28', NULL, '2016-04-04 01:47:28', 1, 'banner', 24),
	(61, 'Banner editado: Banner multi pa\'is', '2016-04-04 01:47:29', NULL, '2016-04-04 01:47:29', 2, 'banner', 24),
	(62, 'Banner editado: Banner multi pa\'is', '2016-04-04 01:47:29', NULL, '2016-04-04 01:47:29', 3, 'banner', 24),
	(63, 'Banner editado: Banner multi pa\'is', '2016-04-04 01:49:55', NULL, '2016-04-04 01:49:55', 1, 'banner', 24),
	(64, 'Banner editado: Banner multi pa\'is', '2016-04-04 01:49:55', NULL, '2016-04-04 01:49:55', 2, 'banner', 24),
	(65, 'Banner editado: Banner multi pa\'is', '2016-04-04 01:49:55', NULL, '2016-04-04 01:49:55', 3, 'banner', 24),
	(66, 'Banner editado: Banner multi pa\'is', '2016-04-04 01:51:37', NULL, '2016-04-04 01:51:37', 1, 'banner', 24),
	(67, 'Banner editado: Banner multi pa\'is', '2016-04-04 01:51:37', NULL, '2016-04-04 01:51:37', 2, 'banner', 24),
	(68, 'Banner editado: Banner multi pa\'is', '2016-04-04 01:51:37', NULL, '2016-04-04 01:51:37', 3, 'banner', 24),
	(69, 'Nuevo Banner: Nuevo Banner - Prueba Notificac', '2016-04-04 01:52:45', NULL, '2016-04-04 01:52:45', 1, 'banner', 25),
	(70, 'Banner editado: Banner Peru 2 ', '2016-04-04 01:53:45', NULL, '2016-04-04 01:53:45', 1, 'banner', 16),
	(71, 'Banner editado: Banner multi pa\'is', '2016-04-04 01:55:44', NULL, '2016-04-04 01:55:44', 1, 'banner', 24),
	(72, 'Banner editado: Banner multi pa\'is', '2016-04-04 01:55:44', NULL, '2016-04-04 01:55:44', 2, 'banner', 24),
	(73, 'Banner editado: Banner multi pa\'is', '2016-04-04 01:55:44', NULL, '2016-04-04 01:55:44', 3, 'banner', 24),
	(74, 'Nuevo Banner: Nuevo Banner Peru', '2016-04-04 02:02:05', NULL, '2016-04-04 02:02:05', 1, 'banner', 26),
	(75, 'Banner editado: Banner multi pa\'is', '2016-04-04 02:04:08', NULL, '2016-04-04 02:04:08', 2, 'banner', 24),
	(76, 'Banner editado: Banner multi pa\'is', '2016-04-04 02:04:25', NULL, '2016-04-04 02:04:25', 2, 'banner', 24),
	(77, 'Banner editado: Banner multi pa\'is', '2016-04-04 02:04:58', NULL, '2016-04-04 02:04:58', 2, 'banner', 24),
	(78, 'Evento editado: Evento 01', '2016-04-04 02:05:45', NULL, '2016-04-04 02:05:45', NULL, 'event', 3),
	(79, 'Nuevo evento: Nuevo Evento', '2016-04-04 02:06:56', NULL, '2016-04-04 02:06:56', 1, 'event', 1005),
	(80, 'Nuevo evento: Nuevo Evento Peru', '2016-04-04 03:01:41', NULL, '2016-04-04 03:01:41', 1, 'event', 1006),
	(81, 'Banner editado: Banner multi pa\'is', '2016-04-06 07:08:41', NULL, '2016-04-06 07:08:41', 1, 'banner', 24),
	(82, 'Banner editado: Banner multi pa\'is', '2016-04-06 07:08:42', NULL, '2016-04-06 07:08:42', 2, 'banner', 24),
	(83, 'Banner editado: Banner multi pa\'is', '2016-04-06 07:08:42', NULL, '2016-04-06 07:08:42', 3, 'banner', 24);
/*!40000 ALTER TABLE `notifications` ENABLE KEYS */;


-- Volcando estructura para tabla tiens.password_resets
DROP TABLE IF EXISTS `password_resets`;
CREATE TABLE IF NOT EXISTS `password_resets` (
  `email` varchar(255) DEFAULT NULL,
  `token` varchar(255) DEFAULT NULL,
  `created_at` timestamp NULL DEFAULT CURRENT_TIMESTAMP
) ENGINE=InnoDB DEFAULT CHARSET=utf8;

-- Volcando datos para la tabla tiens.password_resets: ~0 rows (aproximadamente)
/*!40000 ALTER TABLE `password_resets` DISABLE KEYS */;
/*!40000 ALTER TABLE `password_resets` ENABLE KEYS */;


-- Volcando estructura para tabla tiens.roles
DROP TABLE IF EXISTS `roles`;
CREATE TABLE IF NOT EXISTS `roles` (
  `id` int(11) NOT NULL AUTO_INCREMENT,
  `name` varchar(45) DEFAULT NULL,
  `description` varchar(45) DEFAULT NULL,
  PRIMARY KEY (`id`)
) ENGINE=InnoDB AUTO_INCREMENT=4 DEFAULT CHARSET=utf8;

-- Volcando datos para la tabla tiens.roles: ~3 rows (aproximadamente)
/*!40000 ALTER TABLE `roles` DISABLE KEYS */;
INSERT INTO `roles` (`id`, `name`, `description`) VALUES
	(1, 'Administrador de Región', 'Administra varios países en conjunto'),
	(2, 'Administrador de país', 'Administra sólo un país a la vez'),
	(3, 'usuario', 'usuario estandar de un país');
/*!40000 ALTER TABLE `roles` ENABLE KEYS */;


-- Volcando estructura para tabla tiens.routes
DROP TABLE IF EXISTS `routes`;
CREATE TABLE IF NOT EXISTS `routes` (
  `id` int(11) NOT NULL AUTO_INCREMENT,
  `name` varchar(50) DEFAULT NULL,
  `route` varchar(255) DEFAULT NULL,
  PRIMARY KEY (`id`)
) ENGINE=InnoDB AUTO_INCREMENT=3 DEFAULT CHARSET=utf8;

-- Volcando datos para la tabla tiens.routes: ~2 rows (aproximadamente)
/*!40000 ALTER TABLE `routes` DISABLE KEYS */;
INSERT INTO `routes` (`id`, `name`, `route`) VALUES
	(1, 'url_primaria', 'tiens'),
	(2, 'videos', 'video');
/*!40000 ALTER TABLE `routes` ENABLE KEYS */;


-- Volcando estructura para tabla tiens.scaffoldinterfaces
DROP TABLE IF EXISTS `scaffoldinterfaces`;
CREATE TABLE IF NOT EXISTS `scaffoldinterfaces` (
  `id` int(10) unsigned NOT NULL AUTO_INCREMENT,
  `migration` varchar(255) COLLATE utf8_unicode_ci NOT NULL,
  `model` varchar(255) COLLATE utf8_unicode_ci NOT NULL,
  `controller` varchar(255) COLLATE utf8_unicode_ci NOT NULL,
  `views` varchar(255) COLLATE utf8_unicode_ci NOT NULL,
  `tablename` varchar(255) COLLATE utf8_unicode_ci NOT NULL,
  `created_at` timestamp NOT NULL DEFAULT '0000-00-00 00:00:00',
  `updated_at` timestamp NOT NULL DEFAULT '0000-00-00 00:00:00',
  PRIMARY KEY (`id`)
) ENGINE=InnoDB DEFAULT CHARSET=utf8 COLLATE=utf8_unicode_ci;

-- Volcando datos para la tabla tiens.scaffoldinterfaces: ~0 rows (aproximadamente)
/*!40000 ALTER TABLE `scaffoldinterfaces` DISABLE KEYS */;
/*!40000 ALTER TABLE `scaffoldinterfaces` ENABLE KEYS */;


-- Volcando estructura para tabla tiens.sessionsmath
DROP TABLE IF EXISTS `sessionsmath`;
CREATE TABLE IF NOT EXISTS `sessionsmath` (
  `id` bigint(20) NOT NULL AUTO_INCREMENT,
  `md5` varchar(255) DEFAULT NULL,
  `created_at` timestamp NULL DEFAULT CURRENT_TIMESTAMP,
  `updated_at` timestamp NULL DEFAULT CURRENT_TIMESTAMP,
  `deleted_at` timestamp NULL DEFAULT NULL,
  PRIMARY KEY (`id`)
) ENGINE=InnoDB AUTO_INCREMENT=536 DEFAULT CHARSET=utf8;

-- Volcando datos para la tabla tiens.sessionsmath: ~535 rows (aproximadamente)
/*!40000 ALTER TABLE `sessionsmath` DISABLE KEYS */;
INSERT INTO `sessionsmath` (`id`, `md5`, `created_at`, `updated_at`, `deleted_at`) VALUES
	(1, NULL, '2016-03-09 03:01:07', '2016-03-09 03:01:07', NULL),
	(2, '0', '2016-03-09 03:02:22', '2016-03-09 03:02:22', NULL),
	(3, '0', '2016-03-09 03:03:12', '2016-03-09 03:03:13', NULL),
	(4, '0', '2016-03-09 03:03:50', '2016-03-09 03:03:50', NULL),
	(5, '0', '2016-03-09 03:04:29', '2016-03-09 03:04:29', NULL),
	(6, '$2y$10$TAnbyRowyD6YJje5Jh3gV.lQ2ykC8UY9YE2XDx5mbj/dXfIvlOdAu', '2016-03-09 03:05:12', '2016-03-09 03:05:12', NULL),
	(7, '$2y$10$HWQR4lZHx90RtN86Dr0I2.o96PsWpith8vTdbk08IJWERlMMDPXcC', '2016-03-09 03:11:05', '2016-03-09 03:11:06', NULL),
	(8, '$2y$10$Sn8vQ57wwwdvwH.L5H1Tk.25kB6Isk.jHgQE3M76/VEqXugbPsDLq', '2016-03-09 03:11:23', '2016-03-09 03:11:23', NULL),
	(9, '$2y$10$.L7mIiwnWJp9RgFypS05n..dfTj42GCgvgEihGa5CE2XTGgID7RYO', '2016-03-09 03:11:42', '2016-03-09 03:11:42', NULL),
	(10, '$2y$10$TPcP4JojjRPIDbnnGDuzg.MJfUozjR3vHhEYy7QrIN9QYuw.AM.Ue', '2016-03-09 03:12:54', '2016-03-09 03:12:54', NULL),
	(11, '$2y$10$eQXb2tmtOiRE5H9dVZMae.VdoVehWQtuf36dfInWcDbsXrmwSlRoC', '2016-03-09 03:30:47', '2016-03-09 03:30:48', NULL),
	(12, '$2y$10$N0y73vsByp8NtATMB5sQY..hb1pL/BCnTNRGeDmLIAKY8ECJt2c4W', '2016-03-09 03:35:15', '2016-03-09 03:35:15', NULL),
	(13, '$2y$10$LeZGYKuEE.1cVKdJvQl2w.vCjyCgj62pIWbkanEDDGH83KhxqqPTu', '2016-03-09 03:46:30', '2016-03-09 03:46:30', NULL),
	(14, '$2y$10$2rhqVNibp.u9SBS.CnJGs.cnB3M82Rrz7zQll.j0FLkbqNz1vqkzu', '2016-03-09 04:31:44', '2016-03-09 04:31:44', NULL),
	(15, '$2y$10$mzYI/HFpppm1KFKD20A/ju00i7caa5NfZRxwyKxonkx/o1z32ChKS', '2016-03-09 04:37:16', '2016-03-09 04:37:16', NULL),
	(16, '$2y$10$HhrdLNq/KGBfl3UnwEnzBu3AHuiYabLAaVwWXf58tbAoOPKRxgVqi', '2016-03-09 04:56:24', '2016-03-09 04:56:24', NULL),
	(17, '$2y$10$jXDsl9JSW6MZmqWzWbFvSO79sBjqH8SrvgVbZWCn1slPLl0IAqH1a', '2016-03-09 04:58:01', '2016-03-09 04:58:01', NULL),
	(18, '$2y$10$X.qVYg5j65dG0PrxvzPmye4R/EVOUENITvp6vSzXlNctIU49vVuNG', '2016-03-09 04:58:54', '2016-03-09 04:58:54', NULL),
	(19, '$2y$10$iURG0a673jmgmxecGkAhLuYT/MPDRzjIouwenPjCi2tBc5DiOx0vK', '2016-03-09 05:20:15', '2016-03-09 05:20:15', NULL),
	(20, '$2y$10$rvMEtc4olgoHXNcPoBq3rOQGWo/fg/Xa9c5CYKZ4wuTHe5UsV8zFO', '2016-03-09 05:29:40', '2016-03-09 05:29:40', NULL),
	(21, '$2y$10$k41q0hJYXwz/cu1xLpvv3O9wf/xPewlG6kchlxLpdIyb7W9x4c3Qi', '2016-03-09 05:30:57', '2016-03-09 05:30:57', NULL),
	(22, '$2y$10$l3pYJ/ZpkSnpmPFKfyiLhuVXGiPlCQAcvoFvfX9GfQHCM/LVzvtMS', '2016-03-09 05:32:12', '2016-03-09 05:32:12', NULL),
	(23, '$2y$10$3fPALb0T8c01lKW0rZFW7.8Ip56cPHIiMUzxmqSu9HBpTtjdyKbZC', '2016-03-09 05:34:24', '2016-03-09 05:34:24', NULL),
	(24, '$2y$10$6L.g1.6asVB/bv9d0/hi2.aMCDZVjDzourOmO2jyMZw/FZkkadKDe', '2016-03-09 05:35:48', '2016-03-09 05:35:48', NULL),
	(25, '$2y$10$.4IESvdTp.cOWyt9XeWGhePObZjfPdmBfPg99824gSOBQUSouqxeu', '2016-03-09 05:36:53', '2016-03-09 05:36:53', NULL),
	(26, '$2y$10$SlXxNVzRTgJr/37ZDyr0r.8mqgM7aI67kbx0uydL955YG65jjfsI6', '2016-03-09 05:37:19', '2016-03-09 05:37:20', NULL),
	(27, '$2y$10$nRJbVpZxM2wmLL3QNtyILu0EfrHqwTzOUSFbfWZXhSTxhInqMWoXq', '2016-03-09 05:39:50', '2016-03-09 05:39:50', NULL),
	(28, '$2y$10$IE9.n3rzthh7AN5zfYKh3uN4mBoyltB6Fqdt5/zYt2JGhOnaDV4sq', '2016-03-09 05:42:09', '2016-03-09 05:42:09', NULL),
	(29, '$2y$10$RQbuL/Y9hytu8quLgJdG2uRjlaE277wl.fO2VlEBx8HpBNjVKH/p2', '2016-03-09 06:32:10', '2016-03-09 06:32:10', NULL),
	(30, '$2y$10$8TL/bLHaAyx3cJoeZ0VKXO3KSg4/ssf37f3ixVpohQKPQFVWePfk6', '2016-03-09 06:32:42', '2016-03-09 06:32:42', NULL),
	(31, '$2y$10$zF3mj1RSUlq/PKYYZJaOROERaH3cKF7hCPiAhD531TggF56WoGx6C', '2016-03-09 06:34:27', '2016-03-09 06:34:27', NULL),
	(32, '$2y$10$bA4hgL6rXJir3MjEIhuZLOhpmhsq8.C9Ai0XovtXbtN2heoiiuHGe', '2016-03-09 06:35:19', '2016-03-09 06:35:19', NULL),
	(33, '$2y$10$vi3ZUvk3hUBL1Go7yZILqu7Yh/UjoSm2HGK9cCORLPjdO55U8/ScC', '2016-03-09 06:35:47', '2016-03-09 06:35:47', NULL),
	(34, '$2y$10$.W7xGIY8iIfg352EeNBJq.v2j2d8To0vVDnR4AocCcmLOfGu5jqpu', '2016-03-09 18:55:03', '2016-03-09 18:55:03', NULL),
	(35, '$2y$10$6L3E6dkulNWUG91jH/Un3e5i/g196xiBpUU/dAVddLmSV6HIn8ghO', '2016-03-09 19:02:48', '2016-03-09 19:02:49', NULL),
	(36, '$2y$10$iyEYBYb1mOCahfC1eMGjzuUeWViGVq7rX0JPmNJBnOoXiImuM4NH.', '2016-03-09 19:04:06', '2016-03-09 19:04:06', NULL),
	(37, '$2y$10$SC5xj4XDmMSDF1vRZu23DeAlrMAZ0W9yhwwCvMQPEYD8KiG/1JoV6', '2016-03-09 19:06:03', '2016-03-09 19:06:04', NULL),
	(38, '$2y$10$bxBYO7.S6bYYnIjCcsE9w.dhpiNMKJBSkfSR8LMzFU70uA9gmpf.u', '2016-03-09 19:07:39', '2016-03-09 19:07:40', NULL),
	(39, '$2y$10$.6ikTE6m7grGSc/DZBWjee3.DREeJOXoQ21s.VeesjMnx8KRhXEOK', '2016-03-09 19:07:55', '2016-03-09 19:07:55', NULL),
	(40, '$2y$10$dhtYDm5iraZdjmX7owTN5eBGxzb1PXObZPWG9cZZnP.N5exx7NpM6', '2016-03-09 19:08:22', '2016-03-09 19:08:22', NULL),
	(41, '$2y$10$QYjn.cm2JQErnlySzItnNuNmugNWxIljgmwF4jmINsXEfJqExwwh.', '2016-03-09 19:19:08', '2016-03-09 19:19:08', NULL),
	(42, '$2y$10$fHMLsd9P8P.y3EgROo8gcelxNpLH5WQWZfu6YBn6m5xakCak.PIvq', '2016-03-09 19:25:11', '2016-03-09 19:25:11', NULL),
	(43, '$2y$10$zeYEFUsBvQEYfjTssff4jOAJTl3KFhE/mftjws7drtgmhpb0KEwsS', '2016-03-09 19:25:27', '2016-03-09 19:25:28', NULL),
	(44, '$2y$10$nCx7Z.HsNhHhUaSLf2wchObVMP.PtUSUENjKr7xWkgmO1dtpkvOt.', '2016-03-09 19:25:45', '2016-03-09 19:25:45', NULL),
	(45, '$2y$10$dVmI/YhfSNMFohWACoTxrOPaQ0cWHMnoXiERi6i5HVgmAvIKDatcW', '2016-03-09 19:26:38', '2016-03-09 19:26:38', NULL),
	(46, '$2y$10$aQLdCAZroDx7IdmZf3PRTu.Zm0ArySARFVa6OUp1jyJu.lG08BJ0a', '2016-03-09 19:50:11', '2016-03-09 19:50:11', NULL),
	(47, '$2y$10$NjL5ffrMqGgiPwTmE364p.s0aRszVYgT0czYROaUAB3S4gRa58d4G', '2016-03-09 19:50:43', '2016-03-09 19:50:43', NULL),
	(48, '$2y$10$3PTZUqO9p9yqD166T4xFGe5yO24vVqv0vhDrA9AWBEW2C6ugnsN3G', '2016-03-09 19:51:01', '2016-03-09 19:51:01', NULL),
	(49, '$2y$10$oN6zy3RSgBYcDBoLJjkYw.FRQ1nRncV6wqFNKroG52dIK7oeOlBmS', '2016-03-09 19:51:26', '2016-03-09 19:51:26', NULL),
	(50, '$2y$10$1x.aAQFivMtnB5m5dotKH.FXAvN9d/JCH2UABvu.AcI7gvJoeaZSq', '2016-03-09 19:51:52', '2016-03-09 19:51:52', NULL),
	(51, '$2y$10$pt179s0NbwnYlz.QzFf12.P0ZZJUK/i5GzkLFJ.CPIjN1Z0tW1bdm', '2016-03-09 19:52:32', '2016-03-09 19:52:32', NULL),
	(52, '$2y$10$K8YEpzrOGMd2ESrbBu0r9uqPDJONPLtJmIPIyoqbjvJahQZQNx0X.', '2016-03-09 19:52:48', '2016-03-09 19:52:48', NULL),
	(53, '$2y$10$9eSdIw59C.DBxvzCizY2Hur8tQN.6UvgKFnkYSI0tIz9T80sxyJK.', '2016-03-09 19:53:09', '2016-03-09 19:53:09', NULL),
	(54, '$2y$10$vQvT1twkIuzMKyNRyhgN9.6gYFQW5d5DJCddyGPwYvIzhjL51eGo6', '2016-03-09 19:56:12', '2016-03-09 19:56:12', NULL),
	(55, '$2y$10$ezHN76mPcTslQ31dfBhXpuY8kxnlhVX9GLf7hBp9kCZbWc1sZYVh.', '2016-03-09 20:02:40', '2016-03-09 20:02:41', NULL),
	(56, '$2y$10$.HFT0RowhbtQYihMPxscduA7IKk/e2ZMVog.tHcY9keUTYHNaLm3C', '2016-03-09 20:05:16', '2016-03-09 20:05:16', NULL),
	(57, '$2y$10$Eks55ikcCV8zNg/GoZhuTu3GU4DUR33UU7lGajWc/ssPT.cWlh2gK', '2016-03-09 20:13:54', '2016-03-09 20:13:55', NULL),
	(58, '$2y$10$aVe8EnW73uZtsOcNKfG/POyp32/jalL/8a5ziUYZIB63roGdPNRuO', '2016-03-09 20:14:10', '2016-03-09 20:14:10', NULL),
	(59, '$2y$10$nT0nG9Y7XHGOk1hckXiBQ.HmTrjECUQL3PvRyBGYa7yGFEbjprqyy', '2016-03-09 20:14:25', '2016-03-09 20:14:25', NULL),
	(60, '$2y$10$T9OdDPlqwPd1/PI0LCGrgecfK3qVT9SQTM9BNzPslGvIj6vgLjZQm', '2016-03-09 20:15:04', '2016-03-09 20:15:04', NULL),
	(61, '$2y$10$uWEG1neg2AXwVCbMgn/SQeRwC64MgM1gUOK//zv1QuI0DdMTG5tDW', '2016-03-09 20:16:52', '2016-03-09 20:16:52', NULL),
	(62, '$2y$10$xAlcK.uSUy0Sxc03oAA9vuk5YuzDU/m9OeOQaJFN6lWkKrcVX9xjS', '2016-03-09 20:17:43', '2016-03-09 20:17:43', NULL),
	(63, '$2y$10$CxJdOlSVZe/mQBT8bpGwwuuk8OWI2IKMspojKU3owSoX/6MvcQcpO', '2016-03-09 20:23:27', '2016-03-09 20:23:27', NULL),
	(64, '$2y$10$dBu.nAwgOA1S7mJhHLZXLuJJxY5I/1fPfszAqs7LaEkgfUt0Zqieq', '2016-03-09 20:24:08', '2016-03-09 20:24:09', NULL),
	(65, '$2y$10$xpUxy5dHsqrjz7FOe/.E/en7s4rSSfPHkXkYCTxD1UGFvm3cEFLRq', '2016-03-09 20:24:35', '2016-03-09 20:24:35', NULL),
	(66, '$2y$10$FOJPiCd1sg1Ls2.2K2x0y.49gM8kKB9M3/hkQZp/2kU4cII625UQu', '2016-03-09 20:24:43', '2016-03-09 20:24:43', NULL),
	(67, '$2y$10$2o2wh8RP19mCHr.bfFexH.wjk0guC2Y31Qw/lXg8Bn1M4hHvHVmtW', '2016-03-09 20:24:43', '2016-03-09 20:24:43', NULL),
	(68, '$2y$10$iEllhBvLbzQFXZAb9LUo3.tJYgss0imn6CdopraKFSUl2v6VtwEKq', '2016-03-09 20:27:26', '2016-03-09 20:27:26', NULL),
	(69, '$2y$10$qrpm5NoPTptUP2dj6EdCXu1f/0t4lGzrNnu/f6CHF/sqg2q2iyV8y', '2016-03-09 20:31:20', '2016-03-09 20:31:20', NULL),
	(70, '$2y$10$Jeybw0dMrWdWTuiWQVxNQOtFaJdYd4E1jxJqH9WU8coGjfa7lIYSi', '2016-03-09 20:32:13', '2016-03-09 20:32:13', NULL),
	(71, '$2y$10$7FtdI9M8VlyLu/hdSLkcQ.dN4OFOpgfAaXX55Nw8ttsWLiS9WDwfG', '2016-03-09 20:33:26', '2016-03-09 20:33:26', NULL),
	(72, '$2y$10$0zH9a3g1AjPDrXjydnrn5.dK9Esz1vDA6PE5tw/v6G.odALMZTahK', '2016-03-09 21:39:42', '2016-03-09 21:39:42', NULL),
	(73, '$2y$10$.zaZbJjHcGmjpUIOzSUbrOSC6x99FbTRCee7uLXNKrmTEzIcOQL3.', '2016-03-09 21:40:01', '2016-03-09 21:40:02', NULL),
	(74, '$2y$10$x.jPfTIm885tkU.K5B8v6OK1HgaHn0uKuLggfxxjPCc5goqFx0mr2', '2016-03-09 21:49:02', '2016-03-09 21:49:03', NULL),
	(75, '$2y$10$.TJsfUHwyn3YiQP1SD38serfjM/70ZFKi.0Hae2cdJF6EfN6k/l2e', '2016-03-09 21:49:24', '2016-03-09 21:49:24', NULL),
	(76, '$2y$10$gl2kGTv56OjplD/XEC6VXu5K9i.8OUwnUUbV5zf0L4xx2CE0Yln0O', '2016-03-09 21:49:59', '2016-03-09 21:49:59', NULL),
	(77, '$2y$10$kV7CJ0eGTIPyaIdJTr.AAe73iGwv/vnL35burn6k9.lHiI0lowcP6', '2016-03-09 21:50:06', '2016-03-09 21:50:06', NULL),
	(78, '$2y$10$yT08fcKlKCkrRNro5HaZxul4BlOMaFehzHcz0xW91h3TSJb/I5m6a', '2016-03-09 21:51:07', '2016-03-09 21:51:07', NULL),
	(79, '$2y$10$C0ZvKYjhIQRNE5D0xsQfd.AmEjWlHC3kKvh.h0YkV/Cjj9J5W4m5u', '2016-03-09 21:51:16', '2016-03-09 21:51:17', NULL),
	(80, '$2y$10$hQVGeFgGhdPVqcP7QM0QS.CCMM/5.elrfTFl0tvKn8vZGBHOA45b2', '2016-03-09 21:52:05', '2016-03-09 21:52:05', NULL),
	(81, '$2y$10$TVqq1yWHrKvIbVrwHlDeG.SmYPJYyD6NIeaW5q7lFP111fbaM6Xs6', '2016-03-09 21:52:47', '2016-03-09 21:52:47', NULL),
	(82, '$2y$10$ws6p2MEa3vqdDGOFaojjXuwitVeKL3iL72/d1KYb5gy3lfqnE5yRC', '2016-03-09 21:53:54', '2016-03-09 21:53:54', NULL),
	(83, '$2y$10$eQh1tAY3sM1w8P7yBnNlHu6vL366qX7C06B4.br3RpntNTktWK4zK', '2016-03-09 21:54:11', '2016-03-09 21:54:11', NULL),
	(84, '$2y$10$lCsRM5g1KYdHCJYWAHPVp.uEOlAkBXmZXmeEHmyAqGuW5m1.jZT3K', '2016-03-09 21:54:23', '2016-03-09 21:54:23', NULL),
	(85, '$2y$10$EUMXkDVR81D/o68AQsrAq.OKvH9I4LGFfG.DBOJx9W/RlVftGvqEu', '2016-03-09 21:54:29', '2016-03-09 21:54:29', NULL),
	(86, '$2y$10$xc16FtQ3o7HVJkfAmhuPp.gnxy8C5XmZ7C2EL6jFxu2vidYc1z8O.', '2016-03-09 21:55:28', '2016-03-09 21:55:29', NULL),
	(87, '$2y$10$BgVL0y7xCeNXOpAGqhvH4e1uBBxylV/p.OcrJCRbxHoWMlqEoBqO.', '2016-03-09 21:56:08', '2016-03-09 21:56:08', NULL),
	(88, '$2y$10$5lNxmRYFnEBz7Ti5pCBCd.SQ/icjxVt3q2Bzsn6Q1Cj7ELeFndTDq', '2016-03-09 21:56:21', '2016-03-09 21:56:21', NULL),
	(89, '$2y$10$nr9eFGE0JNHadxjzJg2psuguDok4JKQ5h8Ht04w/IF4t71ClsW15S', '2016-03-09 21:56:22', '2016-03-09 21:56:22', NULL),
	(90, '$2y$10$Ya.Ion3Ddd92ViILl./p9OFX3RPFcpGR8N7fwXyZe.ktYYPuCQHYq', '2016-03-09 21:56:58', '2016-03-09 21:56:58', NULL),
	(91, '$2y$10$1CE27BiGBHr42Q1LouDfq.ijPPNgr58RptuiRsmj8l//8yZByv/qq', '2016-03-09 21:57:23', '2016-03-09 21:57:23', NULL),
	(92, '$2y$10$n4hkon1oPAqBMR3/wm9fjeNnBrHIIbC.FJ3S9thbqNLuCo02lNU..', '2016-03-09 21:57:50', '2016-03-09 21:57:50', NULL),
	(93, '$2y$10$IjEWb9IJo6CY4VQu7HLku.x80bknZVtNNboFEyqWizERvXYBUY9z2', '2016-03-09 21:58:32', '2016-03-09 21:58:32', NULL),
	(94, '$2y$10$q6DqZ2ygVJz3zdFZ.eYqXeJ2GFbIKikXQbSPh3QEpkrdZXLCGdqEu', '2016-03-09 21:59:12', '2016-03-09 21:59:12', NULL),
	(95, '$2y$10$Jr1CIBpJJBXXrj52oCwyZuewy2iBTY24I1FvbuSJSA3OJ83nfQQsC', '2016-03-09 21:59:27', '2016-03-09 21:59:27', NULL),
	(96, '$2y$10$Maai2wzHYbNJj2QT82tsNuXxJvcbcHCkqX28GPk6GCdKXwRmlO0d2', '2016-03-09 22:00:49', '2016-03-09 22:00:49', NULL),
	(97, '$2y$10$WHwktNJvNCJ7ENkbMNPMNOOPy2l9ifTn1eeDRQPuIiX25DEhrIBUu', '2016-03-09 22:01:31', '2016-03-09 22:01:31', NULL),
	(98, '$2y$10$RLVj7FpewcnxiHNIqrzTeOC9EdM5Ol/2/1jAodtaBQPV7qXMElRce', '2016-03-09 22:02:27', '2016-03-09 22:02:28', NULL),
	(99, '$2y$10$Xw39hriovjHIWVJkHN7QVO1odHRGTCuabba769xXTnbGFz4jm9ywS', '2016-03-09 22:04:06', '2016-03-09 22:04:07', NULL),
	(100, '$2y$10$.ipSqGaFaoGBV1Taxu84B.3Jd91/fTI1ZD6CDAt6o9JdO8MYr5giq', '2016-03-09 22:04:51', '2016-03-09 22:04:51', NULL),
	(101, '$2y$10$aLVceCiQtdB.EF5r0Cme0.2ZWnissXIsszVawUBcpoqCNxcnflvU2', '2016-03-09 22:05:19', '2016-03-09 22:05:19', NULL),
	(102, '$2y$10$o94lDyFYCyfrMD4Z.RPkh.0yTBFcmsZYeuuZ4Ea1plqHDejC/.lMa', '2016-03-09 22:06:29', '2016-03-09 22:06:29', NULL),
	(103, '$2y$10$JF5gjkrzGD6enXZ2ixvX/..ec7fWYzgEWmYhMpVILjf26bg9JxzaO', '2016-03-09 22:11:46', '2016-03-09 22:11:46', NULL),
	(104, '$2y$10$PWq/UnsFatHShTmMgrXVE.wi1VCkcpuZQLWvg4cD.2Ewua1HMS.l.', '2016-03-09 22:12:39', '2016-03-09 22:12:39', NULL),
	(105, '$2y$10$/V1yphyiZkjmH4mxsGYyX.0SWx4tOpPb/bYde2WyrZj1g9VLTOUEe', '2016-03-09 22:15:30', '2016-03-09 22:15:30', NULL),
	(106, '$2y$10$irEYRTbReoPa5PijNf19L.anIRmA5fEiSJ..rHgKt4vj8nRmDKed.', '2016-03-09 22:17:30', '2016-03-09 22:17:30', NULL),
	(107, '$2y$10$LR.1Gs94d3L9fhwXXv1IjuDQShdGao9Zh/yyavtDu2kDogRH.Cb/S', '2016-03-09 22:17:50', '2016-03-09 22:17:50', NULL),
	(108, '$2y$10$Rhe7Cd7aeI4u.PCFEkpiY.mkD1IF8yXqYBGWgnMr78A2YTOXspNti', '2016-03-09 22:18:54', '2016-03-09 22:18:54', NULL),
	(109, '$2y$10$cLzBeWt/JuOe.ebUELTPX..f6.ih07oxyVqO9iDuOo/5RgC9mcddm', '2016-03-09 22:20:31', '2016-03-09 22:20:31', NULL),
	(110, '$2y$10$6toj1iVgmk8qc8x0jjfRfObf8k7Cfww5UjRqtBiSjy/ivOeTEOQXK', '2016-03-09 22:21:54', '2016-03-09 22:21:54', NULL),
	(111, '$2y$10$4x7LfK76IsnWrAOeeYHQ4uGhpoRfbuo.mIYoIb1NC6grpsL5rAxxS', '2016-03-09 22:46:27', '2016-03-09 22:46:27', NULL),
	(112, '$2y$10$8bGfEld3QtDXmqSZhTxXSOh3mXBRlGYbvQ4daeILTfN9DMTwYcQoO', '2016-03-09 22:48:23', '2016-03-09 22:48:23', NULL),
	(113, '$2y$10$9eg5oGlbfiIEoakVTcgAt.iP.PeuHIyJ9PiwNcU3euSMzq3A8AFKS', '2016-03-09 22:53:47', '2016-03-09 22:53:47', NULL),
	(114, '$2y$10$F2W3lyau2N0dVfslzIvjO.oTc8rekOLqwP.BQTYuXtwdfnN8brD..', '2016-03-09 22:54:53', '2016-03-09 22:54:53', NULL),
	(115, '$2y$10$xoaLZFEwrRhEc8Vmx5ZGR.MhxoW6nrW0o4Q8H5l5Io5ZfUKq35Koa', '2016-03-09 23:12:37', '2016-03-09 23:12:37', NULL),
	(116, '$2y$10$DPDOzOFrVpFRytorUFxpMeOb32RrcljuXaqln.J.YjHs5j/xrgNK.', '2016-03-09 23:14:31', '2016-03-09 23:14:31', NULL),
	(117, '$2y$10$GbycoEmpRc3sPDqUmh4Luu2WmrV3JztQyD42WFusgbKuh17G.trnC', '2016-03-09 23:17:40', '2016-03-09 23:17:40', NULL),
	(118, '$2y$10$kyLAOD4iGcDR1j9aQpo8y.gYMYn/omjtZD6jYTkfaI3QllRDRXRrm', '2016-03-09 23:18:10', '2016-03-09 23:18:10', NULL),
	(119, '$2y$10$bCEf/Yq/LC5dgwAgCW7ZGOIudIfPQsRSLCySyf1Spqb2TOwM1nsEe', '2016-03-09 23:18:10', '2016-03-09 23:18:11', NULL),
	(120, '$2y$10$pyLlbhfi5BzMGLTEk3UYJutB2XFUMLXddQ4/VlVipmAHnvs1hFd22', '2016-03-09 23:19:12', '2016-03-09 23:19:13', NULL),
	(121, '$2y$10$F2vj9/CqCyLmlEyryodh7OaFXupZVGLycV.s6CqSKHefsj47i9V5.', '2016-03-09 23:19:24', '2016-03-09 23:19:24', NULL),
	(122, '$2y$10$ljqVgJwGNmin0yj96SlmgOsII9/0WURO6BXmJMzFoUFS/0uvzcoMu', '2016-03-09 23:32:19', '2016-03-09 23:32:19', NULL),
	(123, '$2y$10$uZxTtZ5i6jJELijkL9RAH.XEHbIWUkA2ak5gqZUadwCdDmmUHOQTK', '2016-03-09 23:38:59', '2016-03-09 23:38:59', NULL),
	(124, '$2y$10$5yxgOcgvzRP368kTnO2XweWN3/Y9Um75aQgkVRSEpSinIHPF.4u5W', '2016-03-10 00:37:56', '2016-03-10 00:37:56', NULL),
	(125, '$2y$10$qPfOqW4lFoNUol8hUmtF/u4Vgb26Aatu7SrUSyYpbMjX4Z7rDtHcy', '2016-03-10 00:40:09', '2016-03-10 00:40:10', NULL),
	(126, '$2y$10$del.p812XK9IDCUmTW1MfejM0SsHNFNqT4q6dpUvakkWPX8olcg..', '2016-03-10 01:03:07', '2016-03-10 01:03:07', NULL),
	(127, '$2y$10$Spa.5GL19Xg9KtGOKQBxyeBJ9q25GidAJ.ELd5TvEYyg9t4W3p64i', '2016-03-10 01:04:52', '2016-03-10 01:04:52', NULL),
	(128, '$2y$10$B7KgOHCDPD3pf6a.OOpx3uDmGisI2CpRyfK/oGkZ2.rhg0MeDxDhe', '2016-03-10 01:10:21', '2016-03-10 01:10:21', NULL),
	(129, '$2y$10$y2cm3CSdiIPjgFcXMlSVVu5W7u7mkZ1sgjY0TQh929.XYODTogGh6', '2016-03-10 01:11:04', '2016-03-10 01:11:04', NULL),
	(130, '$2y$10$HHChky1a.8W2sY.40HC/x.CkioOVjDPROVyuJReDQsgnfSQ7pn6BS', '2016-03-10 01:20:00', '2016-03-10 01:20:00', NULL),
	(131, '$2y$10$pZY2azXZHN3iLlgxbdP7l.6nKTw/7ZNcPw2FxxCUlL363Kk6XQTxy', '2016-03-10 01:20:44', '2016-03-10 01:20:45', NULL),
	(132, '$2y$10$R/UCmitMD3689iqKrFNXN.WnBN9cotdsIm.VDdA6SqNF4NZ9oiR/W', '2016-03-10 01:21:37', '2016-03-10 01:21:37', NULL),
	(133, '$2y$10$x6ML98q9.giISuRAccVL6.7/xp27/Vs3la8WRWjvcVfBjDBV3LaEe', '2016-03-10 03:40:36', '2016-03-10 03:40:36', NULL),
	(134, '$2y$10$muPK7TitazUQAiM1fLsMDuTlmAjogn6Wgum/owuCJPNV4Qjth7RxG', '2016-03-10 03:41:15', '2016-03-10 03:41:15', NULL),
	(135, '$2y$10$.62T19YWHEp0IEDMyuYcveF4awVcGzbJNkoT/LhkMXq5aHGYQ4mRy', '2016-03-10 03:41:39', '2016-03-10 03:41:39', NULL),
	(136, '$2y$10$IxaFPcn/Sd9oRGKdHsgCcu05.BVcyZlX1KeBsyUd1MMhgy.z3Ha..', '2016-03-10 03:42:38', '2016-03-10 03:42:39', NULL),
	(137, '$2y$10$JDBPGCJZER/KWjZw23/X9uvOlHhy.AODUL3TXnBASzbd2O/o76e7K', '2016-03-10 03:47:07', '2016-03-10 03:47:07', NULL),
	(138, '$2y$10$bhf5zCs8ywZXItEJN6TpG.PeN57qDGumAfAggF4AVUVA9PjidJlaC', '2016-03-10 04:07:46', '2016-03-10 04:07:46', NULL),
	(139, '$2y$10$NrM3bTa9qEezgzRhjH3esOpPBLaOFDclXZpaD41/DoyPiYTYEKU4e', '2016-03-10 04:10:44', '2016-03-10 04:10:45', NULL),
	(140, '$2y$10$epX5XaGi.Jdjpa0N7wa/Oep34B1zG/6niHQPlW7NRfmx0PyPtYCEe', '2016-03-10 04:11:39', '2016-03-10 04:11:39', NULL),
	(141, '$2y$10$Ho1dgZZEU5OMfzztxehBweJAGLcUORAyez0dzbH3OFRkufjMe8rS6', '2016-03-10 04:20:44', '2016-03-10 04:20:44', NULL),
	(142, '$2y$10$T7lJx1YKslyFFJWELRe7ZOFpwnJhQEhu9JmW64qttGwdea7Mb1cD.', '2016-03-10 05:27:28', '2016-03-10 05:27:28', NULL),
	(143, '$2y$10$tRTkiXJ9GE1y4eBOYswwJeL3p/SVLTlGwt5fMQfDaoGKP6eVk/FAu', '2016-03-10 05:28:16', '2016-03-10 05:28:16', NULL),
	(144, '$2y$10$vWxF7mUWbdqSLM3sdgUpPOdp85XJrwQCOa7Xsjr7IoQjkeXTwtz0.', '2016-03-10 05:31:04', '2016-03-10 05:31:04', NULL),
	(145, '$2y$10$Sx.VvlDMS7FOfU6rVf/vde6OGbKhlTVK1nz0KwtrRf0vMObWk/d82', '2016-03-10 17:18:24', '2016-03-10 17:18:24', NULL),
	(146, '$2y$10$rLnA5gDyvsZYqe3BXlP7buNLIFMJ1f.X2kNSwUvkmG8lJIPgJp1aS', '2016-03-16 15:49:07', '2016-03-16 15:49:08', NULL),
	(147, '$2y$10$scthRmiGqp78UQbWRaqhKODnZKMM8aHgLec4hWkEEpwTgTkKG48Iq', '2016-03-16 15:59:03', '2016-03-16 15:59:03', NULL),
	(148, '$2y$10$MZZvnrFVxmjxsoSgzvKPROYiJOV6A0gnlshUjv5dHyJXPypyRVHzi', '2016-03-16 16:00:08', '2016-03-16 16:00:08', NULL),
	(149, '$2y$10$dDU0IZcpB1m2QBOzHaOia.6sWRwWhF5yDlrcMAcWOSQ9DBj3i3VkC', '2016-03-16 16:01:01', '2016-03-16 16:01:02', NULL),
	(150, '$2y$10$Hs6bMGYQtac7tI3UEdpdRuEhYzSq/s4xPZp4.A5P8j1A/2bseGAa2', '2016-03-16 16:01:20', '2016-03-16 16:01:20', NULL),
	(151, '$2y$10$iGwbdtCXWKSAM.v0/elc7eKAjoIhrZDF33MVbsluERj06kpK8VWRm', '2016-03-16 16:01:21', '2016-03-16 16:01:21', NULL),
	(152, '$2y$10$YgLI4tkvIBvGk857fIgVduA.PKriK5.pvm27.zLGzfsHTPVvWuaem', '2016-03-16 16:02:06', '2016-03-16 16:02:06', NULL),
	(153, '$2y$10$QdvODg4.KDiKFynV.zhjOOLZOMUuOEUH9Eq.m0EjdxG5A..ispANi', '2016-03-16 16:16:12', '2016-03-16 16:16:12', NULL),
	(154, '$2y$10$xKF8BeWvR9lV2Q/EKDRIU.9RNERJGu1DzJYB.TkIrA5nyMSuy5XD.', '2016-03-16 16:17:53', '2016-03-16 16:17:53', NULL),
	(155, '$2y$10$YXvbkaI1CdGCe2Ly0qlQPuo.LV0jH3RpRPIQpqkwEqaYhZDEtlOci', '2016-03-16 16:18:44', '2016-03-16 16:18:44', NULL),
	(156, '$2y$10$kpeq2eDoaqZVSwzH0S6ZNe4LVsOXJ8rw7zJ6e.jIQ3jnvUe7fptiG', '2016-03-16 16:19:59', '2016-03-16 16:19:59', NULL),
	(157, '$2y$10$1HyDei7YZgVqBPfI0e4AouKrYNL9iNxjO0lR0Icd.1dFjTkIJ7dPu', '2016-03-16 16:20:54', '2016-03-16 16:20:55', NULL),
	(158, '$2y$10$PKn2.PqJRBnLytfpfozyNOJyuTiXBbl9mhma0JjWW8L/OapXk2kHK', '2016-03-16 16:23:46', '2016-03-16 16:23:46', NULL),
	(159, '$2y$10$CuJLZLr25GZ/jZBADQZdMOMpWB1gxWi3qZmJM08QUS0RfBbruocV.', '2016-03-16 16:25:43', '2016-03-16 16:25:44', NULL),
	(160, '$2y$10$rBi97aYIGG8JohJ0ll3WGuJGJcJcMAWmFBlbl/7Q1ZTWsyQ6eZr66', '2016-03-16 16:26:24', '2016-03-16 16:26:24', NULL),
	(161, '$2y$10$rrswUUDs.ADJrkdYOX32KOfq/.pVOPVa/VOO4CXtFw9BYtL060DZm', '2016-03-16 16:27:14', '2016-03-16 16:27:15', NULL),
	(162, '$2y$10$8GI1flq9EWXbXC5wYYyWHeDPaJn4V.dPx/52oLcRQ2/6ANzBiDFPS', '2016-03-16 16:55:56', '2016-03-16 16:55:56', NULL),
	(163, 'eyJpdiI6IndDTnJpSHVYUk5CUEdVeGpEWjNUMmc9PSIsInZhbHVlIjoiN2VNMEtDY0FyVFlqdVk4V055QkJEdz09IiwibWFjIjoiOTVmNGRkYjg3ZjUwMGNkOTczMWUzM2ZiNjhjYzA4NDQ0ZmU3ZDFmZTA4NTljMzU4ZmM2ZjliNzgxMzllNDg3YiJ9', '2016-03-16 17:04:13', '2016-03-16 17:04:13', NULL),
	(164, 'eyJpdiI6IjZ1Ukt1WEN6QjRxWFo2QmJ5TmxQQnc9PSIsInZhbHVlIjoibUM5RitKUWpMR0Rta2FubDk3MlVtQT09IiwibWFjIjoiNzUzMzNjODAwNzQzZDM3MDNiMDMzMDVkNTU3Y2MzZTk4OThhOWVkYzNmM2EzNGY4OWI2ZTk3ZDVmMTIxNzg3MSJ9', '2016-03-16 17:15:20', '2016-03-16 17:15:20', NULL),
	(165, 'eyJpdiI6ImhUOTNEeTVyQmNteUNXdlhWT1hDcUE9PSIsInZhbHVlIjoiMVRmakV3aDBwb1BJaHZIUjM5ZSs4UT09IiwibWFjIjoiMTlkMTU0ZGY0NjE3ZjZjYzIwNTRhNmRjMDIwMzNmZTRiYzJmNGRkMTE0NWQ3YWRjY2UzMjY1MjI4YmZlMjI3NCJ9', '2016-03-16 17:16:56', '2016-03-16 17:16:56', NULL),
	(166, 'eyJpdiI6IjEyQStrdE5pa2Znd1p0WnEraXJFK3c9PSIsInZhbHVlIjoiS09qYWpCWUlaRlZXZVdIQkJxdTU1QT09IiwibWFjIjoiMzAyZTg0YTlhODc3OGI5ZDgzMmI3NDdhNDZjZWRhNjhiOTEwZGZmOWRhZjk0YzExNjVlMmQxM2FiZTBmYTgwMSJ9', '2016-03-16 17:17:32', '2016-03-16 17:17:32', NULL),
	(167, 'eyJpdiI6InVMUWtScUxFVWdkMXNCYmNzaG96b0E9PSIsInZhbHVlIjoic0YwaDhLMDJqaTJYa1wvRFhqZXpadlE9PSIsIm1hYyI6ImMyNzA2MTFjMWJhOGI1NDA1ZTBhNDZlYTE0ZjE3ZDE2Mjk2ZWU5NDM2MDVmNzhiMGVlMGIyMzE5Yjg0NmNlMDgifQ==', '2016-03-16 17:18:23', '2016-03-16 17:18:23', NULL),
	(168, 'eyJpdiI6IlhWdnBHZjR6YitnMjI0Wm9ENFwvQ1BRPT0iLCJ2YWx1ZSI6InhkNFhPcjRzcHJwOFBHdW5JelQxN0E9PSIsIm1hYyI6IjRmY2ViNDllMTYwNjE4ZDljMWJlNWFiODE5MzVkMzI2NGFjOGMwMmZhYjU4NzQ0ZTIxNjE2MjVkMTA4NzY3MGMifQ==', '2016-03-16 17:19:43', '2016-03-16 17:19:43', NULL),
	(169, 'eyJpdiI6Iit0eUdSdnR3a25FYnRPendsRlV3TEE9PSIsInZhbHVlIjoiQ1cwc0ltNkdtVWIyKzZZenI0S2VtUT09IiwibWFjIjoiZDRmY2Y3NzM2YTZmZmZhMTg2YjNkYzZiNDQ4OGFhNTY2N2U3MjBlODZkZjZkNWYwMWEzZWYyZDJiYzBiMGE2OSJ9', '2016-03-16 17:20:24', '2016-03-16 17:20:25', NULL),
	(170, 'eyJpdiI6InVDcVFMWXpxdUJWS2huUXdtUXNZY1E9PSIsInZhbHVlIjoiMlpROVB2MXBzdDdCV3Q3MCtvakxndz09IiwibWFjIjoiM2JlYzQzODA5OTFjNGMyMDU4NjVmMmM2M2JkNGNkZWUwNmYwZjRiODk5ZDg1MzVlNmUyMGViMGU3NDZiY2IwYiJ9', '2016-03-16 17:20:47', '2016-03-16 17:20:47', NULL),
	(171, 'eyJpdiI6Ikd1MmVPUzkrbU9oclwvUmNPZGwwenlBPT0iLCJ2YWx1ZSI6InBqck9nNGJDenlvZndnb2JPaDlZV2c9PSIsIm1hYyI6IjcwNTJjNGYzYWQ0MjBmMDI2NzYwY2U3YmM1MWUyNDRjYWQzZWFlNmZhNzNlYWIyOTZiZmMzYWUwYmVmMjFmZWEifQ==', '2016-03-16 17:21:28', '2016-03-16 17:21:28', NULL),
	(172, 'eyJpdiI6IlU4d2pHT0c4MFwvdENPeTh3N3BCdUJnPT0iLCJ2YWx1ZSI6Ik91bmdSTldIOW1LSGhQcHNhditzc3c9PSIsIm1hYyI6ImI5MGVmNzFhOTE1ZDJmMGZkZDU3ZjU5N2U0MDEyN2YwODEzNjJhMmQ5Y2JjMTlmMjI1ZjliMTVlZTNiNjZmM2IifQ==', '2016-03-16 17:22:20', '2016-03-16 17:22:20', NULL),
	(173, 'eyJpdiI6Imd4Z3JVZW1oWUQ3NkNibUFFc3lUNnc9PSIsInZhbHVlIjoiZWMzUjNpR0tPOHVXdzZHZnlrRjFRZz09IiwibWFjIjoiYjQyOWU5MDhmNWY5NDQ4ZWMzNGI3ZjAzMTJhZWFmMGVmZWZjNDc3YTUzMGE4NGJiZjA0MTdhNGZkODNlMTlhMSJ9', '2016-03-16 17:27:47', '2016-03-16 17:27:48', NULL),
	(174, 'eyJpdiI6IjRCVHJEcTEwckdTTzNLeUErN2xCSWc9PSIsInZhbHVlIjoiU3N6WVpBRWo4eDg5N2RZUXMwd083dz09IiwibWFjIjoiMTNmMTFiODI1NzY1NmMxMzk3NmQ0MDViMzk0OWYzZDgzNGYzYmJiOGU3YjUxYjc4NzAyNWIyZDQzNDc4OTBmNSJ9', '2016-03-16 17:29:32', '2016-03-16 17:29:32', NULL),
	(175, 'eyJpdiI6IlwvSnYxZkpFZ3Y5SnBBK3pvaThzWmJ3PT0iLCJ2YWx1ZSI6Iko2Z29taTFJSUJ2dEE5TGFzenAyRHc9PSIsIm1hYyI6IjcyMWJlYzEzOGQ5Njc1MDlmNDQyZTYyMzdhYTYxZDhiODUzOGJlNDUwYThhNTNkY2ZmYzM2OTExNTlhZTk3N2YifQ==', '2016-03-16 17:30:29', '2016-03-16 17:30:29', NULL),
	(176, 'eyJpdiI6IkNvbm9IY1ViSm9JNGRNRVdmSGpOWUE9PSIsInZhbHVlIjoienZXM3NZTEtFRnA4NWNXS001K3ZKUT09IiwibWFjIjoiZjkwYTRlNDU0M2Q1NzI2MjRhOGM4MmYwY2QyYjk5MWMyMjIxNDE0NjUxMDhkZGQxMjlmOThiZDRlNTgzMDI4MiJ9', '2016-03-16 17:33:07', '2016-03-16 17:33:07', NULL),
	(177, 'eyJpdiI6IjFVekJaQktCcW1RZUtXRlhJakpRK2c9PSIsInZhbHVlIjoidVBEd0pOaXNtUURSYXNUazV6bUhiZz09IiwibWFjIjoiYjg3ODg1YzFmMmUyMDU0NzNkNDAxOTUzZGRmYzNmZDM1MWQ3NzJkOGYyZDc2M2JiODYxNzhkMTU0MGExYjhiMCJ9', '2016-03-16 17:34:44', '2016-03-16 17:34:44', NULL),
	(178, 'eyJpdiI6IkR0NExIUDVwdmRmZVVtUkRHdkxYSnc9PSIsInZhbHVlIjoiaWFVTVVKVVBqQ0hqZENrOUVnUHhCdz09IiwibWFjIjoiZGQ5MzJkM2UzODM2NGU4MThkN2E4MzAxOTM3OTRlMmM3NTA4MDJkNWFlNWQ2NjliZTU5M2JkZjQ2NDc1YjJkYiJ9', '2016-03-16 17:57:03', '2016-03-16 17:57:03', NULL),
	(179, 'eyJpdiI6InRmdXFFTHpDOUhoSFFZMFRKMWc4cEE9PSIsInZhbHVlIjoicTVcL2p0YW40TkRMY2p0a2xqVGZNYXc9PSIsIm1hYyI6IjdjNDJlNmQzZjAzMjBmOTUxNWMwOWQxY2M4OWEyODU3NzVlMzlhMzVkYjUyZmQ1MWM0ZjBmNTFlMmU1YjA5NmQifQ==', '2016-03-16 17:57:23', '2016-03-16 17:57:23', NULL),
	(180, 'eyJpdiI6IjdhcXREejZ6bUgwUXR4Sm53TWlMZWc9PSIsInZhbHVlIjoidDRjQmE0ZFBuY2hVbWtieGlUcW5yZz09IiwibWFjIjoiNDk0Mjg1ODkyMzA4OTA3YmFjNjFkYWM3MjE5OTc4ZDhjYzczZDIxZDMzZTNjZmQzNTFlYWVjZDk0OGViZGM4OCJ9', '2016-03-16 17:57:35', '2016-03-16 17:57:36', NULL),
	(181, 'eyJpdiI6InkrQWhxYlwvTjlZNjJBUWYyWFB4VzNBPT0iLCJ2YWx1ZSI6IjFrcWZaWHNVbURpTXRiamZBSmVlVHc9PSIsIm1hYyI6IjA0ZjQyNjk2MTUyZDZlZGNkZGNmMGQ3NTliNzM5YTU5YTY1OWZhM2Q3NDNhNmUzMzVlZGM2YmY4NzY5OGM0ZjYifQ==', '2016-03-16 17:57:49', '2016-03-16 17:57:49', NULL),
	(182, 'eyJpdiI6IkdZN09oRHl4Zlc4eUl5MVV0bGZOMHc9PSIsInZhbHVlIjoiRmJLb0QzeGV5N2JyMVRpV01vZXhKZz09IiwibWFjIjoiZjk4MzA3NTM5ZWJlMTYxMTM5OWJjYTY4ZTZiOWY5MWE1N2QxNGE1ZGU3N2ExOTk1OTUwYjliM2Q3ZGZkMzFjNyJ9', '2016-03-16 17:59:53', '2016-03-16 17:59:53', NULL),
	(183, 'eyJpdiI6IkNjT1VReWhcL1V4bDlPeWZIT1BSMmFRPT0iLCJ2YWx1ZSI6Imt1YnZGTGdQOThwOTNXV2FQWDhDanc9PSIsIm1hYyI6ImU2N2JjOGZlMmNiOGY2NTZkODcyYmM0NzM0NDY0NzJkZDdjNTRlN2Y0NjRlNDgwZTQ0YTViNmNhZjUxMGJhZjAifQ==', '2016-03-16 18:00:52', '2016-03-16 18:00:52', NULL),
	(184, 'eyJpdiI6InRBTnVLcjlHTFkwa1EyclZpb2tkcFE9PSIsInZhbHVlIjoiSDcyYStiN205Nm9Ka2phZ1dNSTdSZz09IiwibWFjIjoiZmQxOTA0NWVmM2FhYTk0ZjU5ZTFlMDFlODhmMjJlNDExNDY0OGVkZjI3ODRjZTFmNmIxZGNkOWNlY2NkMzljMiJ9', '2016-03-16 18:22:45', '2016-03-16 18:22:45', NULL),
	(185, 'eyJpdiI6IkJDdHJpdkdvQnF1bmFha0laWnREaVE9PSIsInZhbHVlIjoibExDVXFwTUprOUV4b3VjSUFOMlBVUT09IiwibWFjIjoiNjFiMjViYjBmZGZmZmFkYzE2NzFiZjYwMGNmN2UwNGViYmNhMjY0ZDQ1YzYyN2MwOTMxNTU3YTEwZTU4NmVmMSJ9', '2016-03-16 18:25:06', '2016-03-16 18:25:06', NULL),
	(186, 'eyJpdiI6ImVUdEVzcG8yNVI4VFwvYmJYUDcybjVBPT0iLCJ2YWx1ZSI6ImRRM3V2Y2plaGlUYm1DYXQ4Y1Q0a1E9PSIsIm1hYyI6ImRlNTE0MTdkODcwOWY2YTllZWRjNzM4M2M2YTdhMGYwYTMxNzk0YjNlYzRmNDUyMzU5NDEyMmFlMWY2NGQ5N2MifQ==', '2016-03-16 18:25:40', '2016-03-16 18:25:40', NULL),
	(187, 'eyJpdiI6IjVRclFhZVwvNmRRRGRyaEZDWXAyTUF3PT0iLCJ2YWx1ZSI6IkVTQ1ljYThwaWgza1NRSG9leDRteEE9PSIsIm1hYyI6IjU1ZWJjMzIzNDZiMzczNjA0ZTg5MjFmMGVjNjg1MmQzMWVhYTNiNjdmMzFjYTc1MmZhYjVhZDY0YzZmMjdkODQifQ==', '2016-03-16 18:27:51', '2016-03-16 18:27:51', NULL),
	(188, 'eyJpdiI6IkNTSnQ4OXdZVFZraVdTcnZXb29TZnc9PSIsInZhbHVlIjoiSExpWEZtTjh6YkZkNWUyV3BHeUpLdz09IiwibWFjIjoiYTZkNDdhM2Y2OGUwNDJjZWE4YmEwMzlmMGUzNWMyNjQ1NGEyMjg4MzcxZGMwZGY2NGJjMjI2NjA0YzFiY2I5NiJ9', '2016-03-16 18:30:41', '2016-03-16 18:30:41', NULL),
	(189, 'eyJpdiI6IkRwaThFRDNSeUxvTUNXZW9hNTN3WlE9PSIsInZhbHVlIjoiK3RHc3BPU1QrQ3hySmEyXC9yaFMxTXc9PSIsIm1hYyI6IjI0Y2Y3ZDE1NTllNjQxYWY5NzUxZTY1YTE1ZWY4NDRmMGY3ODMzOTFiMDk2ODE4OTUzYmUzOWNmMDM1ODBmNTIifQ==', '2016-03-16 18:32:14', '2016-03-16 18:32:14', NULL),
	(190, 'eyJpdiI6IkJNazc1NnU3WTRsd2hKNVwvTHIzeTF3PT0iLCJ2YWx1ZSI6ImpqTWo0V29jZWdSUm9XNDhkeFpjMUE9PSIsIm1hYyI6ImI0MmEwNzkyZGI0NzE2N2Y0ZTYzYTM0ODNiZWVmNzYwOGY0NmQwMTA5NzRhODFhMjcxM2VjZmI4ZGVlYWM0ZDUifQ==', '2016-03-16 18:34:06', '2016-03-16 18:34:06', NULL),
	(191, 'eyJpdiI6IjcwOEFlVU10VW9IQ000bmIwWHI1WWc9PSIsInZhbHVlIjoibmVzY1lKOVdPTlc4MlNybmQ2MVhXQT09IiwibWFjIjoiMzIzMjJjZTdhNzY0YzQ4NDUyN2Y1YWY3M2EyMDM1MzVlMDdkODAxNzg1YmY0NGNjMTc0MTcxMzc4Nzg0NzJhNSJ9', '2016-03-16 19:09:10', '2016-03-16 19:09:10', NULL),
	(192, 'eyJpdiI6IjFtUCtsTTRURXhQYjAwOUhSS1ZQeXc9PSIsInZhbHVlIjoiZEtTMVJBYlNxV2tweDRZTWVIMUI4dz09IiwibWFjIjoiZjUyOGI3OWI4Y2E1YWM3OGQ1OTBmMWEyNWYyZDEyNmVmZTc5Nzg0NGRmYjQwOGIxMDQxMTI3NjM0NDRmNDVmOCJ9', '2016-03-16 20:17:54', '2016-03-16 20:17:54', NULL),
	(193, 'eyJpdiI6Inp5TmpIaWZ3RjkwbUJqOU9PalVFWGc9PSIsInZhbHVlIjoiWDdDTHFtV3hZdVd6K1kydytJXC90MVE9PSIsIm1hYyI6ImYwNmIyNWUxYmIyMjEzZjI4YmNmNTBmYzRmMDNlMzczMWM2MmVkNDU2MTNiZTBmMzkwZDMyNzQ2ZTg2ZWQ5OGIifQ==', '2016-03-16 20:46:10', '2016-03-16 20:46:10', NULL),
	(194, 'eyJpdiI6Inp6Ym80aE03Y3d5dW9BM0tkdGFwTHc9PSIsInZhbHVlIjoiRG5ydTk0bTR4aExid3I5R2NlalY1UT09IiwibWFjIjoiMmIzZGEwM2U5MWI1M2EzYmVjYjJhNTQwYmY0Y2EyZDg4ZjIzODdmYTg0OTYyM2RlYTcwZjZlMzBhY2I3MDhiNCJ9', '2016-03-16 22:27:22', '2016-03-16 22:27:22', NULL),
	(195, 'eyJpdiI6Im02QUxISEJSdXdrUmhDUXg3WldJMmc9PSIsInZhbHVlIjoieVoyZk9saWQyaUlDWDRuQ0tXTXk3UT09IiwibWFjIjoiZjBhNGI2ZWNiODQwMjY5NWIwODg5OGFmNzE2MjNiNjhlZjFmNzc5Y2VhZDIxYzRhMGQ4Zjk1YTQ4MWY1NjY3NiJ9', '2016-03-17 00:25:26', '2016-03-17 00:25:26', NULL),
	(196, 'eyJpdiI6IkJPMFpPWDZJWjhYbmtRTTh1OUFINGc9PSIsInZhbHVlIjoiQzVEXC95ZzRGTVZseEg0dkV5R3pWRlE9PSIsIm1hYyI6ImI0ZWJkODliMjg4ODVjZjQzN2ZjNTk1NGYxMzM3ZWI5MGZlMWExODlhZGVhZWFiYTcyMDk2NWM3YzRkNjFkOWQifQ==', '2016-03-17 00:35:41', '2016-03-17 00:35:41', NULL),
	(197, 'eyJpdiI6ImE0S3ZzM2ZhWG50RUZNWGFCTUMzVXc9PSIsInZhbHVlIjoiSGVhaFFkZkgwaFRVakRmUDBcLzZKS0E9PSIsIm1hYyI6IjExMGU3NmUzYTM5ZDcwYTY5ZmU1ZjlhMDBkYmViNmZiODM4ZmIwYjdkMTE5NjQwMjUwNjIwNjI2OTBmOWM0ODEifQ==', '2016-03-17 03:04:34', '2016-03-17 03:04:34', NULL),
	(198, 'eyJpdiI6IjlHUmEzTlI2NVdpN2U0bWdQTThJN3c9PSIsInZhbHVlIjoiMExzd2QyN2s4U1ExQzNiMlV0TWxydz09IiwibWFjIjoiNTE1NzRkNDliMmZiNjA0M2JiYzEwM2NlMGMzMGI1YzFjYjE2M2Q4N2YwNmQ2NDUwOWM3M2M2MTRhOTU2YWFjYyJ9', '2016-03-17 03:12:58', '2016-03-17 03:12:58', NULL),
	(199, 'eyJpdiI6InBBTDA1b05QMnlVYnZZcGZQeE9ZSXc9PSIsInZhbHVlIjoid1cwNUlpaXlZdFFKQzBNUlI0MWtwUT09IiwibWFjIjoiODA5YTAwZTgzZGFlODAyZWJhZjkyNzUwNDRhNDQzMjllY2FlOGMyZTE0MmJmNDJjOTk5ODQ0OTdmYzVhMDMyMiJ9', '2016-03-17 03:23:01', '2016-03-17 03:23:01', NULL),
	(200, 'eyJpdiI6ImN6TG1PODNhUW82QUV1VnU2bDlkaHc9PSIsInZhbHVlIjoiemZEdGRsckdTUnBRaVhnK2QxVElSUT09IiwibWFjIjoiY2RlNGFjMzc2NzFkODk5NzEwNDEyOTQ5OGU0NjJiZDM4YzE1YzkxNTYzOWQwOWYzMDU5NGM3NDM3OTg4ZmQzMiJ9', '2016-03-17 03:23:08', '2016-03-17 03:23:08', NULL),
	(201, 'eyJpdiI6InlETkhieFc4XC9iS2pBYUxOc05FWGhRPT0iLCJ2YWx1ZSI6IklLM3pPNFR2dlAzbFlEbEljUzZLWkE9PSIsIm1hYyI6ImMxN2Y2NTVhOTViYTVhZDQwNjk3MzU3YTVjZmZkMTgwYTI5ZmIxOGYxNWZlOWFjMDQwYzM5MWYwYTIyYmE2MDMifQ==', '2016-03-17 03:23:17', '2016-03-17 03:23:17', NULL),
	(202, 'eyJpdiI6InhSSGZvV3FtckJoUzNvUHk2ajhyZUE9PSIsInZhbHVlIjoid01ZMUs1K2wwZzhMcmg0YXJSVXlPQT09IiwibWFjIjoiZTUwNjBmZjdlYmQ0MzgxN2M5NTNmMTBjNzZiYmEwNGY3NDJhN2I3MTFmZjkyZjEwMWU2MmE2YTljNGI3NGZhZCJ9', '2016-03-17 03:23:30', '2016-03-17 03:23:30', NULL),
	(203, 'eyJpdiI6IitwOUlrazVcL0F2a1g4TjBMdFFkVGl3PT0iLCJ2YWx1ZSI6IkI3elR4TnRzRld2KzVDRFp5dzVPTGc9PSIsIm1hYyI6ImRjYWUzZjBhOTQzNWExMGJmYTAxNjI2ODE5MjUyMWEwNzZlMGJhMWNlY2E3NTZjMDIzMzE0N2FiN2Y1ZTIwNDgifQ==', '2016-03-17 03:24:03', '2016-03-17 03:24:03', NULL),
	(204, 'eyJpdiI6InJqRXFESHZrZjB2WklqUFBsZkJRU3c9PSIsInZhbHVlIjoiUndhVUJ5OUpTekplb1BTSkt5TEtrUT09IiwibWFjIjoiZmVhZTA5NTQ2NzExYTliNmU4MTI1ODRiOGY1YjBlZGJhYTZiMjZmMDVkMzA3MGFmNzJlNWViNGI1OWQxMzI5ZiJ9', '2016-03-17 03:24:41', '2016-03-17 03:24:41', NULL),
	(205, 'eyJpdiI6IkYyMFJXd0U2UUthRjhJeTdyeFFpYVE9PSIsInZhbHVlIjoieGRsWTBTQVwvZzhZelNUYzJsajFkQlE9PSIsIm1hYyI6ImI4Njc0Y2I3M2I3MTJkZjM2ZTQwMTU1N2NhYTFjOTlkMzgyNDM0YWYyMTM4MTAwYjZkNDgzZjQwY2E1YjNhODAifQ==', '2016-03-17 03:27:19', '2016-03-17 03:27:19', NULL),
	(206, 'eyJpdiI6IlBKZWgrTGY2RWV3RXd0UUwyUlBkNUE9PSIsInZhbHVlIjoiQnk2K0xhUDhrMU9mYVpPYkE3cFhmdz09IiwibWFjIjoiMmQ2ZjZhYmZiOGQ0MGE4Yjc0ZjA3MjNmZGEzODcwNmZiYzdiZDFmZjcxNmU0Y2UwYTAzYjc5MWI5MzJiNTBiYyJ9', '2016-03-17 03:34:54', '2016-03-17 03:34:54', NULL),
	(207, 'eyJpdiI6InQrQXl3XC9LK1krRTE1UXZWeU9Wa0V3PT0iLCJ2YWx1ZSI6IkNMbXArMkFJR3E4REcxM0hMSFJqWGc9PSIsIm1hYyI6IjAwZmI2ODIzYzZhYjI2OTgzMDhkNTRlNWMyZjJmZTRkZTg4NDU4NjkyODFhNWM1NDIzMTk0NGRjMzczMzhmNzEifQ==', '2016-03-17 03:35:46', '2016-03-17 03:35:46', NULL),
	(208, 'eyJpdiI6IjNzMjdBNWtsQTV6ZGJBWjRLWVpMVXc9PSIsInZhbHVlIjoiNXVZZXBcLzZsQkY4XC90S3hUT1I1ZFwvdz09IiwibWFjIjoiYjkwZTkzOTM4Zjg3OTVhYjJhNjBlNWY5MDcxMjYwNDQzYzNmYjlmN2MwYWU1ODUxMmZhYTBiYjdjYzQ1MjUzYyJ9', '2016-03-17 03:35:56', '2016-03-17 03:35:56', NULL),
	(209, 'eyJpdiI6IlhabXhTNWkzcldiU1lZTTBKaFg3dUE9PSIsInZhbHVlIjoiYjZwT0d5VTQ2bmZIUXFIcnY5Rm9hUT09IiwibWFjIjoiNTUxMjc0NjNhMjcxNDNmOWQ0MTlhNjM0NzFlYzgxZTUzMDFjZjM3MDE5MWRhYWIzNmU3ZmFmYjYwN2EyYjg5NyJ9', '2016-03-17 03:36:41', '2016-03-17 03:36:41', NULL),
	(210, 'eyJpdiI6Im9zVEJPbDkrbjFxdjVFUGlEeWFoK1E9PSIsInZhbHVlIjoiSzRza0NsbWRpV0hkellPQm5GdDBpdz09IiwibWFjIjoiOGRkODllMDNlYjNjZTRkNWU1YzMyODlhZDdlNGRjZWQ1OWU4NjgwZmU4M2Q0MWQyYWRmYTE0YTI2MDBmNGYwYSJ9', '2016-03-17 03:36:49', '2016-03-17 03:36:49', NULL),
	(211, 'eyJpdiI6Ijl1TnhZTktaK3RZWGFCT3FZMXlLdXc9PSIsInZhbHVlIjoiK3FxWnEwNjcwb1lnQ0ZGb3JtcEVHZz09IiwibWFjIjoiNDliZjJkYzUwNTg4N2M0MDY1MTEzMjEzM2JhZGE3MjcwMzg3NTNmMmFiZWE5YWYxMjM5MzBlMDM1NTU1MDI3NCJ9', '2016-03-17 03:37:32', '2016-03-17 03:37:32', NULL),
	(212, 'eyJpdiI6IjV3SlNWMERxQU5NeXp3U2MybEpLT1E9PSIsInZhbHVlIjoiTm56aTE1Y1hCc2IwbXB3c0JZWGZMdz09IiwibWFjIjoiOTI3MWY0MzY3OWQ3NDBmMzQxMWRlMTI1N2M2MWY4OGMzYThmOGRhNmU2MDFlNDk3MzRkZjc3MmJlNGY5NWI3OSJ9', '2016-03-17 04:07:59', '2016-03-17 04:07:59', NULL),
	(213, 'eyJpdiI6IkVyaTBwcU80SkVcL3l5ZXBNYnFhQTV3PT0iLCJ2YWx1ZSI6IlBySDZiUmhWcUdPZTI4Sjd5NitGZXc9PSIsIm1hYyI6IjViYWM4NGRkZThlNWI0MjY1ZDIwNDA5MTQ0NmM1NDMyYWExYjM2OTExNjZlY2JiNTg5MGUyMjg4NDJmZjBkNWMifQ==', '2016-03-17 04:08:16', '2016-03-17 04:08:16', NULL),
	(214, 'eyJpdiI6IkQxcUNmeTR1SEp6VEZUcE02SExtWkE9PSIsInZhbHVlIjoiWXAwdmVZK0UwMDBkVUQ1aGFycEIrdz09IiwibWFjIjoiNmUwODc4ZTcyZjUyYTljZTlmYzQ2MjVkZTE1N2MwMTVjMjE1MzNmY2IxNjhiYjFiNDkyYzEzY2IxZjVjMGM0MCJ9', '2016-03-17 04:08:46', '2016-03-17 04:08:46', NULL),
	(215, 'eyJpdiI6ImFGQW40MGh3c1BkSVB1cnBvbnQ3ZGc9PSIsInZhbHVlIjoiRXJKZFY5dWJ4T3pEUllTblwva1JPYUE9PSIsIm1hYyI6IjNmOTg3YzRkMGQ5ODZjNWFkNDljZDhiNjg5OGNlNDIzZTkwYjRmYWEzN2ExNTc3Njc0MTU4YWQ0OTIyMDAyYmMifQ==', '2016-03-17 04:09:12', '2016-03-17 04:09:12', NULL),
	(216, 'eyJpdiI6ImY2YW0xZklxcTB6WGpFVUtjVld3Nnc9PSIsInZhbHVlIjoiN3RidlwvdzVBeGVKWmhxUzNkTlRQRkE9PSIsIm1hYyI6ImZlMzkyODkxNjc3NGRkZTc1MWY4ZDdhNDU0MmI4NzVkMTQ4MDlhN2YxOGI5MmJjNjYxZTNiODQ4ZDY3YzNmZDcifQ==', '2016-03-17 04:09:50', '2016-03-17 04:09:50', NULL),
	(217, 'eyJpdiI6InhmbGU2ZEdNWktIUVp6SmxYeFUwSkE9PSIsInZhbHVlIjoiK0M1NlJET2NEQjV0N1hya0NMQmlFQT09IiwibWFjIjoiZDY5NmQzN2JmMzhkMDIwMzhhNzE5OGE0OTJkYzg2N2UxNjY0YjI2MTU3N2YzNWJjMzU1YmIxNGQ2NzJmYmQ3MiJ9', '2016-03-17 04:10:45', '2016-03-17 04:10:46', NULL),
	(218, 'eyJpdiI6InpnZGhrRDF2eFpZOUJHVVFtYXd4K2c9PSIsInZhbHVlIjoiZ21iaVd6UEY5M1R4VnYxdU14ZFVYZz09IiwibWFjIjoiMTRjNmZjM2U5MDcwOTBlOWMxMjViNTZiODhhODYwYTFkZDFkM2M1ZTNkMmQwYTZlNDZhMDA1NDgxNjNlNjJmNyJ9', '2016-03-17 04:11:00', '2016-03-17 04:11:00', NULL),
	(219, 'eyJpdiI6Ild6Tm5TUkx0dVJCN2srbTE0UnVZTFE9PSIsInZhbHVlIjoiRmdod3MzMjVaTFZIK1NxaHl2eEFGQT09IiwibWFjIjoiZjI5NTFmZTJiOTFkMDFiYWMwYTM2YmE4MTA0NjRiMDc4ZGQzMTY1ZjI3NjM3YmQzMjNmZGI1MjZiYzM4YmI2ZSJ9', '2016-03-17 04:11:49', '2016-03-17 04:11:50', NULL),
	(220, 'eyJpdiI6IkwzcXZtWXVvbDNxN0dnMjFMZzN5dGc9PSIsInZhbHVlIjoiREJ5M0M4R0xCdkZmSGhWb3N5SlFaZz09IiwibWFjIjoiMWE0Y2E1NTQyYjgwMzNjMTUxNDk1YWYwMmU5YWU5NWQ4OWU2OWE2MjIyOWNmMTMzZGM5MDM5MTU1NzMzNWZlZSJ9', '2016-03-17 04:43:03', '2016-03-17 04:43:03', NULL),
	(221, 'eyJpdiI6Ikt3UXQ0TFkxOUQ4ZUZYNmhxbXVkcUE9PSIsInZhbHVlIjoiNWJlaGcyVEhsWVYxSzFDZWxzSXNJQT09IiwibWFjIjoiMDk3MTMyZGFiM2NlNzEyNWNiZjJkZDU1YWIyN2IzNDk5ODNiOGJiZjAxN2Y5ZjA2OTRiOGU3ZDIwNmE4MGI0ZiJ9', '2016-03-17 04:43:32', '2016-03-17 04:43:32', NULL),
	(222, 'eyJpdiI6IkxIUnJTU3Q2ZlB2dEFiOEcxV2VwWEE9PSIsInZhbHVlIjoia1FJUE9Ta1ZyTmZGTEt5M2o5dklvZz09IiwibWFjIjoiMjQwNjU0OTRhNTk4MjY4Zjg5M2I2NDFmN2EwMjlhOGM3OWM3MzgxMzcwOTc1N2IzMTAxMTQ2NTgxN2U2NzgwMSJ9', '2016-03-17 04:44:23', '2016-03-17 04:44:23', NULL),
	(223, 'eyJpdiI6ImtGdXBTakh0QjBuTzlFTkdOZkNnTHc9PSIsInZhbHVlIjoiV1FVWlZOOGNNOTZjcmpLWkxJVmh2Zz09IiwibWFjIjoiMjQ1MWI4YjIyNWI4NTVjODk0ZTQyYTg4YTZiOWNhM2M0MTQwODFiMjY5NDMwNzczOGE2Yjk5NmI3YmU3MzY2YiJ9', '2016-03-17 04:45:03', '2016-03-17 04:45:03', NULL),
	(224, 'eyJpdiI6ImZ4QThqTHhCVTJIT1VVZnJEUmM4NHc9PSIsInZhbHVlIjoiTlpOUkx6Y1BycFNwa29PREdDdFwvcGc9PSIsIm1hYyI6IjQ0NTU0ZDY0ZTQ1MGU1YjU0Yzk5MmU4OTNmY2M5M2IwMDk1NzJkOGJhODMxNDNlZjAwNDE1OTgxNzA5OGIyNTAifQ==', '2016-03-17 04:46:19', '2016-03-17 04:46:19', NULL),
	(225, 'eyJpdiI6IlFEcjBKUHY5TXFzajFqVHVVVlwvbk1nPT0iLCJ2YWx1ZSI6ImVVaktDejRjeXlYeHJvTklUUXZadGc9PSIsIm1hYyI6ImIyOTg2N2Y0MjliM2E2OWQ1MTg0MGM5ZjMzYWVlYTUzMDRjYmVkZDY0NWM4OTJlZWNlODIxNDE1OWE0ZWE4MWQifQ==', '2016-03-17 04:47:29', '2016-03-17 04:47:29', NULL),
	(226, 'eyJpdiI6ImR3UXpSZlFnT3pXakhPbWxUU1hoMUE9PSIsInZhbHVlIjoidzJWU1FNNFJzTk44M1YxMXJrVzRcL3c9PSIsIm1hYyI6IjY1M2U0ZTllZWRiMDJkM2QxZjIwN2EwYmUyYTk4Nzc5OWVlMGY1ZjJmODRkZThkYjg3NjA5ODAzYWViN2MwZWMifQ==', '2016-03-17 05:03:15', '2016-03-17 05:03:15', NULL),
	(227, 'eyJpdiI6IkhYMmRPcnQ5SlNjQ25VY3pDbkR6YkE9PSIsInZhbHVlIjoicUEwdVk5WTBzOEg5MTZDTHZjeW5yUT09IiwibWFjIjoiMDQyMmEyZjQxZmUxMWFkZDE2MThiOWM4YzQ1MTU4ZWI4NWU5OTkwMWFmMTZlYjEwMDk0YzFlNTg3M2ZkMmM3MCJ9', '2016-03-17 05:03:36', '2016-03-17 05:03:36', NULL),
	(228, 'eyJpdiI6IkZrRWc4VldxZjFvWXg3VXBLKzVKRWc9PSIsInZhbHVlIjoiNHRZOGZTMUlsM2oxOU5iRitXeUFwdz09IiwibWFjIjoiNGVhZGFhZTgzNTU2NmU2YzE0ZjA0YjMzNzY4NTc2NzViYWZmZWRiMTIwNDQ1MjQ1Y2MyYzgzYzhmMmE1M2E0OCJ9', '2016-03-17 05:06:32', '2016-03-17 05:06:32', NULL),
	(229, 'eyJpdiI6ImZcL3NNV1h1a2ZIRGNOZlRJMWg0Vkh3PT0iLCJ2YWx1ZSI6Ikpmcyt1MDRcLzJpVnBqTnk1VVJZaXRnPT0iLCJtYWMiOiJhZjU5ZGM3OGIyMDUzNTg1YjlmN2U2NDU5Mjg3NTBkYTY4NDM2MDhkNmU4MzYwZmY1NTIwNzc5ZmI5Yzk4ZWNkIn0=', '2016-03-17 05:08:01', '2016-03-17 05:08:01', NULL),
	(230, 'eyJpdiI6Ik9jbW9Bb25BSXJ3QjJkb1lFM1NQQlE9PSIsInZhbHVlIjoiRlZ2MU8wbjB6ZExYVmJkeEZIU0lFZz09IiwibWFjIjoiNjBhNmRmYzdlZDk1M2NhNjJjNmYwOTQxZjdjMGRjZjYwNDAwYzY3MDE5NTYxNzcwNzNmMTNkODJhOGVhM2I2ZSJ9', '2016-03-17 05:08:30', '2016-03-17 05:08:30', NULL),
	(231, 'eyJpdiI6ImFTbDdkNU5TeUJpb2g2SllVekcrdkE9PSIsInZhbHVlIjoiNXk0Vms5aENVdjhTZnZyNEhvclRGZz09IiwibWFjIjoiOTU5MDVkY2RlYWQ4MGRjMGI2NGRmY2EzNTI0NmE5ZTY2ZGM2NTIyN2U3YjNmZGUxNDA3MjFmYzE0YjYyMzY0NCJ9', '2016-03-17 05:09:13', '2016-03-17 05:09:13', NULL),
	(232, 'eyJpdiI6IklKNFR4SnA0ZGd0WUFjSTFZdUl5eFE9PSIsInZhbHVlIjoiVFFDRXFVRzVzQVBhMUNKMlBnYTBoQT09IiwibWFjIjoiYzQ0Y2ViYjhiNzJiMzFkNWY0ZTM4OWYwYmI1ZmIwMmYwZjg2NTM2ODUzMjJlNjJlM2I1ZmUzM2I0NGRkMTllYiJ9', '2016-03-17 05:09:38', '2016-03-17 05:09:38', NULL),
	(233, 'eyJpdiI6ImpUM3l0MUlGVnpacmdDTXN6NjNLbVE9PSIsInZhbHVlIjoiQStPbEgzS0NKYkg5aVRuT2FEd3FjZz09IiwibWFjIjoiNTYzYjA2NzUwZjE2NmM5NjM4OWQ4ODhmMmRhNzI0ZWQ4ZWFhMTNiMzgwMTg0NmZlMmY3MzE5ZmY5YWRjZGRmOSJ9', '2016-03-17 05:10:01', '2016-03-17 05:10:01', NULL),
	(234, 'eyJpdiI6Im5kdG0xWVlPUFM3d0JmSWUrbzdhdUE9PSIsInZhbHVlIjoiOXkwbmh0ZHR3bmtZYTdVY0pkbjNhdz09IiwibWFjIjoiYzM4YzZmYzdiMzNhNzFiNDIzNzYwOTQ3YzU2ZjRiMDU3NzRjODBlMjY1OWIzZGUzYzdlNjBjYTdmZDI1NTgyZiJ9', '2016-03-17 05:12:33', '2016-03-17 05:12:33', NULL),
	(235, 'eyJpdiI6IkJDRnN5YkNIR1BFUlNQS3FpaVZWOUE9PSIsInZhbHVlIjoiRDExXC9KWFI1MEpHVUdsbVwvVGx5b0RRPT0iLCJtYWMiOiI3MTc0MjZmNGUzNGZlYzY5NTE3MmRmNjE5MTVkODRjMmRjMWZiY2ZhNmMyMGQ5NWYzOWJlN2YyMmZjMGEzM2JkIn0=', '2016-03-17 05:13:20', '2016-03-17 05:13:20', NULL),
	(236, 'eyJpdiI6ImpDYlN2VjFVZGJHYmQ3eVpnK09Pdnc9PSIsInZhbHVlIjoibmZya1FZcDNWa1RRSWoxbVRBUCs5dz09IiwibWFjIjoiZjVhMjczNDVmNGM5MzVhY2VlZWQ3MmM1MmNhMDZjMDYxZjVmZWYzZmRkYTg5NzY1YmM2MWM1MjdkMzA4MWIwNyJ9', '2016-03-17 05:13:48', '2016-03-17 05:13:48', NULL),
	(237, 'eyJpdiI6InAxK05rc2RYM3RHUkpScDUxd2dqdXc9PSIsInZhbHVlIjoiQnhZNGNEalB4K0FUUkhIS2E5MDFCUT09IiwibWFjIjoiNmY1NTQ5ZGVhN2RmMzFmNjYyYWY5Zjg1MWVlNDMzOTY1ZTRiYWY5Mjk0N2NkMGNmOTg1ZWMxYjMxMjk3NTE4MCJ9', '2016-03-17 05:13:57', '2016-03-17 05:13:57', NULL),
	(238, 'eyJpdiI6Ilh4VUF3aEtraVJrRHR0NWFVc2s4VHc9PSIsInZhbHVlIjoieExickpQTGlsOUlaK1UzM29nOTJ5Zz09IiwibWFjIjoiMTM0ZTQzMDJmYzZkODkwYjE5NTdmMWZiYWVlNDdkNGVhYTFiMjE4YWYxZmZhODJlYThhNDhmZDcyZDVkZDFiYyJ9', '2016-03-17 05:14:15', '2016-03-17 05:14:15', NULL),
	(239, 'eyJpdiI6InBcL2lIdll1REVkQ2V4TEV6WmNvY3BRPT0iLCJ2YWx1ZSI6Imw2R3NkNmFBQUhjRnp2akx5NzY1WGc9PSIsIm1hYyI6ImVhOTEzM2M3ZTlmZmNmYmI5NGU3ZjU5YTQzMGFkZjA5NGE5NmI4ODE4MGQ2NTI5Y2Y4YjZmMDA3ZTY5NDFjODkifQ==', '2016-03-17 05:14:32', '2016-03-17 05:14:32', NULL),
	(240, 'eyJpdiI6InFnSUdkam5pNUJhdFB1dCtiVzdNV3c9PSIsInZhbHVlIjoiWGRcL3FYUEtwXC83YmRubDdxK3RtK05RPT0iLCJtYWMiOiJhMTU2YTNmOGFiZmFmNjQxN2YwNjExN2Q0MmQyZjg2MTk5Mzk5M2QzNjY2N2E5NWQxZjljYmE5ZWFjNzU5OWNjIn0=', '2016-03-17 05:15:45', '2016-03-17 05:15:45', NULL),
	(241, 'eyJpdiI6Ik9hY3FYWlhSNXVzSWJnb3ZxS1NiMFE9PSIsInZhbHVlIjoiQjRwMzRJTFYxZXZ1dFdyWXNXM0tNdz09IiwibWFjIjoiOGFjMWJjZjBlOTAyNmI1MWYwMTQwNGFiZmQ4NWU1Njk5NTI1YzhjMmRjOTI3ODUwNGQ5YTM0ZGE0MGQ4NDYzMiJ9', '2016-03-17 05:16:33', '2016-03-17 05:16:33', NULL),
	(242, 'eyJpdiI6Imd0eG1yM1ZqZ2hnVTV1VkZURlVFRXc9PSIsInZhbHVlIjoiVFpwTVhzZjAzSDhON0I0VTBhTStlUT09IiwibWFjIjoiMTM0YmFiNDkwYmY5Mjg5ZGFiYTc2YTVhMzE4Yzc0NjQ3ZGZmZjljYzRkOGY1NWY2Y2VkOTI1ZGEzNmVjNmRmNCJ9', '2016-03-17 05:17:06', '2016-03-17 05:17:06', NULL),
	(243, 'eyJpdiI6IkRESlNwTCtBbmFKbWc1aDFtd3ZESVE9PSIsInZhbHVlIjoiRDVTcWx4SzAwZ0NzTURUTFZiUjFldz09IiwibWFjIjoiNmEyZjQyOWRkNmZiYjdkMmI0N2JhMDAwMWRkZGNjNjY4ZmIzNzk5YjAwZDM1M2NkNjAzNjA2NWI1Y2I5YTc0MiJ9', '2016-03-17 05:17:15', '2016-03-17 05:17:16', NULL),
	(244, 'eyJpdiI6ImM2bFloaVFwaHFGM1FHWStLaWhqalE9PSIsInZhbHVlIjoiOWRUdmNzZ1VoR3ZsdXBlaUsxcElKdz09IiwibWFjIjoiNTQwNDUwOTQ4MjJkNjUwZDQyZTg0YThkYjBiMTVhMzYxODRhZTc1OTFmZDBiYTQ5ZjUwYzIxZDFhMDdhY2M3OSJ9', '2016-03-17 05:17:29', '2016-03-17 05:17:29', NULL),
	(245, 'eyJpdiI6InNUbm1Yc2VueDQrMzVJdW1OR1VqMUE9PSIsInZhbHVlIjoiUjVLYnRQOFBYdmdzS0JzdGc2UUg1Zz09IiwibWFjIjoiZDU1ZGM1MWMyNzE3NDUzYmQzN2M3ZTNmZWJlOGRlNzNlZTIyYWE5MjZhOTcxMzM5OGYzZDdkODIzNjRjZDNmZiJ9', '2016-03-17 05:18:19', '2016-03-17 05:18:19', NULL),
	(246, 'eyJpdiI6InFzZW1wRm1Zc1Fsdk1YRjRqRDl1aFE9PSIsInZhbHVlIjoiN29ZSjBmSE5uZDR0KzBqTXJTRlRIZz09IiwibWFjIjoiN2Y4NGVmMzdlMGMzOWE4NjJjZTY4N2JlZDE4YjdmOTgzZDZlMzhiYzVkZDU2MTRiMGQ4YjUyNjA3ODE4OTc0ZiJ9', '2016-03-17 05:23:01', '2016-03-17 05:23:01', NULL),
	(247, 'eyJpdiI6Im9LQk12Skt6MTcwdHJLUFZGbzJTTXc9PSIsInZhbHVlIjoiaUppWXJnaWVkY0RRRUpEZHJGa05pdz09IiwibWFjIjoiZmQxOTRiZTVlMTFiNDM0MDQzNmFmZDg4MjMxZDRmZGMzOTQ3N2ZhMDgwOWM2ODU0YTQ1ODA2Yzk4NTQ5ZDViNyJ9', '2016-03-17 05:23:40', '2016-03-17 05:23:41', NULL),
	(248, 'eyJpdiI6Ik9vUDhHVjNHcU1QbGRRN2x0RjVuOEE9PSIsInZhbHVlIjoiSlVPMDlTd1wvSHRoVXhpOFBmT3RnNXc9PSIsIm1hYyI6IjY1OGJjOWZlNGY5NzIwMWYwNDg0ZTU2YjhkOGNhOGQyN2EzOWJhOTIzNTRkNGJlOTc1NDc0ODhhODQzZDFhMDUifQ==', '2016-03-17 05:33:44', '2016-03-17 05:33:44', NULL),
	(249, 'eyJpdiI6IlVLZ0ZwMnVoUGt1K0NXRm4wQkRmd0E9PSIsInZhbHVlIjoibW9DRENFSGNZeEZXYmhVcTlCdXJ2UT09IiwibWFjIjoiY2E4ZjQwZDY1ODhhNTNjMDJiNmQwNzEwNTRlMTBjMDA2MDZiOTU0ZDQwZDE5YWEwMTk5NjdiZmRkYjg5Njg5OSJ9', '2016-03-17 05:34:57', '2016-03-17 05:34:57', NULL),
	(250, 'eyJpdiI6IlFwTTZCd0NaOEsxUmlwN2h0RjRveVE9PSIsInZhbHVlIjoiY3ZJcVB4YUQ3THlSWTFhaEVBSjM5dz09IiwibWFjIjoiMDM0Njc1OGMwMzQ3YjcyNzNhNDZiZGQ2NWYzYWUyNDBkZWFjNjFjYzJjMjkxM2YwMmIxNmJjM2ZlYjlmZmQ0YyJ9', '2016-03-17 05:36:04', '2016-03-17 05:36:04', NULL),
	(251, 'eyJpdiI6IkNOT0I5M1k4a0hCZ0lWQTRRZTFzVHc9PSIsInZhbHVlIjoiNXBlQ1NpbU5sU1BkRjlMZlRZWVA3Zz09IiwibWFjIjoiNjk3YjlmNzEzNjg3ZGZjMTZkODU4Y2VhMjkyOWM5ZjY3OGQwZDMxNGY0ZWE4NWUxNjFkM2U1NTU0NjQxOTU0MCJ9', '2016-03-17 05:36:08', '2016-03-17 05:36:08', NULL),
	(252, 'eyJpdiI6Ink5MDI1MGRXSkpvcFhIWFhpRUlzUlE9PSIsInZhbHVlIjoidld0VkhuNGhmWjFUNHIwWmJsNzFsdz09IiwibWFjIjoiNDMxYzg3NDBhODU3MmNkZTNjYmY0MzBlZWY5NGM2ZmY0ZWRjNjllODA4YjVhZjA3YjMzNzRiYmEyMTE5MzNlOSJ9', '2016-03-17 05:36:24', '2016-03-17 05:36:24', NULL),
	(253, 'eyJpdiI6IjZOQmw2dFRPaHRqVCtRcFM5RmVQWHc9PSIsInZhbHVlIjoieXVtN3Bsb0oybGl3bWpYRDFyd1d4QT09IiwibWFjIjoiYWVlMjZhZTFjYmRiMThkNmU1Nzc1M2Q4YmRlNzZlZTk3MWQwMmRjMWJiMDVjYWVlZGE2Njg5ZGRkMTI5OTQyYyJ9', '2016-03-17 05:36:28', '2016-03-17 05:36:28', NULL),
	(254, 'eyJpdiI6IjFOZGtqN2VSQTRzSTRrSkl0MWZQQ0E9PSIsInZhbHVlIjoienozazE2cWtFUTkwWDBYUHBqUkpHdz09IiwibWFjIjoiYzY5OTBlNmRlNjhkY2I2Y2VlMGZlN2UyNWU0Yjk2YTRlNWIwZGU5NTUwYmE5YWIwMmVjZjIyZjA0YWI1N2U1ZSJ9', '2016-03-17 05:37:39', '2016-03-17 05:37:40', NULL),
	(255, 'eyJpdiI6InI5VUFMZmF1VHhRTnRkbVlQc1dVQ2c9PSIsInZhbHVlIjoia1NmM25JaTZrSmxVYVljXC91TCt3WUE9PSIsIm1hYyI6IjBmOGQzNDQ5NDQ4MTVmZDhlOTYwMDhiZWUyOTBmMjMxMDZlOWVkMTNjNjVjOWJmMjBhNTZjNzk3ODJmMjQxNTQifQ==', '2016-03-17 05:37:43', '2016-03-17 05:37:43', NULL),
	(256, 'eyJpdiI6ImdtRFdiZWVld09ndE5jb0IwcHdaeFE9PSIsInZhbHVlIjoiSXNCNVlmXC9URmwzNmNWY2R4RFI1MGc9PSIsIm1hYyI6ImEzNGVkNThmYTVhYmFhOGJhZDFjZjNlNWMxMTIyNWI1YTFmZTI5Yjc3ZmUwN2Y1ZWYzMDdkZjdkMDFlYTgzYmMifQ==', '2016-03-17 06:01:50', '2016-03-17 06:01:50', NULL),
	(257, 'eyJpdiI6InZndHVRXC9KSGlwemVGeUdaSTR4ZG5BPT0iLCJ2YWx1ZSI6Im9ubzFsNWtwT2x1XC8xdVJVMDVZNjBRPT0iLCJtYWMiOiIyM2U4NmVhOWJiMWUyMDk1ODFjNmFiMDJhMzUwOWQ0NjJhZjA5Y2M4NWI3MDMxODBjNDUxZWNiZjM1NTU0NzhhIn0=', '2016-03-17 06:01:54', '2016-03-17 06:01:54', NULL),
	(258, 'eyJpdiI6InRwRzIrTk9cL1JzQmVVNXdVYnRUU2NnPT0iLCJ2YWx1ZSI6IkRCR0RQbVZoQXBJZ25jWVk3Umg2NHc9PSIsIm1hYyI6IjBiODQ0NGY0MWQ4ZTEwZTAzNWQ0ODc3MDc0ZGUxZDBiMGUzN2RkYzkzMWZlYzYyNmYyNTJiMGQwOWJhN2I1MzUifQ==', '2016-03-17 06:02:25', '2016-03-17 06:02:25', NULL),
	(259, 'eyJpdiI6InpOWG1HQWtrVFgwWFFCaHpkenUxMGc9PSIsInZhbHVlIjoiTnllUFg2eGFQUmlETkxZek9YWWwyUT09IiwibWFjIjoiY2I2MmI4NWQ3ZWY1NzRhODYxY2M3MWM0M2Q5YTkxYzI0NWQ5NDJlODcwZTc1Zjc4MDk2YmFjOGY0NjA1YzlmMiJ9', '2016-03-17 06:02:28', '2016-03-17 06:02:28', NULL),
	(260, 'eyJpdiI6IlwvckdGK2d4VzA0VHV3XC9ab3plWlwvQ1E9PSIsInZhbHVlIjoiVVRudEJITVoxSStJdVFqOW9QRmtsUT09IiwibWFjIjoiYzg3MDQwNTYyZDkyZWM0NzFjZDBmYzQ5N2MzODBhM2YxMDdmNjc2ZmIyYWRlODUwNTgzZGIyMTAwNWJkYWI4NCJ9', '2016-03-17 06:02:38', '2016-03-17 06:02:38', NULL),
	(261, 'eyJpdiI6IkVOWTlLSHR0OWVOV3pvUlc4VVZEdHc9PSIsInZhbHVlIjoiTzJCZkZKM1wvbVV4SlwvWFwvdXkwd3lFdz09IiwibWFjIjoiM2UzMDdiMzYyMTJkOGMzMGMzYTQ3OWU4MGJjNTE0ODgxOGU1ZGJiMmY4ZTZkZWFkOTI4ODEyNDkxYzFjZjg2ZSJ9', '2016-03-17 06:02:47', '2016-03-17 06:02:47', NULL),
	(262, 'eyJpdiI6ImF0eDRjb1gzZjE5Nld4Sk93OE5Rb0E9PSIsInZhbHVlIjoiT0Z3UXFZOG9NUk92MUtPcnJDQ2VlZz09IiwibWFjIjoiMzg2M2Q5MTYzYzU2ZjJjZDgyZDM0MWRhYmRjYjVlNDM2ZDAzYzI3MzY2ZWVjNzhiYWE3OWI0ODBlY2FjYjA4MiJ9', '2016-03-17 06:02:52', '2016-03-17 06:02:52', NULL),
	(263, 'eyJpdiI6IkVZWTZqaWVDd2V1UnpTNXJGTTFhc3c9PSIsInZhbHVlIjoid3dPSjJHUlNYTVdUblMxTVBVSHZXdz09IiwibWFjIjoiMTMyMTQxYmMwZDQ0ZDZkZGMzZjhlZDFkZjFiOTdkOTkzOTRkZDg3YWViNjRiYjg3MDViZWQxNDBjMTgxZjVkMSJ9', '2016-03-17 06:02:57', '2016-03-17 06:02:57', NULL),
	(264, 'eyJpdiI6InRzZG9BR0c2RTZlYnVJU0xMMHBWTmc9PSIsInZhbHVlIjoiWm9kSFlOand0OXVBanI0R1NXRlp5QT09IiwibWFjIjoiYjQwODk0ZjVjZDUxNTY3NDA2ZWQyOTE0OWJkMWFiNTgzMjRjODhlMDUyMzFkMjY4OWNkMTA0YzM5OTBiM2ZiNCJ9', '2016-03-17 06:04:55', '2016-03-17 06:04:55', NULL),
	(265, 'eyJpdiI6Ikc0bDJMXC95ODl2R3g4ZDZ4OUY3Uk9RPT0iLCJ2YWx1ZSI6IllHZFM3QWV3RW12RkNtYnpaRGFBR3c9PSIsIm1hYyI6IjM4ZmZlOTllZmU1NDE4NWEwOTdmNmVkZWYwYmFjNDYxODU5NWVlZjJjMWRmOGMxMDE3NTkyZTJmNjY4NzkxYTkifQ==', '2016-03-17 06:07:18', '2016-03-17 06:07:19', NULL),
	(266, 'eyJpdiI6ImM2aWl6Y3hhMTVzRmJ2YUpPcis3a2c9PSIsInZhbHVlIjoiUFBiQUk5QUNiUzJrR3l6ZDZZbFczZz09IiwibWFjIjoiNWVjZjNkNDhjYzdiNTIzNjk3ZGM4OGYxNTAwMTA2MzIxMWJjODI4NmFiNzEwMjdkZDIyYjhmMDBmNTg3MTQxOSJ9', '2016-03-17 06:07:30', '2016-03-17 06:07:30', NULL),
	(267, 'eyJpdiI6InhqZktDN3pudThNcFpYXC9WcHFXSWV3PT0iLCJ2YWx1ZSI6IlFjZlRRTWFMVjBkOFBabUZNN3V4MEE9PSIsIm1hYyI6IjdiNDE0OTYzNGVjNGNkZWVlYzI1MmY1Nzg2ZjY5NGJkODdiN2NiMDliZTJlMzA1YzViOWQ5ZTZkMDI5M2VlZmQifQ==', '2016-03-17 06:09:17', '2016-03-17 06:09:17', NULL),
	(268, 'eyJpdiI6Ilp2SUZ2NjU1N3FHSTFqcnB3RHFiR3c9PSIsInZhbHVlIjoibVZrU3NhKzh4Y2N4WktEektzVHB3QT09IiwibWFjIjoiODI1NDZkY2ZhNjM0ZjI1OGFmNDYxMzFmZTgzOTg1YWVmZDM2NGViMDE1MDEzYTdjYmE3YWE1NmQ4YzVhNDNhOCJ9', '2016-03-17 06:09:24', '2016-03-17 06:09:24', NULL),
	(269, 'eyJpdiI6InFsajVlU0FDRnJ0U1h6cEdZOGNLaGc9PSIsInZhbHVlIjoiYlwvenhFR2pmQU1sMXd1TE9OUjhaSGc9PSIsIm1hYyI6ImRkODJhZGM1ZWY5MDg2ZjQyZWYxNzY4MDg3MjU3ZWI5M2QyZjkxZGE2NGM4NGRkZDIzNDFhNDRhNWVlNjAyZmUifQ==', '2016-03-17 06:59:01', '2016-03-17 06:59:01', NULL),
	(270, 'eyJpdiI6Ind0WmxrTkFJMkNCV3FtMmNOOXBLNlE9PSIsInZhbHVlIjoic1J0YnNwMEE4VWQ5WVVlb3ZWdXhsQT09IiwibWFjIjoiY2Y1MDNjZDcwOGU4ZjMwODNjN2VjZmI3ODkwMDIzODc4Yzg0M2I4MzA0Yjg4YmZjMmQwMzlhN2U5NTc2MDAzNCJ9', '2016-03-17 06:59:20', '2016-03-17 06:59:20', NULL),
	(271, 'eyJpdiI6Ikk3OE5ZdjBjd0xcL0hnK0dTdmpzbm53PT0iLCJ2YWx1ZSI6Ikxmdmh4YkdhUzc5bXVhUXVqR3RTSHc9PSIsIm1hYyI6IjA2OThmMDk3N2UzMGM2ODBkYmFiZmMwYmYzODVmYWI3NWYyZWZlYzBmNjJlZDEwODY5ZjliMmJiNDdmN2IwZjIifQ==', '2016-03-17 06:59:23', '2016-03-17 06:59:23', NULL),
	(272, 'eyJpdiI6IkhzTE10bU9jdDFvV0V2c2NkRGxYRkE9PSIsInZhbHVlIjoid0hmQ2RtNGJzYm1UeXd5UnBcL2pGRXc9PSIsIm1hYyI6IjAxOTVlZDUzODFlMTlkNGE5NzY1YTgyMDU5OTRkMzEzZjUzYTBkZDE1MjU3MTYxODUzMDFjOTllMDQxNzcwMTMifQ==', '2016-03-17 06:59:26', '2016-03-17 06:59:26', NULL),
	(273, 'eyJpdiI6IlJmRXk1MXdYMEZOOVZTMThCa2VpM3c9PSIsInZhbHVlIjoiSVIxVUpqR21Cbkk4VFJoejJnMFk3Zz09IiwibWFjIjoiNTI0NGU1OGIzN2Y0NmY3NzRhZjgyNzA1YmQzNDcwNWE4Yjc3NDk4YTM1ZjVjMDkxNWNiMmE4MTFhMGY1NTg1MyJ9', '2016-03-17 06:59:39', '2016-03-17 06:59:39', NULL),
	(274, 'eyJpdiI6Ik1acjh3dGpTaW92ZFYxalhxem5wUWc9PSIsInZhbHVlIjoicDlkK0J3ZnpZT1c4b0JwYzVPUWFQUT09IiwibWFjIjoiNWRjNGJmOTZiOWNmMWQ0ZGU1NGE1NzJhZDFkMjE3MDE3NzUwMDEwNGU4ZWI3ZWRlMzQ0ZGVkZWEzYjg3YjgyMiJ9', '2016-03-17 06:59:43', '2016-03-17 06:59:44', NULL),
	(275, 'eyJpdiI6InNcL1Q5XC9TWVhZaUdWMlUzNDJobEZiZz09IiwidmFsdWUiOiJ1eEtGaFpWXC92ZERSMmtwSllrbGoxQT09IiwibWFjIjoiNDNhNWRjZTFmZWMyNWUyZDQyNjU1NzQ3NTI3ZmU3NWU5ZmE5ZjY1YTNmMzQwNWQyODNlODQxODkyODY0YTc0ZiJ9', '2016-03-17 07:00:16', '2016-03-17 07:00:16', NULL),
	(276, 'eyJpdiI6ImVCV1JzQjlJbElYN0FISnArVVgrSWc9PSIsInZhbHVlIjoiejY1b2JVakpSVTZ0d25HY3I4ZDBwUT09IiwibWFjIjoiMmRkNWJmOWYzNTdjYTU3MmVlYzUxOWNhYzBkZGM2ODg0YjQ0M2U4ZDM0OTNiYzBhOGI4MWZjNjQwYWE1NWIyZCJ9', '2016-03-17 07:00:16', '2016-03-17 07:00:16', NULL),
	(277, 'eyJpdiI6ImQ2MDJnWG5EbG83elNRSWl6R0E1RkE9PSIsInZhbHVlIjoiZjkwNGxPR3ZTNm92cklaYis0ZU1VUT09IiwibWFjIjoiMWIwMjJjNWQxMTA0MGE1MTgyMmQ3MGUxNjZjNDc2M2QyZTc0ZmU1YTIzMWEwZWZkYjViMDMzNzQ2ODYzNDMwNCJ9', '2016-03-17 07:00:20', '2016-03-17 07:00:20', NULL),
	(278, 'eyJpdiI6InRFYzZSSEEzXC93UVQzUXY3S2JwVW9RPT0iLCJ2YWx1ZSI6IlNtS2lqYkJMblwvMFhoTWNtKzB4b2FBPT0iLCJtYWMiOiI3N2I0YmJmOTUwNmRlYzczNDBhMmNhMjI5YTI0NDM5ZTk4ZTNlMzFhNzY0MjUyNmE5YjMyMGU0OTg0NTI0ODQwIn0=', '2016-03-17 07:00:22', '2016-03-17 07:00:22', NULL),
	(279, 'eyJpdiI6IitJSTkwTHZObGl6UlRsRWhhYzdMSkE9PSIsInZhbHVlIjoiTTdwZzM3dmpYZld2SXRKcVZGaTFvZz09IiwibWFjIjoiMzIwYmQyZjYyZTBmNjdlNDc5ZDNlZTQyMGI3NzgwMTcxYzY4NTdlMWNkYTIwN2UxMzE4M2M2NTY2Mzc3YTZiMCJ9', '2016-03-17 07:01:25', '2016-03-17 07:01:26', NULL),
	(280, 'eyJpdiI6IlV3T2xBak5OVGVEcUdLVUlVTU94anc9PSIsInZhbHVlIjoiMlgwK2dmeDQ2WUI0dFhFSVFseEZxdz09IiwibWFjIjoiMDFiY2UzYjg2OWYyNDhmZjIxY2QyMDJkY2M0Mzc2MTUzYjIyMTc3ODM2ZDE3NTZiYTU4ODc4OTI1MTE0MmM3MCJ9', '2016-03-17 07:01:29', '2016-03-17 07:01:29', NULL),
	(281, 'eyJpdiI6Ikc5WlU0M0dJV3VvODVcLzhjblVsOUZ3PT0iLCJ2YWx1ZSI6InhrWHlwdjlPQktlMlhySjM4Y2cyQlE9PSIsIm1hYyI6IjU5ZmQ4YzQxODFlZGY2M2IyODg1ZTE3OTcyNjBmYjg5ZTczYmVhOTQ5YzYzMDFmODg5MDA2YWYxNDhjYTBiZDUifQ==', '2016-03-17 07:01:31', '2016-03-17 07:01:31', NULL),
	(282, 'eyJpdiI6IkJzblJaSElpRTgwWkFMekVtNkpDYVE9PSIsInZhbHVlIjoiRlY2T0s0eHREWm1scDROeTJVbk1pZz09IiwibWFjIjoiOTA3ZDgzMzY5ZTQ4Yjc1ZjRkMDUzMzlkZGIzMjY2ZTc3YWFjMmZmMzEwYTdmNjA5YzJjNTAyNDlmNGQxOTNhNSJ9', '2016-03-17 07:01:34', '2016-03-17 07:01:34', NULL),
	(283, 'eyJpdiI6IkdRZzZiWXNiOGR5Y2ZFd0hHdGxlMUE9PSIsInZhbHVlIjoiNTFaakUxMFVmcHdLcmR0T1JwVk85QT09IiwibWFjIjoiNjM0NGU1NTk5MjczYmVkNzYxZGM0YjUwZWJjMjY2NmQxOWU4NDlkOWUyMDllZTg1NmM5NzZhMzhlNjExNDk5MiJ9', '2016-03-17 07:01:39', '2016-03-17 07:01:39', NULL),
	(284, 'eyJpdiI6InEzWHZHV3o5d2lWN21sR3ZEb2NOWWc9PSIsInZhbHVlIjoiNHR2Mmg1d3hKVUQ2aERNSm1MQk81QT09IiwibWFjIjoiMWVmMDEyOGQzMjdjYzgzMDVmNzVhY2YwNDIwN2U2MTcyZGU4NWFiYzhiNzY3NGYwYjEzMzFmNDUwYmViMmFmOCJ9', '2016-03-17 07:10:13', '2016-03-17 07:10:14', NULL),
	(285, 'eyJpdiI6Iit5bktUc0w5SjFIREZBSDNpZFRTV2c9PSIsInZhbHVlIjoiSVNheDk4MDVyTzdtMlB3WDU2UFBBUT09IiwibWFjIjoiZjIwNjljZWU4Y2ZlMzRlNTYyOTgwOTMyMmM0OGM2NWIwMDZkZjZmYTlkN2JkMmJmMjkxNDQ0ZDRjNDVmNThkOCJ9', '2016-03-17 07:11:07', '2016-03-17 07:11:07', NULL),
	(286, 'eyJpdiI6ImVQTVlqS2RPZUxyVkpibWN1NlJaMUE9PSIsInZhbHVlIjoickFIVStcLzVxeVM5N0VaQzlpSWM5NHc9PSIsIm1hYyI6ImVmZDIyODdhMjU3ZDdkMGIwZGYzODc3OGQzNmI1Y2NiNmMyZmMxZTc4ZjAwZDBkMDg3NjBkNjI3MDFlYTUzOGMifQ==', '2016-03-17 07:11:26', '2016-03-17 07:11:26', NULL),
	(287, 'eyJpdiI6ImJqU1dwYkYzYjc0V2FlVXJ5Tk1HeEE9PSIsInZhbHVlIjoiZ2ZleFVSbE1hMW5xU0tiRVdsK2FtUT09IiwibWFjIjoiNWZlNjkwNGM3NmUyYWE5OGZjZTcwYjFhY2UxNzY5ZTEyMjI2MTdkNzc2OGVlMDkzZGNjY2ViMzc2YWZmZDlmOSJ9', '2016-03-17 07:45:20', '2016-03-17 07:45:20', NULL),
	(288, 'eyJpdiI6Iml4dFhMNUo1dEl3a2xnOFVpZ3dHU2c9PSIsInZhbHVlIjoiNzZINmV0QnpNTmc0aUwxZno3SlNsdz09IiwibWFjIjoiZmM3M2M5YTEyZmQwNzY5Njg0MjI4Yzc1MTcxOTQwYzkyYmRkNGJhN2Q0YTZmNmFlNjgzYWYxNzViYzViMGM3MCJ9', '2016-03-17 07:55:23', '2016-03-17 07:55:23', NULL),
	(289, 'eyJpdiI6Im9YcnJZVzlOaFpjTE4rQUVCTzc5Qnc9PSIsInZhbHVlIjoiXC9VSWE2Y1wvM2JpaEtaVHVnTkQzVHVBPT0iLCJtYWMiOiJhYjUxOGIyMTMxNDQ4MWRlNDg0NjhjMmRlM2I3ODhjMTdiOTNkYjg1ZTkxZGFlMWViNTkzNjg1Y2ViMmQ5M2ZjIn0=', '2016-03-17 07:55:32', '2016-03-17 07:55:32', NULL),
	(290, 'eyJpdiI6InJmSUVPejNcL29UTHE5VVFsaEhTRXJBPT0iLCJ2YWx1ZSI6Ik9UamZMRGd4aUVGMlYrOWg0Tm00QVE9PSIsIm1hYyI6IjdlYjBmNDdiMDgxOGZhNzBlYmZhNWIxYTQ3OTk4Yzg4NGI5YzgwZTY3MmQzZWQxYmU2MTZjYWY4ZDk4MDM4ZjQifQ==', '2016-03-17 07:56:21', '2016-03-17 07:56:21', NULL),
	(291, 'eyJpdiI6IjN5NHhGS3FwM2pQQ2h4dGhCa2JQTXc9PSIsInZhbHVlIjoibko2TjRNanJuNmVkMkVFT3FHbzFFdz09IiwibWFjIjoiZTFhZjgzZmZiM2EyNWE4YTVjYTRmNzY2NzdjYmJjNGVhZWViMWQ0ZjJhMWEwY2FiYzFhMDFlODIwZmY1NTU4YSJ9', '2016-03-17 07:56:45', '2016-03-17 07:56:45', NULL),
	(292, 'eyJpdiI6Ik1xeFFUcXhGQU9oM0ZGOW1YSjRISGc9PSIsInZhbHVlIjoidEt3NWtXMVdHK3FuUlVzaHJwTEpkQT09IiwibWFjIjoiN2UyYjYyOTk0MzFmNTUyODY0MGYxOTAwNzAyOGYwYmE3MzgwZjEzZTk5NzFlNDRmYWFkNzNjZTEyNzUzODdkNSJ9', '2016-03-17 07:57:02', '2016-03-17 07:57:02', NULL),
	(293, 'eyJpdiI6IlEyeTRSWGdnQ0h0SE5pQis5eHFmY1E9PSIsInZhbHVlIjoib20zNGhtWnNTK0hOZnhvajVNUTVUZz09IiwibWFjIjoiNWQ0ZjczZmVmOWQ2OTA2NTBiY2IyNGZlMzY3N2VlODcyZmM5MmM3Y2Y1MzM0YjczN2I3OGM4NmY3OWZiZTgzNCJ9', '2016-03-17 07:57:12', '2016-03-17 07:57:12', NULL),
	(294, 'eyJpdiI6IktsWjNzeEdCaDVhaDZZZ2N6RHJGS2c9PSIsInZhbHVlIjoiVWNBY0tzUmV2R1k2RDJNZWRyUEhzZz09IiwibWFjIjoiYmJhOWRiOGJkY2E5MWI2MGZlZjUyZjgwNTFmNzUxZDc2ZGU2NGNkODhmMzFkNDMyNjlhYmZlM2Q2MTIyOTAxNCJ9', '2016-03-17 07:58:50', '2016-03-17 07:58:50', NULL),
	(295, 'eyJpdiI6IlwvM0dqK3ZxOW5VREgyMUFabCs0d3J3PT0iLCJ2YWx1ZSI6IjU2VHgyMEEwMzRzMDBtcENDYnVwXC9BPT0iLCJtYWMiOiI2Mzg4YmYxMGM1ZTg2YzM4YWU3MDRlMjRlYTQ4NzgzYzJkMTY2ZGU0YmNkOGMwMDg5ZjZkYTEyZjc2ZGVlMjAzIn0=', '2016-03-17 07:58:54', '2016-03-17 07:58:54', NULL),
	(296, 'eyJpdiI6InRiWDFIVVwvTlhyZjJ5dEJCWHJpcmpBPT0iLCJ2YWx1ZSI6Ik5Gb3hSR3hpcGhCNXc0XC9qelFtVFFnPT0iLCJtYWMiOiJlODk0YzY4MjVkZGExOTA3MmUzNjg3MTRmNTcyYmM2MzdjZGZlZTUxY2NmZmY0ZDMxNTk3NzI1OTgxMzFlN2I1In0=', '2016-03-17 07:59:12', '2016-03-17 07:59:12', NULL),
	(297, 'eyJpdiI6IlU1ZEcrZXM2YmNPZHZ3S3BPU3BTbHc9PSIsInZhbHVlIjoieVZFUHpBdTJJQ0tpTndka0dIdE5XZz09IiwibWFjIjoiZjgzZjkyMzFlOTNiMDZhMjc2MWI3NDJiYjM4YmQxMWRhNjMyYmM4NDI4OGQ0ODQ2ODg1MmFlMTdmNjk0Zjg2OSJ9', '2016-03-17 07:59:15', '2016-03-17 07:59:15', NULL),
	(298, 'eyJpdiI6IlYrZ3NFQ2pUdCs0TnEwUjJqN0hsVmc9PSIsInZhbHVlIjoiRFJzSkFaOWNPRTltT3BXa3lQMFdQUT09IiwibWFjIjoiOTg5NzlkODY4YzMzYWYzOWViZWNlNjBhMGY2ZTRmZjdiNjZhNTA3MjA2YTYyMmJlYmRmNzdhNThmZTU3N2UwNSJ9', '2016-03-17 07:59:40', '2016-03-17 07:59:40', NULL),
	(299, 'eyJpdiI6IlwvK1BkYXk4OXI3aHJaejJLWERxcU1RPT0iLCJ2YWx1ZSI6IlB6U2xuakpabWlCaERLMW5QY3N2VFE9PSIsIm1hYyI6ImJkNWY0ZTA5ODM2MThmYmUxODlkY2JlNWJlZDI1YWUwNDI0YTMzMjg5MzhlODU1NjA0N2RlMmI4YjNkOWU2YmQifQ==', '2016-03-17 07:59:43', '2016-03-17 07:59:44', NULL),
	(300, 'eyJpdiI6ImVKaXF4V1k5Mm4wUVMwVjZBRENwdEE9PSIsInZhbHVlIjoiRkpQUVRcLzE5ZmNkQWFZVEZocDRYbHc9PSIsIm1hYyI6IjAwOTZkYTNhYTIyYjE3OGI3OGYyNWIwMzdlYzQ1MDBkM2RmODBjOTYzMTc4NjdhMDc4NTg3MjI1MmVkYzQ3YTYifQ==', '2016-03-17 07:59:52', '2016-03-17 07:59:52', NULL),
	(301, 'eyJpdiI6IlJtck5talFRaXdPY3pXMEY3Mm1na2c9PSIsInZhbHVlIjoiNWxCeThHKzFRMlhkR1ZIRjB3bUxrdz09IiwibWFjIjoiY2RkOWM2NzFiNzZjNGI1ZmUzMDEwMTkwNTRmNTU0ZjdhYzZmNjhmZGZjNzM2ZWM4YWRlMDZmYjhiMTM0MTA0NSJ9', '2016-03-17 07:59:55', '2016-03-17 07:59:55', NULL),
	(302, 'eyJpdiI6IlQ2d3lVZWQrOW1hOVlhQUxNQUpFSXc9PSIsInZhbHVlIjoiVk5Cc0RQYTBvV0tBZlpMWFliQzJnQT09IiwibWFjIjoiZTg4YTM4NTAyNWVjNzk2ZWIwZGY3OTEyZjg4NmY4MTAzYzMxNjhiZDVkODMxZjMyOTUzMDcwZjQ1OWJlZTk4OCJ9', '2016-03-17 08:01:32', '2016-03-17 08:01:32', NULL),
	(303, 'eyJpdiI6InNGMXg4UHNTRnY2aUNWWXQyeUkzOFE9PSIsInZhbHVlIjoiVUM0VGpDdHpWWXBRZVlvSUc4eEd5Zz09IiwibWFjIjoiY2IwNTVjZGFiYzZjYWY0Nzg3MWJkOGI1NzEwODI4ZDU5M2Q4MmY3ZGZiNTExZDM1MTQ4NzVmMWNhY2VhY2RhOCJ9', '2016-03-17 08:01:35', '2016-03-17 08:01:35', NULL),
	(304, 'eyJpdiI6Im56WlJlbkFZVnZIaG5MNityaXpDdGc9PSIsInZhbHVlIjoicmJIZ1NUNzJDbEJlSVRpQmFVT3kxdz09IiwibWFjIjoiZDlkYjJhZGI3ZGZjNGU0ZTEwYTAzMTc3ZTJjZmFlYzE5OWRjMjhiYjMzOWNiMjczMjYzY2E1YWVmN2IxN2Q0MiJ9', '2016-03-17 08:02:40', '2016-03-17 08:02:40', NULL),
	(305, 'eyJpdiI6ImVuN29QT0Z0bGRWaVBDVUpld0doZ0E9PSIsInZhbHVlIjoidHE1YTQzQk1ieVZwMEFTOXBCYVdsQT09IiwibWFjIjoiYTRjYjRhNmI1MzBlZWE0Y2M2NDFhYzc1Nzg3ODgxNDI2ODg3NmIwYjI0ZDhiZjk4ZWM3ZjNkMTAwMWNlMGY2MyJ9', '2016-03-17 08:02:44', '2016-03-17 08:02:44', NULL),
	(306, 'eyJpdiI6IkN4ZGZjNjJDZU5sdFV4UkJwRVplTUE9PSIsInZhbHVlIjoiYjdmeFdIajRTUmdFOGtrdXQwWjh4QT09IiwibWFjIjoiNzViN2VlNjI0MDFjOTA5M2NiOTE0ZmJhOTZmZWJkMTU5NjBjNzhiYzRmYTZlMDZjYjJjMDA5YmQzZDI5NmUwNyJ9', '2016-03-17 08:12:03', '2016-03-17 08:12:04', NULL),
	(307, 'eyJpdiI6InU0RzQxN2ZhTU1JejQ2SUkrMWlkRlE9PSIsInZhbHVlIjoiaHdaeWpEeHlPMWVlSEdoZXZuWDM5QT09IiwibWFjIjoiMTY3YWRlZmIzMjhmOTQyYzcwMWYzZWNmMzI2OTllNmE2MGU3MDJmNmQzMDkwNWJiYTgzMjA5ZWNlYjE2NjYwMiJ9', '2016-03-17 15:18:32', '2016-03-17 15:18:32', NULL),
	(308, 'eyJpdiI6ImlPRmNJclRSYU0zQ3kzaUVHTzNKMEE9PSIsInZhbHVlIjoiUVBKdW0zYkMyK09KY0wzTVBtMlpRUT09IiwibWFjIjoiODM5NGMyZjZhYzI2ZWUxNzQxY2JkYTBmNDE0NzNiNzJhM2UzZjA5ODQ4MTVlNWY4YmZjNDQ5NzIwOTRiNzkzMCJ9', '2016-03-17 15:18:36', '2016-03-17 15:18:37', NULL),
	(309, 'eyJpdiI6ImpOTjJiM0o5OE1XZnR6UlwvQ1wvcmVadz09IiwidmFsdWUiOiJaTUxkTWNlRk9oNXNoaXU4a0ZcL0JvZz09IiwibWFjIjoiYTA0YTU4NzQ3YTFiNzg2NGYwYjAzYzY2ZWQ0NDU1NDI4NTk5ZTcxOGFmOTgyMDlhYTYxOTlmOWUzNjZmZjdmNCJ9', '2016-03-17 15:18:43', '2016-03-17 15:18:43', NULL),
	(310, 'eyJpdiI6IkhDTk1oVE1rUFlmcWxqUGxXR2lJY2c9PSIsInZhbHVlIjoiS3YzNW1Da0JJak5FbUlWYnNWT3lPUT09IiwibWFjIjoiMTBhOWExZGRhYjNjNjYxNDc4MTQxYTM2M2ZlM2NjNTM0ZmU0ZjU1MWNmYTAyODRlODgzMTAzOGE2MzJlZWQ5NSJ9', '2016-03-17 15:23:14', '2016-03-17 15:23:14', NULL),
	(311, 'eyJpdiI6Ik5OQ3lTblpDbXlTcHZyZHRhU3FcLzJ3PT0iLCJ2YWx1ZSI6IkVmcDFXNEFNajZ5K1JpbTNLcEl4Snc9PSIsIm1hYyI6ImU1M2VlYjVmMTJlYWQzZWUwMWY5MmJiNDU0NjE5MzJhNDY4NGUwMjBkNTc1ZGVhM2EzYTc1ZTViNzBkOGQ5ODAifQ==', '2016-03-17 15:23:19', '2016-03-17 15:23:19', NULL),
	(312, 'eyJpdiI6ImViV2R4c2FGbEJlRVIyZ2RETlRzSEE9PSIsInZhbHVlIjoiaXEzNHQrQkFYekxLUEoyc3dmUUhxdz09IiwibWFjIjoiZDJkNWNlMjM0Y2I3N2RjODBjMDgyZmNkZTY0NGRkMjA3ZTNmN2NlYTU2NDk4NDBiNmEzNWNlMDJlZDM5YjdiMCJ9', '2016-03-17 15:23:37', '2016-03-17 15:23:37', NULL),
	(313, 'eyJpdiI6ImVWYk5LVnJlNkVNV1FhaWdjQVd5Nnc9PSIsInZhbHVlIjoiQ3FSRUR3N25Ja0tYVE9cL2dEbnFCdVE9PSIsIm1hYyI6IjU4NjM1ZDY5NDI2NTE1NGMxYjI3MDBlMzA5ZTEyZmRlNWY3YWE2MGRhOWFiZmM2ZWI5NzI5YWExOGM1ZTExYWQifQ==', '2016-03-17 15:23:52', '2016-03-17 15:23:52', NULL),
	(314, 'eyJpdiI6Im1JdXNLaUtDcEdab2RSZnF5eW5FU0E9PSIsInZhbHVlIjoiR3FHYWkwd1NnaFpPbkFwN1dMK055dz09IiwibWFjIjoiZjFlNjRlOWU4NzM3ZGYyMTU0NDY3MzQ2OWI0NTlhZDlkYWRjZjI5OGEzZGM1MzI5YTlhNGNhOTNkODNjOGRmMyJ9', '2016-03-17 15:23:56', '2016-03-17 15:23:56', NULL),
	(315, 'eyJpdiI6IjN5ZXF3eEZqcGRGWWx2SFRnU0oxeWc9PSIsInZhbHVlIjoiQktxbmN1aFlJOStZS3RqYTU3MU5xZz09IiwibWFjIjoiYThmZDNjOTFmZmJhNjBkMzRmNzIwZWMwNTkwMzQ2ZGU0YzUwYWVmMTc4MTU1MGI5NzZjMjY1NzQ5ZTFkM2ZjZCJ9', '2016-03-17 15:24:30', '2016-03-17 15:24:30', NULL),
	(316, 'eyJpdiI6IkltYm1VWnd5bkVlYWtwUjJlYUxmMEE9PSIsInZhbHVlIjoiVVZvTlBEVXpmVERjZEdvWm9yU2FVQT09IiwibWFjIjoiYTA2NTBmYTEzMWM1NmUwMzc4NmIzODQ5YzljMzVkMjUxYmJmYmEwYTAyM2FhM2NkYjA1MGE2MmJhNTgxODliZSJ9', '2016-03-17 15:24:34', '2016-03-17 15:24:34', NULL),
	(317, 'eyJpdiI6IjI5UXdkNHhNVmxvSndZWUQ2am41d2c9PSIsInZhbHVlIjoiYWU4TEpzZWFMXC9ZbTZPZjR1b20xbkE9PSIsIm1hYyI6IjIzNTVjOTMzMmU3ZWZhN2NjNDU1YTkwYTFmYjRlNzMxNmUyNzBjMGU0NjI3ODBhNDA3NWVhZjliNDc4NWU3YzcifQ==', '2016-03-17 15:24:53', '2016-03-17 15:24:53', NULL),
	(318, 'eyJpdiI6IlZmbkZOd0FCcUl3RkxObXNONEdTUkE9PSIsInZhbHVlIjoiOTVUUGFMM0UwWElCZ1BrUUxkZzFNdz09IiwibWFjIjoiODA5ZjE0MDZlMTI4ZTViOTQxNzI4YTIzNzA1MzQzOTQ2NzQ1N2U0ODI1MzAzNzNmYzk5Y2RhZDkwZmY2ODFjYSJ9', '2016-03-17 15:24:56', '2016-03-17 15:24:56', NULL),
	(319, 'eyJpdiI6IjI1RjBsUzNqTXVEZ2Z1aDVOeDBTSHc9PSIsInZhbHVlIjoiNjlcL3Mxb09ZOUxTZzlrU2VvY24zRmc9PSIsIm1hYyI6Ijc2MWZiYTJiNDRjODE0NTZiNmFkMWFiZjZiMGQ1NzI5ZjY1ZjU4ZmJjNTFjMzJmZTI4NWUyOTM4NmNlMTIyMDYifQ==', '2016-03-17 15:26:56', '2016-03-17 15:26:56', NULL),
	(320, 'eyJpdiI6Ik1ETHNTT1hQUUZcL2p1aGJEckc1MnB3PT0iLCJ2YWx1ZSI6IlVIMElGWGY0TFwvUGwraFRuaU44WUh3PT0iLCJtYWMiOiJiMDUwMGEwZjI4MTliYmVlNDkwZTQyYTY0ODkwNTg1NmIwOWUwMjRjMWNkZWRhY2RlMzFhNTJjZDM0YTUzODc3In0=', '2016-03-17 15:27:00', '2016-03-17 15:27:00', NULL),
	(321, 'eyJpdiI6InRLSUdmWmFXTmhNUmQ5QUtQS0JQZXc9PSIsInZhbHVlIjoiOEo3TjFlYzNaYUZmN0k4NVNUVzZRQT09IiwibWFjIjoiOTZlNDg3YWMwMjBlYWI3NTRhMjFjYzU2ZmM0MzhkYWJhZjZjNTQ5NGIwZDVmZmY4Y2YyMzkyOWViN2QyYzNlNyJ9', '2016-03-17 15:27:18', '2016-03-17 15:27:18', NULL),
	(322, 'eyJpdiI6IklcL083cVdzdFFZc3l1OG43MWVpblVBPT0iLCJ2YWx1ZSI6IjNRTk9PTXE1eFp1dno4M0NyQTNjWkE9PSIsIm1hYyI6IjRjMTM1MjQ0ZDkyOTg1MzE5MGQxMWU3ODY0ZTMzNjA0Y2NmOTRkYmEyNGJhMTI5YjAxNDlkZDI0NTUwOTFjNjUifQ==', '2016-03-17 15:27:22', '2016-03-17 15:27:22', NULL),
	(323, 'eyJpdiI6IkdiRHNEQ25BemFRMEkrN2tSWk4wRnc9PSIsInZhbHVlIjoieDN5TU50QnROR3FuTG5OS3pGVEkyQT09IiwibWFjIjoiOWFjZWI1ODNkYTM1MzcxMGI2ZGI2NzdiYTVlMGI5ODBjMDM0NTI5MmFjNDg2NWRiYjJiODRlYjFhZjZhNGQ5YSJ9', '2016-03-17 15:27:59', '2016-03-17 15:27:59', NULL),
	(324, 'eyJpdiI6Im1ZVG5qMENpZWxWTkZsaWtmT1JMMnc9PSIsInZhbHVlIjoidVp2UW9FWmpuNk55ZUI0ZFBlMFdrZz09IiwibWFjIjoiMzJiMTFjYjMwNTIwNTU1ZjU3YTA5N2Q3MTVhYmJmZWQ2ZTUyYTlmNTFmMDQ3MzVmZTk3Mjc4ODQ3MDBhNTkzNSJ9', '2016-03-17 15:28:02', '2016-03-17 15:28:02', NULL),
	(325, 'eyJpdiI6IjhsYTVBQTlmZE5GSTZZSGlKdGZyTHc9PSIsInZhbHVlIjoiSW5FMGtxaGoraXZUSkI2OCt0U3Q3UT09IiwibWFjIjoiYzU4YWEzNGUyZTI5OWI0ZTU0ZGE2MjViM2ZhNGQyZWYzNDdmYzNiMGUwNWYyYTZlN2MzNjVmNjUyZjA0YWU1YiJ9', '2016-03-17 15:32:37', '2016-03-17 15:32:37', NULL),
	(326, 'eyJpdiI6Img0ck5rT0xcL1NBZEQyWjdjczFIUElRPT0iLCJ2YWx1ZSI6ImZKWTdcL2dRd0VicjdzZ01kd05JR0pBPT0iLCJtYWMiOiJhNjE0YjQwYzEzZThkOTE5NDI2MWRhYzkyYmJjMGE5M2YwZWQyMTA4ZTAxNmUzN2JlNmVjYTQ5N2MxMDc5NGU0In0=', '2016-03-17 15:32:44', '2016-03-17 15:32:44', NULL),
	(327, 'eyJpdiI6InI4aXJuYTNGeHBCTHRnRmxWTTVRSXc9PSIsInZhbHVlIjoiYWpGV0dITnpwZ2NnaHhCb2tlUHJidz09IiwibWFjIjoiNDU0YmMxZDQyY2M4MDU0NzYxYWI1ODAwNWJjZTA0MGY5ZDhiYzc5MDIwY2RmNmE1MzI0Nzg1MWU5N2RlMGE3NCJ9', '2016-03-17 15:34:27', '2016-03-17 15:34:27', NULL),
	(328, 'eyJpdiI6IjNPQ3hLVUNHbU56M0M5azNkaVlBU2c9PSIsInZhbHVlIjoiS3NqYkVBbEZEaGsyZEw0OTJMa2R4Zz09IiwibWFjIjoiZGFiN2Q1ODI1NzBjOGZjODU3ZDAzMTdkZDhlODgwYjM0MTMxNjY0ZDBhMWMwNjc0MzRhNmI4Y2U3MWJmMDU1NCJ9', '2016-03-17 15:34:30', '2016-03-17 15:34:30', NULL),
	(329, 'eyJpdiI6InhjN29cL0ZNMUdxTjdcL0wzU1hGcGF5UT09IiwidmFsdWUiOiJ4aTQ5Y2JDckZNODYzd3FBUjRJVWt3PT0iLCJtYWMiOiI5NTBjZDg5ZTEwMjk5NWNjMGI4NTRiZmI3NjcwODMxYjAwYjdhMDM3MTI2NGZhMTFmM2NiNDZiZTIyM2Y3ZDRjIn0=', '2016-03-17 15:34:39', '2016-03-17 15:34:39', NULL),
	(330, 'eyJpdiI6IkJEYURZc0d1UmZKNE5pTVl4WTkwVlE9PSIsInZhbHVlIjoidFZPQlppZmM1V21kVVYwdnQwdmJZQT09IiwibWFjIjoiOGYzMDIxMzkyY2NjOWNkZDU0M2Q3MTQ5ZjNjYmZmZTg2MTgzZDFiMWZkMzY0YWFiOTY3MjhmNzliNWE2OTgyNSJ9', '2016-03-17 15:34:41', '2016-03-17 15:34:41', NULL),
	(331, 'eyJpdiI6IkZWeitkVVVuaW1reDJwQ2NMcjNtZHc9PSIsInZhbHVlIjoiZ0tWV0c4VFVIVGZRMDRTUjRzQ25xdz09IiwibWFjIjoiY2Q5ZjlhNmMwMDU5Njg0MjBjZjcwYjYxOGI0MGEzNDc2ZTNmMzRhZjljODZhNmZmMWQzMTkwYTJhNjg5ZmFjZCJ9', '2016-03-17 15:34:46', '2016-03-17 15:34:46', NULL),
	(332, 'eyJpdiI6Ik5uTlcyVGFhVU5rZUVXR0FNaDc0SVE9PSIsInZhbHVlIjoiZWhcL3VKdkFpUUpvK3ZcL2dIZ2ZycmlBPT0iLCJtYWMiOiI3ZTQwYzNhMTBlYzlhNGM3MDEyNjJiYjUzZWU3NTM3MWQ1MGMxNmU0YWIwZjkwYzdkYjlhMjQ0YTJiY2FlMGI1In0=', '2016-03-17 15:35:24', '2016-03-17 15:35:24', NULL),
	(333, 'eyJpdiI6IlROWURqVVVVeEtISktEOVJHNmVUemc9PSIsInZhbHVlIjoid09kNGxZa29sd1R5VXpKeUQrREU5Zz09IiwibWFjIjoiNWNlODg0NGVjZGExMTQ4Zjg2NjBkY2FlNjdlZTFmYTMzZTFmYzk4MjU5ZjEyM2JiOGI5YTI4M2U5YzlhZGMxYSJ9', '2016-03-17 15:35:28', '2016-03-17 15:35:28', NULL),
	(334, 'eyJpdiI6InhCdWQ5RG94WDQ0dEp6ZFlXNjZjcXc9PSIsInZhbHVlIjoiMENiaEVcL0VhRTFXdDRwXC9MUEVIU0F3PT0iLCJtYWMiOiJhZjc2ZGQ1YmI2NmFlOGFmYTNhNTU4MTIyYzRmNDYyNGNiNmM0ZDc0MmY5MmU1NDhjYTk0YTIyZDUzNTM2NWQ2In0=', '2016-03-17 15:35:33', '2016-03-17 15:35:33', NULL),
	(335, 'eyJpdiI6IlwvSHV4T0VZeUhBVnJqVHB1R3k2U25BPT0iLCJ2YWx1ZSI6IndFQXNoQndFejJzeXpZdDM3TVREVEE9PSIsIm1hYyI6ImFiYWI0MzJmYzVhNDUxYzkwMDRiNDIxMjczMjYwMzk1NjBjZDJjYmI4YTNlOWY1Y2E3YTNlNGJjODY3YWVlNjEifQ==', '2016-03-17 15:35:52', '2016-03-17 15:35:52', NULL),
	(336, 'eyJpdiI6IllUYWtPVjluYnVMRDVDZnlFT3YxblE9PSIsInZhbHVlIjoiWnFhbEVVWFJLc0JKMWdsWWg5R1lBQT09IiwibWFjIjoiOGQ5YzEyZjE1MjliNzhmOWRiYTgxZGM0ZGU3YTUwMWQyOGJlZjg0NWM5ZjI2MmM0OTRjY2JlNjE0ZjU1ZTZiZCJ9', '2016-03-17 15:35:55', '2016-03-17 15:35:56', NULL),
	(337, 'eyJpdiI6ImxWTENYekpGT01NMkFkU0JLb25DWmc9PSIsInZhbHVlIjoiOVQ4bXp2RFNVS0MySjRONWJmWW9oQT09IiwibWFjIjoiNGI1NWE5NGVlYTA0NmU0ODEzMDE0NGU3ZGMxNTI5MjUxNjAwMTQ2YWE2MWY5NTMzYjExYzIyZjRmZjEwMzQwMyJ9', '2016-03-17 15:37:51', '2016-03-17 15:37:51', NULL),
	(338, 'eyJpdiI6IlFrY21iZ2RIUkkyNXlHZjJ5aXZpaVE9PSIsInZhbHVlIjoiTXY5d015WmtnUFwvcXIwd1dHaGFwOXc9PSIsIm1hYyI6IjY0Y2Y0ODRiYzM0NmRiNzE0MTViMGIwY2I0OTE5MTg4YjY5YmJlZWE1ZjI3YjRiNzc2MzlkOGU2NWFlMmUyZjIifQ==', '2016-03-17 15:37:54', '2016-03-17 15:37:54', NULL),
	(339, 'eyJpdiI6Ikw4M3ZUUWZGRkNtXC93OFFudmthTGJBPT0iLCJ2YWx1ZSI6Ijd5ZEdWUzlOTVFtbWxGaGxrcnVNWnc9PSIsIm1hYyI6ImQ3ZmJhNGY3Nzg2NTZjMDM0N2Q5NDE1MWUyZjhkYWJkYzhlMDNkZWVhYjk5YzllY2VjNjlkY2Q4Y2E3MDQwM2IifQ==', '2016-03-17 15:38:16', '2016-03-17 15:38:16', NULL),
	(340, 'eyJpdiI6IlwvanF2eHVqdDR2R0pTZmRpM1JmWDlRPT0iLCJ2YWx1ZSI6IjMrYlRRMmtTMm9uNUhiVnFReFNZcGc9PSIsIm1hYyI6ImUyYzk1MGI3ZGIyMzU0MmU1MjAzYjM1MzZiMjJkMTk3MmNiNjM5YWUxYTdmMDc0MTQ5Yzk5ODY1MWY1ZjUwMDUifQ==', '2016-03-17 15:38:19', '2016-03-17 15:38:19', NULL),
	(341, 'eyJpdiI6IktEd0RzcFwvRFJLRnVKWk9BT3BVRnRBPT0iLCJ2YWx1ZSI6Ilwvb3ZzdGJqVzRTTlV5XC9cL3pHYjdhXC9nPT0iLCJtYWMiOiI4ODk3MzdjOWI1ZDNlMGNjOWYxYjExYTk4ZjFjZWJhNGQxYmY2YmZjNDVlMTYyYTFhNTI3MjFkYjU1ZmU0Nzc4In0=', '2016-03-17 15:38:37', '2016-03-17 15:38:37', NULL),
	(342, 'eyJpdiI6ImdGMGpqaXFlVDgwQnR0RXVYZUNFN1E9PSIsInZhbHVlIjoiT2ZoYUZmU1VGV09vV01xa0k4cHJ6dz09IiwibWFjIjoiNTBhMzA0ZTg5MjlmYThhN2RlYTY3NDlkM2EyZDQyMjYwMmVlMDdjZmEwOGIzNTYxYjcwOWVhYmUxZTk5MWIwYiJ9', '2016-03-17 15:38:40', '2016-03-17 15:38:41', NULL),
	(343, 'eyJpdiI6IlBFeGxJdFA4WUhhZVgxdkhOK2YwOEE9PSIsInZhbHVlIjoiRm4zXC9TbmMxYWNSaHdtOHBTYVN0Unc9PSIsIm1hYyI6ImNlMTJhNDg4Njc0YzUxYmQ2YzA4NjUyNTdkZWM2MGMyZDk1MDA0Y2UxOTY0NzdiMjJmYTc0OThmYzRmYWQ1OTMifQ==', '2016-03-17 15:38:44', '2016-03-17 15:38:44', NULL),
	(344, 'eyJpdiI6Im92eVMxMVVrbGRCVDRsU3A0Zjl6eGc9PSIsInZhbHVlIjoidWFlTUZRUStwZjh0a00xUWVTOTdaZz09IiwibWFjIjoiOGZmMmIxMGI5OTQ3NzU5NTZmMzdlZGVhMDMwZDRiYmViY2ZlNmI5MDhhMDVkMDVmZmM1YmNkMWUwMDUyN2FhMSJ9', '2016-03-17 15:38:47', '2016-03-17 15:38:47', NULL),
	(345, 'eyJpdiI6IkRnY0Z6TndsVkxob2ZvV3ZJa3l3YVE9PSIsInZhbHVlIjoiU3VvVEVMWjQ3b2hsSThIMnhSMmlndz09IiwibWFjIjoiZjNhYmZiY2Q0N2IzMGI2Yjc0ZjlkZjU4NGJmNzlmNjEzODY4ZTMxM2RhYzk0ZTRmYWM0NTc5OWI4Y2EyZjI1OSJ9', '2016-03-17 15:40:09', '2016-03-17 15:40:09', NULL),
	(346, 'eyJpdiI6IkF4RklcLzN6YlpUOEduWXZpXC81SjlBZz09IiwidmFsdWUiOiJpeUFLVHZOMU1pUUZWQkZ0cWIzY0FBPT0iLCJtYWMiOiJhMWI4MDgwMGJkY2NmZDQ3NmZiMDAzZTE1YzA3ZGQwMWIzZTRlNzM4OTM3YmFkNmQ4N2NjNzE3NWY3NjM1ZTk5In0=', '2016-03-17 15:40:13', '2016-03-17 15:40:13', NULL),
	(347, 'eyJpdiI6IkswdTRQUnRHWDdNbklwNXpkeWpsSUE9PSIsInZhbHVlIjoia3NCQ0dObzRhVFd3UFlJanhGK0JrUT09IiwibWFjIjoiYzAxYTg1OWJlMDNlZmZmOWE5YjViYzI2ZmE5MDk5NTcwNzFiZWM2MmIzOGE3MDJlZGFkZTA2MTJjMTUzNTFmZiJ9', '2016-03-17 15:40:35', '2016-03-17 15:40:35', NULL),
	(348, 'eyJpdiI6IkxuVjFWTmE4ZkpuM29BR2N3ZWl6N3c9PSIsInZhbHVlIjoiOGxybE5cL1wvSUFBYVlXUE9hMVdTUzJBPT0iLCJtYWMiOiI4YjYzYTlhM2RiNjNkNTdiYWI4NjQzODA2ZGNlOTkyODEzMzIyNjcwYTI5N2YzYTZiZDYwZGVjZTRlNDNiMjMwIn0=', '2016-03-17 15:40:38', '2016-03-17 15:40:38', NULL),
	(349, 'eyJpdiI6Ijl2YkRxeFBZNlwvcWgwT1pVRzFBYTN3PT0iLCJ2YWx1ZSI6ImJTUnZ2enp3Nlh1ZWxYZXVYd1FPcnc9PSIsIm1hYyI6ImVmMGI3OGU1ODdiNTVmY2QxZTg0N2EwMThiZmUwNmMwMjU5N2E4OGViYWM4MTc2ODhhM2JiZDZiZDg1NTVmY2IifQ==', '2016-03-17 15:42:23', '2016-03-17 15:42:24', NULL),
	(350, 'eyJpdiI6Ik5hY25QVHZvRXJMV2NQTnlFZDI1WUE9PSIsInZhbHVlIjoiSEl0Wjd2VlZ0T3BMWW0zdk9jUUNjZz09IiwibWFjIjoiNzJlMjRmNmRiZGU1Y2ViMmY0ZGFhNTdlNzZjYzBjYTUyNTg3ZGFkMGM3OTM5MTZmNDI5ODBlZWQ4Yzc3NGNjOSJ9', '2016-03-17 15:42:27', '2016-03-17 15:42:27', NULL),
	(351, 'eyJpdiI6IkVNSDNpdWdtcldJOFdxUGFzbjRSWWc9PSIsInZhbHVlIjoiQk9zWmtXMmoydzYrbTVyZllDTEd0UT09IiwibWFjIjoiOTNhNGNiMWNmNmE0YjA3ZDUzYjRkY2U3NDAxNWZmOTY4NzkyNjJmNjBmZmI5MDE5OTQ2Zjk4MTg3YmQzZDhmNyJ9', '2016-03-17 15:42:53', '2016-03-17 15:42:53', NULL),
	(352, 'eyJpdiI6Imlqd2luMnRiakE3eWZYZGpWeDQ3b3c9PSIsInZhbHVlIjoiM1p3M1wvcE1TNHUwdEhWUExDT0hzSUE9PSIsIm1hYyI6ImFjZjA4YzlkMTRlNDlmMTNhM2RkYjkzYzkxYTkwY2YxMWZmMGIyNGE4YjNlZDIwY2IwYTJhODdmMzMwMzVlNjYifQ==', '2016-03-17 15:42:56', '2016-03-17 15:42:56', NULL),
	(353, 'eyJpdiI6ImtuQVFJUDZDSlVRczh0Y0tJTHdcL0RnPT0iLCJ2YWx1ZSI6IlhxOThqeEFqSllEM2tsRkxucGhxWFE9PSIsIm1hYyI6IjUwZWY2YjgxNDI2NmU1YWI5NzI2MmJjNTIxODM0OTVjNjNkZDE0MGQ4YjJjZjFhNDI0Y2Y0ZWRiOWFmNjc0Y2EifQ==', '2016-03-17 15:43:21', '2016-03-17 15:43:21', NULL),
	(354, 'eyJpdiI6InhHSDR4RmhTS1YrdkU2cDBVNGt0RVE9PSIsInZhbHVlIjoiaEE5OUE0YlorbHdFXC8zVE9FR2gzVEE9PSIsIm1hYyI6IjYyMThiNWI1YzI3ZDA1ODVjYWRhYjVmNGNmN2JlN2ZjZjBiYjVhNzBiMjVhODAyOWYxYWZjNjRjOWYzMjc5MWUifQ==', '2016-03-17 15:43:25', '2016-03-17 15:43:25', NULL),
	(355, 'eyJpdiI6IlZKaFlzbjM0cEFYUUxiXC9RN21lMm1nPT0iLCJ2YWx1ZSI6InE3UldIdkdTajdcL2Y2SHUzRXJEZW1nPT0iLCJtYWMiOiIzMmIxNDM4OGY0NDI1MGMzZjgyOTlhYTU5MjllMmU5N2U0ZWU3MGYwZDkyZDNiY2QyNWQ0MWQ3NWViNWFiMTE5In0=', '2016-03-17 15:43:41', '2016-03-17 15:43:41', NULL),
	(356, 'eyJpdiI6InJKUEhoNXpGQWJ6ZnJCVDVvOFgzM0E9PSIsInZhbHVlIjoiaTBkUm5sU09ubjJrNjN0djU2clZpdz09IiwibWFjIjoiMTg4MjMzOTgyYWY3ZjEwMzEzMDIwMTNjNjdjMDIwODBkY2I4Y2JmZWIwY2E5MjFjMmJiYjI1YTgyMzZlNWU5NiJ9', '2016-03-17 15:43:44', '2016-03-17 15:43:44', NULL),
	(357, 'eyJpdiI6Im5VTDJVSVgzQVVDYklFVTM5M3VPVGc9PSIsInZhbHVlIjoiNFhEcXIwb1N2aVZEcFwvTGpiVGpWeEE9PSIsIm1hYyI6IjE1ZDkwNDQxMjU3MTdmZjE3MzgwZmNhOWJiYjJhYjBiNTI5NjEyNTM4ODc1OWM0MDExZmIzMzkzOGI4Y2IzZGIifQ==', '2016-03-17 15:46:51', '2016-03-17 15:46:51', NULL),
	(358, 'eyJpdiI6IndZNlpQV2UrVkVabFdwOENCY2xtbnc9PSIsInZhbHVlIjoiT04wV01Pa3NUSjhlVTFMeEVhSzFxQT09IiwibWFjIjoiM2Q0NTc2MTMxZTk3MjQ3NTIyZDhkOGIwYTMwMjUzNDNmNzU0ZDIzZDQyNzYxODRjZThjMDE3MzY2ZjAwYjkyNyJ9', '2016-03-17 15:46:59', '2016-03-17 15:46:59', NULL),
	(359, 'eyJpdiI6IjNoWGNaSXVVTERtdVpBTEhvZU40a1E9PSIsInZhbHVlIjoiVTZ4UkJEalMzbUNJT3NWajFrUU1Ydz09IiwibWFjIjoiODQwZTFhNGNmYmViYjBkNDNjZTgzY2U4MWQxZTk5MGI5ZjcxZGM4NjMwYjgwYWI4ZWY5NDAxYThhNTIxYTQ1OCJ9', '2016-03-17 15:47:16', '2016-03-17 15:47:16', NULL),
	(360, 'eyJpdiI6Ik9PczdaVEUyZDhpMzlkYmRJNXdCY2c9PSIsInZhbHVlIjoid0YzajNDVVB2ZksyaDdMWlRRc2pBdz09IiwibWFjIjoiNjM2MzI2NjMyY2I2ZTNlMmM2YWU2NmFkMmM5Mjk5ZmNmZjMxYzhkMGQ5ZmJiNjRjMTM4NzIxNDY3NDkwMDQ1NSJ9', '2016-03-17 15:47:27', '2016-03-17 15:47:27', NULL),
	(361, 'eyJpdiI6Im16MWlnd0RCajdNVUt6ejhGdzJJMGc9PSIsInZhbHVlIjoiZVp6OGNZbnZBcm9UaTk4Wlo0dUp6Zz09IiwibWFjIjoiNmQzNGY5MWU0NzlhNjhjYmMxYWYxYjk1MzBmOGFhNjAwYTE1M2QyYWE4MzFiODU2NDliNTkzYTljNGU1OGM3NCJ9', '2016-03-17 17:04:01', '2016-03-17 17:04:01', NULL),
	(362, 'eyJpdiI6ImFIQ2FxSTh3cXREaEllc2d4SklZc2c9PSIsInZhbHVlIjoiTkw1dllGQ3FOZDhXejhibG04SFFkQT09IiwibWFjIjoiM2ExZTIyMTkwMDJmMWU2NzFhMzA5MWNkMTgxOGRlOTdiZDY5ZmVhNmExM2RlYWY5MTVmYmZjYzBiNjQ3M2JhYiJ9', '2016-03-17 17:04:20', '2016-03-17 17:04:20', NULL),
	(363, 'eyJpdiI6InlBRVp6Q0tTamRJa1d6T3F0SHVYTFE9PSIsInZhbHVlIjoib1Q0ams5c09Pb0lvbkhGdXdHaGt1Zz09IiwibWFjIjoiYTM1Yjg1MDdkY2ZhMGI1YTA0YTRjMjlhZDFlMWE3ZGZmNTJkM2E1MWU1ODUyZjU2MGQ3YmYyMmYwZWMyNTZiNiJ9', '2016-03-17 17:04:36', '2016-03-17 17:04:36', NULL),
	(364, 'eyJpdiI6Inc5R1wvQ2pqYUlNY1l2RllDMUNKbmtBPT0iLCJ2YWx1ZSI6ImN0aGxwY290Nk5yaVM5bm1iNFdEUUE9PSIsIm1hYyI6ImI1OGQzOTg3MDRjZmQ5OWE3NWM1OGU4NzIyZGVjMzc1MDkxZjIxYmJlMzAwZGQxM2M0MzlkYWE2NzNmZjA1ODgifQ==', '2016-03-17 23:02:59', '2016-03-17 23:02:59', NULL),
	(365, 'eyJpdiI6IjZ0bVhJZHZFczRockJRUjFOMnN5T3c9PSIsInZhbHVlIjoiNEU2SXh4eE82UVc3UGgzajRZNGVJdz09IiwibWFjIjoiYzVhNjQ1ZjA0ZGY0NTk4MmQ5MDJhOWYyMDk2ZjA4ZDYwYjVhNmRjZGJmNDQ5MjQ5ZGNmMDhkMDJkOGNjZWJjMiJ9', '2016-03-17 23:03:30', '2016-03-17 23:03:30', NULL),
	(366, 'eyJpdiI6ImFQSTVSNHZJRWJlVTlFWHZydFBLcHc9PSIsInZhbHVlIjoiNlpuY2FOZkswUmd4RTUxNCszaG1Sdz09IiwibWFjIjoiMTk5YzNkNTI3OTllNGVhNjMxNWFhMjJiYTUwMTE4Y2Q5MTNmNjAzN2Q2N2JmOTY2ODI3MjM1YzZjYjRkMmVlMSJ9', '2016-03-17 23:03:44', '2016-03-17 23:03:44', NULL),
	(367, 'eyJpdiI6InFQWGRiUVlYWlwvTVpwbXlnRkZYa01nPT0iLCJ2YWx1ZSI6IkJxb1NlY2gxS0tjQnQ2aVJJb1VBdFE9PSIsIm1hYyI6IjUwZTJiNzkzODc1N2RmMzIwZDcxM2ExMjA2ZmViOWU4YTBhZjEzYmQ3MzRjMzZkZDk2OGE4OGFiNjNkOTgxODcifQ==', '2016-03-17 23:03:47', '2016-03-17 23:03:48', NULL),
	(368, 'eyJpdiI6Ik85dWp3Y096UjBTMUVRdmY1REdkbkE9PSIsInZhbHVlIjoiK2grb2hWQVNzOTdQcEc0T1VhWWludz09IiwibWFjIjoiOGIyMzVkYTQ3NWY4MDg0ZjY1OGEzMTVmMzUxNWM1YmM4Mjg4YjM2ZDNjZDBkYzNhMDk1NGIzNDQ0YTExMDcwZCJ9', '2016-03-17 23:03:54', '2016-03-17 23:03:54', NULL),
	(369, 'eyJpdiI6IlY1dW5Ienk1YkRyUFpGXC9Tb3BzeGRRPT0iLCJ2YWx1ZSI6IjE5TDZ0T3BFM21jSFZHQmRBdlMrVEE9PSIsIm1hYyI6IjFjZDBjOTEzYmE0ZDJmZTkwNDRhNTQ3MjVmMzRhN2E1YzVkYjdiMDFkZjJhNGIyNDg1ZTUxYWYxMjIzMWViYmYifQ==', '2016-03-17 23:04:00', '2016-03-17 23:04:00', NULL),
	(370, 'eyJpdiI6IlN1cU5JMGdzQ3B3Wk9La0xGa2dzTmc9PSIsInZhbHVlIjoiMmFhMDBJWWZYemZMXC8xTmN0ZFp1dWc9PSIsIm1hYyI6IjhjZGFmYTNjMzM2NTcxNDM2ZjQ4ZTgyODY2OGMzYzhjNDBlM2RmZGNlNmRhYTlhYTdkNDFhOTRhN2Y3YmM2ZGQifQ==', '2016-03-17 23:04:15', '2016-03-17 23:04:15', NULL),
	(371, 'eyJpdiI6ImFZN2lSdldvMUorbVlVMnRhZ3UrVEE9PSIsInZhbHVlIjoieHF2YlhqdXNpXC9HQzFWYmVYXC9KWGZBPT0iLCJtYWMiOiIwZjdiNTUwOTcxOGM2ZWE0N2I5NmQzODBjYmM2ZTA1NjE2ODAxMTQ4MGQ2YzVlNzIzNTIxMDFlZGEzMzBkYjUyIn0=', '2016-03-17 23:04:22', '2016-03-17 23:04:22', NULL),
	(372, 'eyJpdiI6ImloUSsxV2JXdVJpd1B5Q3Q3eDkxNlE9PSIsInZhbHVlIjoicGZWSjJkcFB5NWVuUXVMenQwYXhPZz09IiwibWFjIjoiNDY1ZWZiYTMwZDg5Njk4NGJhMmVhNTRmYmU3ZDgwZjZjM2JmNTM5ZmE2NTU1ZWQ4ZTgwNDdmODlmYTcxZjAwZCJ9', '2016-03-17 23:04:30', '2016-03-17 23:04:30', NULL),
	(373, 'eyJpdiI6ImpJaHJldWFua1dkSWU2azJLNjdIblE9PSIsInZhbHVlIjoiTkM5UDdIWmFQVGpKcmcyT0l3MGtyUT09IiwibWFjIjoiZDU5ZGQxYjVhMTU2NTEyNmI3YjUxNDZjYzE4MjFlMDE1MzllN2I4OGQxMjhjMmQ3MjFlYmE5NDk2N2Q3MTE3OCJ9', '2016-03-17 23:04:34', '2016-03-17 23:04:34', NULL),
	(374, 'eyJpdiI6InVsTnhFSXlBUmExZG1UYkh1NWNwS2c9PSIsInZhbHVlIjoiZkJleWVsMHdnZlwvT1VJRUFqcGIwT2c9PSIsIm1hYyI6IjAyN2UzNDM4YjAzYWVkZmY2OGY2MGI3Nzc1NTNkMWFkMTdmODAzNzdmNWYyYzQ1OWRiNTI1ODhhMzUyODM4NjYifQ==', '2016-03-17 23:04:37', '2016-03-17 23:04:38', NULL),
	(375, 'eyJpdiI6IndhTjhlM21FdnFjNUFtZ2FtT2RGZGc9PSIsInZhbHVlIjoiRXJ2VU44NTlLaDVCWHFBTUxFb3h1Zz09IiwibWFjIjoiYWI5Y2I0OTM3MDU3MzVlZDI1MTk2MjhlMjA0ZmNiNzFlNmM3MWQ4MDgzNTUzNTNkOTgzZjljMmUwMmZlOGMxYSJ9', '2016-03-17 23:05:19', '2016-03-17 23:05:19', NULL),
	(376, 'eyJpdiI6ImNHc3NVdXhDWGpPWFZOU29ZOWYyc2c9PSIsInZhbHVlIjoiUVRZenVkRXlKcGg3TmZ1eGM2SlNSQT09IiwibWFjIjoiYjk1Y2QyYmJjMTA0YWFmZjI3ZjMxYzViZDE3NDI3ZDc0YWVjY2I2ZWY5ODFkYjJkMjE1ODM1YmM0N2FiYWUxNCJ9', '2016-03-17 23:05:21', '2016-03-17 23:05:22', NULL),
	(377, 'eyJpdiI6IlNUWGcyaFYxUlBSOFBcL3ZaV1RnZUVRPT0iLCJ2YWx1ZSI6IlhoT3ROMENQcXBNQms4TkdvMDZtdHc9PSIsIm1hYyI6ImIxM2QyYjI5MDRkMGM3OWEwMTFmZDhmYmM1ZjFlNTZmZDc4MDRiZGJhZGZmMDNmY2E3MWQ2N2YxZGJhNzQ1NGIifQ==', '2016-03-17 23:05:25', '2016-03-17 23:05:25', NULL),
	(378, 'eyJpdiI6Ik9qQXhQa1VkMmxodVwvS29JbXVVcnFRPT0iLCJ2YWx1ZSI6IkE0TG1FMXc2NjJBa2xZUUFFOURDaHc9PSIsIm1hYyI6IjY2N2U2NWI5MzcwODc3OGQ1Njk0MzJkYzBiNDQ1YzJhOTdmMTVlYzViNGIzMTQxZWUyOTNmMmRkNjYzZmRmOTkifQ==', '2016-03-17 23:05:30', '2016-03-17 23:05:30', NULL),
	(379, 'eyJpdiI6IjVlQlJwOHpVaHJjK1JDNTRvRmR1Z0E9PSIsInZhbHVlIjoidW1kenRsZkhuMWNEbGJNTjRHeWlcL1E9PSIsIm1hYyI6IjM3NjVhZDRkM2VlZGEwZjM1NTZjMzJmNzZhNjc2YjY0ZWEzNjY3Y2ZlZjliMzY5MWRlNzMyN2JiMzEwYjVjY2IifQ==', '2016-03-17 23:06:04', '2016-03-17 23:06:05', NULL),
	(380, 'eyJpdiI6Iml4a2trZG5hXC9GUzh3bVBDK2R2N0dnPT0iLCJ2YWx1ZSI6IkNjTyt0Z2ZRcHNzSng4Q3JNdXYrK3c9PSIsIm1hYyI6Ijc5OGNhZWY5MzYzZWQ0ZTI1ZGUyNWRiMTdiMjE0OWU5YTk1MWQ0NjQzOWU4ZmM1NjU4ZmQxNmZjMDlhMDNkMGIifQ==', '2016-03-17 23:06:10', '2016-03-17 23:06:10', NULL),
	(381, 'eyJpdiI6IjNqZXRHY0VaaDdxWlNFdlc4QXB5alE9PSIsInZhbHVlIjoiclJHMnQwZ3lrUHI2dGszQjJMZ3BBQT09IiwibWFjIjoiOWVkYTc2NzBkM2QxODNkMDk3N2QxM2MxZDE3NTFkNzllODE2NTM1MjdkMWZmNzA5YzQxN2VjMWQ4MTViMWIxNiJ9', '2016-03-17 23:07:03', '2016-03-17 23:07:04', NULL),
	(382, 'eyJpdiI6IkljQ3ZFOFpvXC9FYkJ3Y3dWbEN0Zm93PT0iLCJ2YWx1ZSI6Ik9MMTArNDI5ZHl2RDM0Yk5PRER2eEE9PSIsIm1hYyI6IjQyNTcwYzM0YmY2ZWUwY2I0ZjViNTlkYzI4OWVkYjYyZmY3NzE1MGYwODU1ZDcyZTI5YjI1ZDdiMTU0NjRmZDUifQ==', '2016-03-17 23:07:09', '2016-03-17 23:07:09', NULL),
	(383, 'eyJpdiI6ImIxcUU5XC9MemRSUjc2R2Rsb0p0dFdBPT0iLCJ2YWx1ZSI6ImR1UzdWTEl0b0ppMzNIUXJWQmdaNVE9PSIsIm1hYyI6IjllYWQ2ZWRhYzk4OGJjNzYwMzIwMDVkMmUzNjE1MTM3MjM3NTVhNDNmMjBkM2FkYzlhNzA1NWFmMzYwNzMwYzIifQ==', '2016-03-17 23:07:40', '2016-03-17 23:07:40', NULL),
	(384, 'eyJpdiI6IkNHODhPNjd3V3lmT2dwTnNLeEgzUlE9PSIsInZhbHVlIjoiVXBoS0NRVUFDQzdcL3p5Tld2K0xNT2c9PSIsIm1hYyI6IjllNDM5ZjI1Zjk4ODBhNTlkYTE5YjBkNjZiNjFkOWNlMGNkYTlhMTdlODQ4MTgxZGQ5ZDlmZGE3N2NlNTc3MzAifQ==', '2016-03-17 23:09:02', '2016-03-17 23:09:02', NULL),
	(385, 'eyJpdiI6Ikg1THduc2tnZnd1QW9Mb1NpektmRVE9PSIsInZhbHVlIjoiXC9KaUtvUXZtZW1NTmw0RHVXckFSTmc9PSIsIm1hYyI6IjBkZjMzN2YwMzVkNzkwMGY2MWU1ZGFmMWI0NGRmOWZhNTM2NDE3NDZkNGYzNDdlMWU1NDcyOTI2MjZhY2Y4ZWQifQ==', '2016-03-17 23:09:10', '2016-03-17 23:09:10', NULL),
	(386, 'eyJpdiI6IjFMVUV4WjNWTVZLTVB5YzVuMlwvOGxRPT0iLCJ2YWx1ZSI6ImRPWmk1c29ueFF1eFlZK3o1T3ZUcEE9PSIsIm1hYyI6Ijg0YTFlMGVhNzljYTNlOTY3MDhkNGUxNmI4MzI0Y2FiZjIyOTE3NDQ2MDdlZjRiZDQzNjA3ZDg5MjcyYTU2MTgifQ==', '2016-03-17 23:09:22', '2016-03-17 23:09:23', NULL),
	(387, 'eyJpdiI6IkJcL1BLY3FoZzh0MVJqRUl5WEhLckxRPT0iLCJ2YWx1ZSI6InVEb1Y5TlRyU0ZnMTdcLzBNbjNlVmJBPT0iLCJtYWMiOiIwMmExMTUwNmQ3YTZiNTg4N2QzYjdmN2RhZjcwMDdlYzIwM2NlOTc5ZmIxY2ZkZmFjMTUwNTg3MTM5MzQxYzJjIn0=', '2016-03-17 23:12:20', '2016-03-17 23:12:20', NULL),
	(388, 'eyJpdiI6InVDYmRVaFwvcnFPSEtURnFTdzM5TVhRPT0iLCJ2YWx1ZSI6Inp2U0FtU21iM2crYm5NMUV2aTNzV3c9PSIsIm1hYyI6IjZhYTJkYTZiODk2YjM0MTNiOTQ0NjA0MTc1MGJkNzU0MDYzMzNmYmZmM2VjYzc0MTJmMzlhZjRkY2Y5ZDliNmEifQ==', '2016-03-17 23:12:24', '2016-03-17 23:12:24', NULL),
	(389, 'eyJpdiI6InFTQlBmbnZTZms4dW1VMHBKd2RVSnc9PSIsInZhbHVlIjoiVks2aWkrcGdRc2dITzBlVkdEd1wveUE9PSIsIm1hYyI6ImYyMmFjMTMzOGIwNjM3ODM2OWE1YzlhZWMzZGE4MzVkY2IzZmFlODFmMGRkMGM4MGEyZmNlNWY5MDFlMjRiNWMifQ==', '2016-03-17 23:12:27', '2016-03-17 23:12:27', NULL),
	(390, 'eyJpdiI6IlpLVFZvVWNGWVN2YVdkNGMxcWhVN1E9PSIsInZhbHVlIjoic1NjUEs4K2Y2Tml3VnU0TU9WRWYzQT09IiwibWFjIjoiYTkyZTYzNzQ5YWZlNTY0NmZmNmNjNjU1MjExM2IwMmFkMTE0MWI2YjQ0ZDhiYjY3MTEwMTkzNzAwNzBiMzYwYiJ9', '2016-03-17 23:12:30', '2016-03-17 23:12:30', NULL),
	(391, 'eyJpdiI6IlJwRmdHOFRxbUpCRE80VlpCTTk1Z1E9PSIsInZhbHVlIjoieGJ0UEhnK0ZUc3VFZUFHSkpWXC8yWXc9PSIsIm1hYyI6IjNiNjYxMmQ0NTZiMTdiYmZkZWZjN2E2YzM3NmNjMTExZTkxMGRkYjUzMDcwOTUyNTM2ODM5NzAzNWE0ZWEyMTYifQ==', '2016-03-17 23:12:34', '2016-03-17 23:12:35', NULL),
	(392, 'eyJpdiI6ImFvZzZ5eklJekdoUW14WUozTGVQT3c9PSIsInZhbHVlIjoiVGpYTGxcLzEzYnNONjNoRGZuU1J4NkE9PSIsIm1hYyI6Ijk1YzQxNzRmZWNlYzJlNDk5MmNhZTdiODZjZjYyNDg0MGVkMzYyNWE0ZjY0MGRlMjQzOGM0OGMwNGYyZjUxMmQifQ==', '2016-03-17 23:14:22', '2016-03-17 23:14:22', NULL),
	(393, 'eyJpdiI6Ijdadm5pR2E1N1cwMW5GTFRkS2FXK0E9PSIsInZhbHVlIjoiUEVTQVwvbGpCZGNMOE8xQldCZEozYXc9PSIsIm1hYyI6IjkwODNhMzllOTk4MzE2ZWUwNzZiOTlkNDVhNjQ1NGY5MWE3YTY0OTc2OTJmZWM5NDNmNGI3ZTY0ZTE0ZDNmOGYifQ==', '2016-03-17 23:28:46', '2016-03-17 23:28:46', NULL),
	(394, 'eyJpdiI6IlVWcmltU1dyNVk4Q2NcL25XckxHdUFnPT0iLCJ2YWx1ZSI6IkVWSzNiUUp2VlUzemRlcGdUNGVQVWc9PSIsIm1hYyI6ImJmYWE3MDMxOGVkMTA3OGRkZmJiMDAyZjE5OWQ5MTYzNzZiZjcyY2RiN2M0NmRiYjRjOWE2ZjVlZTVhMzFiNDIifQ==', '2016-03-17 23:28:51', '2016-03-17 23:28:51', NULL),
	(395, 'eyJpdiI6IjNkSDhscm9rcEx2aGhrYUN3SmV4TXc9PSIsInZhbHVlIjoiZ3dqb2FVY0Y4RVh0WlZ6bnJiWkRtdz09IiwibWFjIjoiNGM2YjczMmY4NTM0OTI5YmIzNWJjNzZkNDA2YjFmNGE5NGYzMDhjNjQzNmY3MzczNWJlYWIxYjRlNTI3YTdlMSJ9', '2016-03-17 23:30:02', '2016-03-17 23:30:02', NULL),
	(396, 'eyJpdiI6Ilg3em9ZWThDUG1tbFloVGdGUllmZHc9PSIsInZhbHVlIjoiWkh4OGtWYm9OdjF4Y2V5ajhabGJGUT09IiwibWFjIjoiMWNjNzY3ZGUzN2MwYjM0NzgxNjc0ZGZmOWRlMWVmMmZkNTk3NTUwOTU1MjQwZmY4MmQ4ZmE3NDVkNzU0ZjJlYiJ9', '2016-03-17 23:32:20', '2016-03-17 23:32:20', NULL),
	(397, 'eyJpdiI6IlBlOU9nWDdnOVZ1a21xMjBXSHhvNnc9PSIsInZhbHVlIjoibWErOG5WSGFsV2tjQVhrR090aE54UT09IiwibWFjIjoiZjM2ZmZkOGUxNGM2MTc5MWZhODllN2ZmZGNiMzRiYjYwNmNjZDQ5MDNkNGUwZjRlNjg0NDNkYjUwNzYyNDllZSJ9', '2016-03-17 23:33:42', '2016-03-17 23:33:42', NULL),
	(398, 'eyJpdiI6IitrSkRtV09MWkluNXM4dmk3dUxvTnc9PSIsInZhbHVlIjoiNnRoaVZDWjZEcjlWMHRKWlYrWmZ2Zz09IiwibWFjIjoiZjM4NDBlMTU2YTQ2ODA2MDFmZTNhNDUwOTYwM2I2Nzk5NGU5YmZlOWMyMzMzOTA2OGE0ZjdiNWU2Yjk5Y2VlMyJ9', '2016-03-17 23:34:34', '2016-03-17 23:34:34', NULL),
	(399, 'eyJpdiI6IkJGdlArekNSK1wvb3dTWWtKK2N5XC9EZz09IiwidmFsdWUiOiJXZ3o4UFkzYVlaMnJyREJoQUZMS0ZnPT0iLCJtYWMiOiJlNjRjMGUxYTdkNTU3ZTVmZmY0ODc4YmM0NzUwN2UyNWMwZTUxYzRiNWFmZTk3MDI3YzRiYWE0NmE3OTJjYzZiIn0=', '2016-03-17 23:55:12', '2016-03-17 23:55:12', NULL),
	(400, 'eyJpdiI6Imp6M1FtQ3lQREJod2xVSmFXcjNQeEE9PSIsInZhbHVlIjoiVVBsNmoyKys4czg3UFwvZ0VtNVg0QVE9PSIsIm1hYyI6IjY3ZmNkNjllNGZhZTE1YmQ5OTFjODg0ZmM0YjI4MzI4YTExNzllM2MyM2U4NzFjOTRmMzEwMjAzY2EzNGQxNmEifQ==', '2016-03-17 23:58:49', '2016-03-17 23:58:49', NULL),
	(401, 'eyJpdiI6ImwwUUc2VUFCd2lta2ttbEIrcTFhK1E9PSIsInZhbHVlIjoiejlGWk1iSXNZVElxSk90cUFYQm5yUT09IiwibWFjIjoiMzdjZjYwMWQ3NjQ1ZDQ5ZDA2NzA4OGQzODE5MDNmMjliNjEzMjFmZDkzODFlMzcyZWJjZTE5YTMyZjhhYWYzZSJ9', '2016-03-17 23:58:56', '2016-03-17 23:58:56', NULL),
	(402, 'eyJpdiI6Imd1SFpNMWFzQnl5dDdDb0xqc3VlaWc9PSIsInZhbHVlIjoiK1wvR2xHb2d3K29Cb1dqMHhlTjl5Smc9PSIsIm1hYyI6ImM3MmU1NDBkZDc1NjA3OTBhZGFiMzQ2Yjc1YjE0MzY4YjY2MWY3ZDIwMzdjZjc1MjA3OWJiNDNlZTQzYTRkNjYifQ==', '2016-03-17 23:59:50', '2016-03-17 23:59:50', NULL),
	(403, 'eyJpdiI6IkN0NHFvanZhZVpkbzQ2cjF4VXQwTWc9PSIsInZhbHVlIjoiaEdkeFByTnZvNHRMaXRpdzhsS1pPZz09IiwibWFjIjoiMjU0NTczMzBhZTY3MzZlMGE1ZTQyOGMwYmEzNDRhMjBlOTU2YzUyMTk3MGI2YzE5NGJhNTllZjg5OTYyNzUxYyJ9', '2016-03-17 23:59:56', '2016-03-17 23:59:57', NULL),
	(404, 'eyJpdiI6IlhSUEtUY1RsOFdwTUlYY1wvaGM3ZllBPT0iLCJ2YWx1ZSI6InlHeUhEMmlZNXA0UGFabGJyTEFodXc9PSIsIm1hYyI6IjAzNTA2NDk0YjdkYTMzNWI3MTRiNDMwNjI2ZTljYmI2NmJjNGM0MGJjZGEzNTg1Y2U4YTZkNmIyYWRkNTM3ODcifQ==', '2016-03-18 00:01:11', '2016-03-18 00:01:11', NULL),
	(405, 'eyJpdiI6Im5aTFhJZ1NFdndpXC9ha0ZqN2o5Y3B3PT0iLCJ2YWx1ZSI6IktETTcxblQwYUdvRVhNOFdHNjF5V2c9PSIsIm1hYyI6IjMzZTYzYjJjNTg1NmNiMjJiNjk0MDVjNWJhMzA2OWY0MjM5NzY0YzRkZTY2N2Q1YjY4Y2ZkZmEyYWY1YWJmOWMifQ==', '2016-03-18 00:01:14', '2016-03-18 00:01:14', NULL),
	(406, 'eyJpdiI6InJcL2Y1RUlDV2NWSGN1dlRUVUVNSEx3PT0iLCJ2YWx1ZSI6IlBxUkc0b25FNHZGeDh5d3ZqTHdOaVE9PSIsIm1hYyI6IjA0YzExZjc0NjBhOWE4ZTQ3YjcxMTk1NDVhMjFkMTE5OTYxZDkzNmI4ZDY2YWY5ZGVmOGVmM2E1OTYyZjVjNTQifQ==', '2016-03-18 00:01:39', '2016-03-18 00:01:39', NULL),
	(407, 'eyJpdiI6ImxoYW5nQnE2U3dLeFpvZXpkdVh2RXc9PSIsInZhbHVlIjoibmN2ZVdsSUxiV1JhY2FxSG5ENVF1dz09IiwibWFjIjoiNDUyOTgzNmEyZjdiMjIwY2Y4MThhOGIxY2Q4NTM0ZGVjMzM0M2MxNGYyNGRhM2VjNWIzOGFlZjBmMTRiZDhjNiJ9', '2016-03-18 00:01:44', '2016-03-18 00:01:44', NULL),
	(408, 'eyJpdiI6InB0Q1ZIdUJcL2R1bnpcL1JNdjRDeUROdz09IiwidmFsdWUiOiJpMTdaQmVLMnVEWWp3bjMzcXZGUG1BPT0iLCJtYWMiOiJjZGE2MzViNzQzMWQ5MWJmZGM2YmNmNmJiZGFiOTYxYWE1NTU5MTUxMTU1OTA3NDg5NWMzYTU3MzBjNjdlODczIn0=', '2016-03-18 00:02:22', '2016-03-18 00:02:22', NULL),
	(409, 'eyJpdiI6Iks4b3B1dnhON0xuTkdOSnBPeE8wMFE9PSIsInZhbHVlIjoiR3lueHo4WFwvWGxVR0diYXBqVEJUSWc9PSIsIm1hYyI6IjAwNmI1OTNjYzljYjA3OWIzYmEwYjk4Nzg0ZGFhMTViYzhhMjFjM2Q5Y2Q5MzczNDYwZjJlNzEwZTE3MzUyNzUifQ==', '2016-03-18 00:02:25', '2016-03-18 00:02:25', NULL),
	(410, 'eyJpdiI6InI5eTU3Z0RwZzBpTlI3NWRtZDlZZXc9PSIsInZhbHVlIjoiV0M2RWM2N3BxeEg5VURTejZPSVwvdUE9PSIsIm1hYyI6IjU2NmEzZjE1ODFkOTdiMTdmY2EyZjdjZTRiNDM5NTEwYTkwYmIzMjM1OWU1NGFmODg0YTc1N2U1NmFhNTY1NjkifQ==', '2016-03-18 00:02:27', '2016-03-18 00:02:28', NULL),
	(411, 'eyJpdiI6IjNidnpUSVBsbWFSdHoyeWFwTjkyOEE9PSIsInZhbHVlIjoiWHRUMENDVnQ5bkJma1VvTTdxNFVJQT09IiwibWFjIjoiYmUxMjYwOGZlZjdjYTdmMjYyNzZjMjIzYTg3YTk1MGE1YzE0YTFiZDZkMTc1MDlhZmRhMzk3MTk5MmI3OTI0MCJ9', '2016-03-18 00:04:25', '2016-03-18 00:04:25', NULL),
	(412, 'eyJpdiI6ImNncXFjNmVJTkM5RDVJMkNnTlpqTXc9PSIsInZhbHVlIjoieHpEdjNRWnd6YUZ1bTlRdzJ2MVZ6QT09IiwibWFjIjoiMzdlNTBmZmFmZTM5YmU0NGUyYjUyMGU4YTc5ODEzNjU5ZjA2ZmU1YjcxYzc5OWIwMjcwMWE4NTQ1MjBkMGVhMCJ9', '2016-03-18 00:04:29', '2016-03-18 00:04:29', NULL),
	(413, 'eyJpdiI6IndhOFhIOWN4UTNDVm04ZVVUOVwvT0NnPT0iLCJ2YWx1ZSI6IllYRVNaQ3VMOXhFVmJwTHdnWk1BTHc9PSIsIm1hYyI6IjgxY2FmODY1MjFjNjkxZDZiMGE4Yjk1NWE3ZDdlMjQzODVmMjZhZWI1MmZkN2RiYWNmY2I3NjY0NTg3YjNjZjAifQ==', '2016-03-18 00:05:42', '2016-03-18 00:05:42', NULL),
	(414, 'eyJpdiI6IlRETkpqeUlxamRKMFwvNGdQNnh2bWdnPT0iLCJ2YWx1ZSI6InRlaDRvNGNITlgxTWlqNmU4QkowZGc9PSIsIm1hYyI6ImU2OTcxYzJhODVhZWI4OWFmYzZhZmE1NTQzYjYwOTE5YzkzYTc5MWFkNDU1NGMwYjBlNmUwMjFjY2FkMjc5ZTMifQ==', '2016-03-18 00:05:50', '2016-03-18 00:05:50', NULL),
	(415, 'eyJpdiI6InNNaG85UWR2NkhkSHZMT1ptdGJNVWc9PSIsInZhbHVlIjoiTDVNS3JIeCtPaTk4YUxGZE9PS0kzdz09IiwibWFjIjoiMDZhOWRiNTRmNDZmOWY4NjJmMzY1OGVmYjMxMzM0M2RkNjY1YTg1MDU5Y2Q1MzcyNmIwMjNjMWI0ZDdiZmU5MCJ9', '2016-03-18 00:06:07', '2016-03-18 00:06:07', NULL),
	(416, 'eyJpdiI6InMxWFE2aFJjWFBpRWRZV1NnajR6cUE9PSIsInZhbHVlIjoiOGpORlZXVktJQlZvZGptVW9tR0F6UT09IiwibWFjIjoiYTc3ZjllYjRlZjZiZWM1NTgxNTEzNTFiN2FjOGRkMDQyOWI4MmQ3NjNlNDE5ZDFmZjE2ZTY3NTljZTNhZGQ5YiJ9', '2016-03-18 00:08:09', '2016-03-18 00:08:09', NULL),
	(417, 'eyJpdiI6IlVEUmg3MjZlOXRNZVhoVkdINFpVenc9PSIsInZhbHVlIjoicVcrYXArMzQ4UkhwQlptcDBZcjNBQT09IiwibWFjIjoiODY3NTU5Y2FjYTQyN2UyNzA5NWQ3ZjdlYWQxOGExOTlmY2JlNTcyNTJhMTY2NzEwY2JhNjZiNzkxZGJkNjEzNyJ9', '2016-03-18 00:08:40', '2016-03-18 00:08:40', NULL),
	(418, 'eyJpdiI6Ik1KSEE3MGF6YTB0Q04wQVFVVERPNHc9PSIsInZhbHVlIjoicEl2S2tQWmVNU1luSjFFVmJpV2tLUT09IiwibWFjIjoiYTRmYzZkOWY4YmFhYTM2ZTM2NGNkOTU0OThjYjg1ZjMwOWQxZWNlYjYyN2MyYTI2ZmE3NDA5YjU4YmJjMjFlZCJ9', '2016-03-18 00:08:45', '2016-03-18 00:08:45', NULL),
	(419, 'eyJpdiI6IjZwNjBSdVwvT2p6ZnlmUm85WlluZ3h3PT0iLCJ2YWx1ZSI6IllXTGhHUW1ndCtQeklWeGZwREUzRUE9PSIsIm1hYyI6ImU3ZWVkMjUwYTc0MDYzZjVjNTQ1MmM5Y2IxODEwNWUzYmYzYmNjOTBiZmZjNDA5MjliNDc2YjdmZmNhZTdkOTIifQ==', '2016-03-18 00:09:03', '2016-03-18 00:09:03', NULL),
	(420, 'eyJpdiI6IndtRDdINWl6NlhmZXA5RG9jN0pVRlE9PSIsInZhbHVlIjoiVTBHWTVIMHVwQjNnV0JWTGVqQVVjZz09IiwibWFjIjoiOTc2MTdjOGJjMjAyYmQzZDI3ZDA3Njk4OWQ0YzdjZTJjODg2NDBkOGFjZjBmZmM2M2Q1ZTMzNzU1N2Q1YjM1MyJ9', '2016-03-18 00:13:11', '2016-03-18 00:13:11', NULL),
	(421, 'eyJpdiI6ImNpMFJNUmtlT2tFRFlTQUxTVzJQNGc9PSIsInZhbHVlIjoiaVRRWm5jd2dTcDhQREczWUZrMklTUT09IiwibWFjIjoiZjZhYmQxZTMyZjQ2MmJiMWEwOWEwYjY5NDI3ZjliNGEzZGFiNzM2MTUzNzkzOTg2MGMwNjRmYWI0MGI5Njg4NSJ9', '2016-03-18 00:13:15', '2016-03-18 00:13:15', NULL),
	(422, 'eyJpdiI6IlhXaEFTVG1iMjNnYjBiZCtrUlNXWUE9PSIsInZhbHVlIjoic0c1dWJIYUUwYkJvdHBvZUJobU83UT09IiwibWFjIjoiZjExZmIxNGYxMWYzNjU1Y2MzYmYyZDE3OWQxMjM1Y2YwZDMxZjJlNzQ2N2VmMjIxOTVkMTNiNGZkZTIxMTE3NyJ9', '2016-03-18 00:14:12', '2016-03-18 00:14:12', NULL),
	(423, 'eyJpdiI6IlZFcnhSVnNuaEhBbDRaSzE3ZjRhdnc9PSIsInZhbHVlIjoia2VUek5wVVJCKzViNzAxSk1ieG9YQT09IiwibWFjIjoiNTNlZGM3M2Y2MzA3M2YwODFmYzYyMTljZjQ1NTg1YmIzMDRkN2Q5OWFhM2Q1ZjM5NTAyMDY2ZjU4NTMzYmI1ZSJ9', '2016-03-18 00:15:12', '2016-03-18 00:15:12', NULL),
	(424, 'eyJpdiI6ImxzVU11RjNCXC9ZTzhyc2tzXC9oSzR4dz09IiwidmFsdWUiOiJTZlFCS1Rlb1Jsak1LZkpBYm1jN3NnPT0iLCJtYWMiOiJmZWNmODM2YzNkMDJjZjJkN2ZlY2M0NTBjOGQ2OWMzODBhZDQyNmVlMmFmY2Y1NWU4ZTg5OTcxNjYzZGRkYWI5In0=', '2016-03-18 00:15:16', '2016-03-18 00:15:16', NULL),
	(425, 'eyJpdiI6Im9YSkp2eldlaENvY1BvRW05cVwvbWdnPT0iLCJ2YWx1ZSI6IjFHaU5xam5KeG5SUDk3NnlqUU1kVXc9PSIsIm1hYyI6IjZjOWY2NDhhODg2YjhlMzBjNTNlMDA2N2ExMWE5ZjMwMjFhYzExZTQ4NWIxNjM5ZTJiY2RiM2VkNjNhZjdjZDEifQ==', '2016-03-18 00:18:51', '2016-03-18 00:18:51', NULL),
	(426, 'eyJpdiI6Im1ueitwdENIMzZKQVFLQnllRnR5Z3c9PSIsInZhbHVlIjoidzF3Y0c4K0ZRWGIxRENcL1BFd0ZTcUE9PSIsIm1hYyI6Ijk4ZDdjZjU5ZTllYzQzZTNkZjVkNjc5Y2QyNjQxMjczZTYxNzBiNzQ1MDJiYzk1M2U1OGI1NTEzZTFjZjIzOTUifQ==', '2016-03-18 00:18:55', '2016-03-18 00:18:55', NULL),
	(427, 'eyJpdiI6InpvNEFreUFEK251NW03a2N3cnVXTGc9PSIsInZhbHVlIjoiTzNcL0VWbEN0MzdmY0FpQ3JIK1pYa3c9PSIsIm1hYyI6IjE4OThlZmYwNmRjZTFkZGUzNDdhZTM5MzZjNTZjOGZjYmQ0YTYyNzgwNjgzNDY2OTllMGRjNWUzMjRhMjdkNjMifQ==', '2016-03-18 00:23:44', '2016-03-18 00:23:44', NULL),
	(428, 'eyJpdiI6InJhRlVBMjlnWDBnM3BQQ2hIQ0lZM1E9PSIsInZhbHVlIjoiQ1gyY0ZibitESnhzaDBSY3hqS3hjZz09IiwibWFjIjoiOTU5MDQ5Y2U4N2UwNTFlNDZjMTA2NzE3MjUzYjNjODNiN2E4MzY0ZmEzNTUzNjMwYzFhZDQ5ZjgyOGU5MDEyYSJ9', '2016-03-18 00:23:48', '2016-03-18 00:23:48', NULL),
	(429, 'eyJpdiI6IjV0ZDN3R1wvb09SdEhUWXkyMjd2TkpRPT0iLCJ2YWx1ZSI6ImJmVWNxWWVOYjhEdDJZMFNuU1JRSWc9PSIsIm1hYyI6IjBkY2Q0NDc2YTJkMmMxZDg1OWYzYWZjMTZiNDA1OTAxOGZjYTUwZmNiMDE5ZDY0OTczZDgxYmIwMTViNzE2NzEifQ==', '2016-03-18 00:24:11', '2016-03-18 00:24:11', NULL),
	(430, 'eyJpdiI6IkJNK1dmalViRWw3dDZlUUpycnFJS3c9PSIsInZhbHVlIjoiSUMyZ2ozMTdsOGZITEJVQnB4ZjBRdz09IiwibWFjIjoiNDc4MTdlOWEzZDkwM2Y3ZmZjMjJhNDBmOTFhMDkwYWRlYzJiZmRlMTY2MDY2MWFhOTBmNWI0Y2RkMWM4NGRhZCJ9', '2016-03-18 00:24:15', '2016-03-18 00:24:15', NULL),
	(431, 'eyJpdiI6ImptVkhyeU01ZFFIZCtSMVwvZE9hM2VRPT0iLCJ2YWx1ZSI6IklGZFFtVW9SdkMrenh3WDgrRzRJUGc9PSIsIm1hYyI6IjQzNzljNjlkZmFjOWZmMDdlOTNlM2FhOWZhNGRlNGEwZTQwNTNmOWZjYTk2NmJlZGFkOTE3MTczYjNhOWEyY2UifQ==', '2016-03-18 00:24:43', '2016-03-18 00:24:43', NULL),
	(432, 'eyJpdiI6IkdIbEJPMWRGOExBd1wvM1Y4VGRGNzVBPT0iLCJ2YWx1ZSI6ImVKXC9DTmJxeGRLbHgzaFwvdlV6dDBUUT09IiwibWFjIjoiNmY1ZTU4ZTU0MWIxNDZlYTgyZjcxNzBlOWY5MTMwOWNlOTAwNGI2NWIxNmZiYjcwMTI4NGVmNjIwNTkxYzNjZCJ9', '2016-03-18 00:24:45', '2016-03-18 00:24:46', NULL),
	(433, 'eyJpdiI6IlMzZmZ0N2UzdFlDS3k2emNHbGVVXC9RPT0iLCJ2YWx1ZSI6IjJsQThzaFUzeE43NjlJQUN2dXIwb0E9PSIsIm1hYyI6IjhlY2Y2NmM1YjllYzU3ZmNlYWJmZWFjMDBlMmJmN2QzYTU5MzVhOGE1NTIyZWQzODE0MTA1NTM4YTQxZjExZjEifQ==', '2016-03-18 00:24:50', '2016-03-18 00:24:50', NULL),
	(434, 'eyJpdiI6InV2QmVVUmdPbHFiSjd4S1FuV3ZcL1RRPT0iLCJ2YWx1ZSI6IkpHendjaWxPODVxbkZcL21xQk5CRGR3PT0iLCJtYWMiOiJkOWY3YzAyNzMwNjBkNzQ4NmQyYjNmN2ZhNTA3NzQzNTAzYjgzZmQ2YzkxYzQzYjQ3N2JhMWU5MjM2NjlmNDAzIn0=', '2016-03-18 00:36:23', '2016-03-18 00:36:23', NULL),
	(435, 'eyJpdiI6IlBtQzg1bmZyME5WR1R4YUZZdXZ3cVE9PSIsInZhbHVlIjoiQzdaeG5pU21CQTY3SDdESFwvc2FIMlE9PSIsIm1hYyI6IjcwNjk4YmQ2ZjdkMjhlZGU2MWEyNzc0Y2Y4NWQ2Mzg3ZDkzMTVmNjA2YjVhNmQzODE5Y2NkM2U4YzQ5OWI4MDQifQ==', '2016-03-18 00:37:40', '2016-03-18 00:37:40', NULL),
	(436, 'eyJpdiI6IjB5cnVBMG4rbTBFZG03MGl6allzdkE9PSIsInZhbHVlIjoiSm8xVFFzcmxpNFBmeXh1WFlWWERSUT09IiwibWFjIjoiYjVlYTkyMWRlOWQ4NGE2MTFjN2EyM2U3MmI1MGU5ZDVkZmY1NmNmNzY4NzdiMTcyZmQwMzBhZDgyM2FhODU1NSJ9', '2016-03-18 01:36:08', '2016-03-18 01:36:08', NULL),
	(437, 'eyJpdiI6IjVlY1l3TnFsQisrcmlicVJvTWltbGc9PSIsInZhbHVlIjoiSlp3OHViNytlSTdvVk1HRzFnSmdXZz09IiwibWFjIjoiNjYzMzVjNTNjNjE4YTgxZWMxYTBjZDBlODkxMjA0MTc4Yzk1ODBiZWRlNjRmZTE4YzlkNjNjOWM0OTJkMDkwMiJ9', '2016-03-18 01:52:19', '2016-03-18 01:52:19', NULL),
	(438, 'eyJpdiI6IjFsdjFabm5QMUZieUx5SnhTSDNjYnc9PSIsInZhbHVlIjoiWTBkZXJZWEtOb1VKZlwvY0xJTEhibmc9PSIsIm1hYyI6IjUyYWYwMDczMzE3Mjc0YmUwMDU5ZDFjMWQxYTBiZjA0MDQ5MGMwM2MzMWY1YTRhYjEwZDA0YjkzY2I2ZjU0NzAifQ==', '2016-03-18 01:52:36', '2016-03-18 01:52:36', NULL),
	(439, 'eyJpdiI6Ik5IOFJlMTYwYWtjSWxpajlrNzc5NVE9PSIsInZhbHVlIjoiVmFUWVlLbjlpY3lhekc1c1FrdVwvTkE9PSIsIm1hYyI6IjNlMjE0ZmQ0MWZmNDc4ZmIwNzdhNWI3NDJjZmEyM2RlODhmZmY3MDJiYjQ0MzQ3OWIxNTMyOTQ4YThjYjVkNjEifQ==', '2016-03-18 01:52:38', '2016-03-18 01:52:38', NULL),
	(440, 'eyJpdiI6ImV2XC9uKzFMRWdkTVJKR0xCSlhzUUJRPT0iLCJ2YWx1ZSI6IkFXUTdLOXlOTFUwWVdRUW0wODZhVEE9PSIsIm1hYyI6IjBkYjIwYzAzMGZhNzI1NmE2MTc4YmIzMzZmMWVmMmI0NmZkNGNmOTNkOTQxOWIwYTA4NzQ5OTU5NTQzMzU2MmYifQ==', '2016-03-18 02:09:16', '2016-03-18 02:09:16', NULL),
	(441, 'eyJpdiI6InhFTFpHRnZKOExrY1h6S1JCQ1wvN2Z3PT0iLCJ2YWx1ZSI6IjZJVk5tdGNqMyt0UEM3RCt6c2N3S3c9PSIsIm1hYyI6IjVlZTEwMTdhYzY0MmExNmM5M2M4YTlkNDNjMDdmMjQ3YTI5YTUxNzZiOTE1Yjk4NTE1ZjczNTk1ZmEyMTgwYTMifQ==', '2016-03-18 02:10:27', '2016-03-18 02:10:27', NULL),
	(442, 'eyJpdiI6InpKckx5OUFCWHpEQ3dKUFJkc3FKeUE9PSIsInZhbHVlIjoiemZkbTJwdWRJUnhGWE4wSU9EXC9VQ1E9PSIsIm1hYyI6ImI1NTM0YTFjZGM4N2I1NWQ4NGIwMGM2OTlhMjhiODMxMzVlOTE2ZTJlODg2MDJlMmI4MWJkNWRlNTAxNmIyOWUifQ==', '2016-03-18 02:10:46', '2016-03-18 02:10:46', NULL),
	(443, 'eyJpdiI6IkZJekE4a0Iydk8zQU9OTWtyRHlkWXc9PSIsInZhbHVlIjoiSHRtcVFmRXJldXA5c3ZcLzdPZVwvUmN3PT0iLCJtYWMiOiI3YmY4ZDI0NWFjZDI4YWE0MTAwNmJiZDVlY2Q1MDliM2M4ZjdhNmNiZjY1MmJjMzk1YzY1NjgwYTg1MGYzN2QyIn0=', '2016-03-18 03:06:08', '2016-03-18 03:06:08', NULL),
	(444, 'eyJpdiI6IjVYSDRoamFnYlFJZU40KzcrTzdzRnc9PSIsInZhbHVlIjoieUdBQURSTVEyZ0V2Z0xoaHZGZjIwQT09IiwibWFjIjoiZGNkN2M2OWI1YTFmOTFmZDA4MGNkMTViMjI0OGEzMWMzYTUyMzdkOTE2MGQyMmMwOWEwNjhlM2NlNzExNTBmMCJ9', '2016-03-18 03:06:32', '2016-03-18 03:06:33', NULL),
	(445, 'eyJpdiI6IjFXdHRudEZwaWcrMnVRdkFuSmdJTFE9PSIsInZhbHVlIjoiN0o2ZDROcDRiZ0J3cW41XC9NemNWXC9RPT0iLCJtYWMiOiIyMDY5N2UyOWIzNjYzNGZiYjE0NzNiODQzYWU5NThmOWE4MjI1YWMxMjhmMDEzNTY2YzM4MDNkYTRjMzA4NDUzIn0=', '2016-03-18 03:06:35', '2016-03-18 03:06:35', NULL),
	(446, 'eyJpdiI6InBoak0xWWp2ekI5SENaaDRabzZTMHc9PSIsInZhbHVlIjoiR0ZBT1lKdjJlTXR4cWl5WnJ1dmxaQT09IiwibWFjIjoiN2VhZGU1MjAxYTNjNWRiMmFhMjc4YWViNjBhODA0OTYxNjQ0OWQ1NGQ1M2VhOTNkMzIzZTkzNzQ1NWFkMGNmNCJ9', '2016-03-18 04:29:12', '2016-03-18 04:29:12', NULL),
	(447, 'eyJpdiI6InZEMUM2a21FbTZ5ZVhmY3RLTWtFR3c9PSIsInZhbHVlIjoiak9oZStaQ2I4b1wvdExYZEdFWWt6T2c9PSIsIm1hYyI6IjZhOGRhMWVjYzY3YmNmYTZjOTE5ZWY3ZmQ5MTZmYTY0MjMyOWE1NjkzOGQ1ZmRlYjBmYjE1MDYyMzg1YmM5NmUifQ==', '2016-03-18 04:32:22', '2016-03-18 04:32:22', NULL),
	(448, 'eyJpdiI6IldudzJhR3VKWWIybCtCbGpyZmVSYVE9PSIsInZhbHVlIjoiTnpNZHdsNGtKQ2pBblRkc3hmVDVJZz09IiwibWFjIjoiNGYyYTkxZjZmN2MxYmQxOTM5Zjc0NGY0NzA4YWEyN2M4MDYyYmY3ZDczMjU3NzM5NzNhYmFiYzIzOWM1M2MxNyJ9', '2016-03-18 04:32:40', '2016-03-18 04:32:40', NULL),
	(449, 'eyJpdiI6IngyQ25hYUttbG5XSWtJR2ZGa0xZRWc9PSIsInZhbHVlIjoiRlZ4bHRqMGsxM1lTUHk0cjBycUJXdz09IiwibWFjIjoiNWVkYmU4Yjc2NDQ5MWI0YzA0OGQxNTk4YTdlMGI1NWEyMDAyNDcyODdhZjc5YTRjMzViODM2ZWVhZGYwNTFmMSJ9', '2016-03-18 04:32:42', '2016-03-18 04:32:42', NULL),
	(450, 'eyJpdiI6Ijk0djNQVDJEK2YyaXh4a1VEdUxcL3N3PT0iLCJ2YWx1ZSI6IlRXOElBTEdJejlaVjJtOTV6VWx1QVE9PSIsIm1hYyI6ImJkOTdhODlmOGRiYjBkY2YyYzA3NjNlNGFhYTc3ZjViYTRhZTQxNDQxYjA3MGJmNjExNTExNDJkNDg3YjQyMTcifQ==', '2016-03-18 05:01:27', '2016-03-18 05:01:27', NULL),
	(451, 'eyJpdiI6IlVuME95NGNNUHU2dVYxRnA5Qkk3VEE9PSIsInZhbHVlIjoiMjQ1WjlOWGhCeTNFNXBwMWZRVmV2dz09IiwibWFjIjoiZjM0N2U3YjdjZTRjZTMxMDY0MGM2MGY4MDBkOWQ5NDZmNDQzMWU0MzU1MjA0OWEwZTcyMGU2NzI1ZDdhMDIyZSJ9', '2016-03-18 05:01:32', '2016-03-18 05:01:32', NULL),
	(452, 'eyJpdiI6IkRNZU0rMHBsZ0hXTjcwbGN6R0diQmc9PSIsInZhbHVlIjoicmdDclNrbmxZckhZTXl3ZnpQTG5HZz09IiwibWFjIjoiNWRiYTAzYWMyNGU0NjQ5ZjQ2MTZhZTljMWI1MTM0NjJmNWY0ZTcwNjE1OGQ1Y2FjYzA5ZGM2NTYzM2E5MzlkZCJ9', '2016-03-18 05:04:48', '2016-03-18 05:04:48', NULL),
	(453, 'eyJpdiI6Im5XMXBocjdDcmpmRDZycWE5ZjFKYUE9PSIsInZhbHVlIjoiYzhJQmJBODN0OXdZa3FKbEw3cVA1dz09IiwibWFjIjoiODFjM2Q1N2JiMDQ0YTU5MDUwNjEwYzNmNTlkOWVjNTRlYTBjM2ZiYTNhNzM5N2FhMzE3ZjdmNjc4NTcyZGQ2MyJ9', '2016-03-18 05:05:53', '2016-03-18 05:05:53', NULL),
	(454, 'eyJpdiI6IllLN0FGaWZqUUhQSEh5QUt2K085UFE9PSIsInZhbHVlIjoiMm44azB4eE5Dcm5WUVg2bUZHVjdtZz09IiwibWFjIjoiNWZhY2IzMzNhZDFmYWNmOTEwNWJjN2MzYmZlMGVkZTUxMjk3MjA5NjFiOTJlOTk2OTA4YTc2NjFmYmQ2NWY0MyJ9', '2016-03-18 05:05:55', '2016-03-18 05:05:55', NULL),
	(455, 'eyJpdiI6IjJ4TmhcL3Mxa2w4aEsrekdDaVdvN2RRPT0iLCJ2YWx1ZSI6InhrU2pEUkRwZUwyS2gxRUxZUGFtcWc9PSIsIm1hYyI6IjA0OTVhMzJiODczNjFhMzY5MGFmMWRmMDk5N2EwYjFjNThmM2YzZTNlMzY3YTQ1MTdlMDc5ZTNmNTY1YjNhOWEifQ==', '2016-03-18 05:05:59', '2016-03-18 05:05:59', NULL),
	(456, 'eyJpdiI6ImpZcllXckRsWjM0dFJmU2dRMmRXRXc9PSIsInZhbHVlIjoiZm85VldZXC9LNDVRMFBNbDNtWGVEWGc9PSIsIm1hYyI6ImRjZDYwMDViOGE1ZDQ3MmQxODI4ZWVjMTY5MmU0NDI0M2NjYzVjYzQ0ZTI0YTIxMjUzNDk0NzIzOTMxMmY2MTcifQ==', '2016-03-18 05:11:29', '2016-03-18 05:11:29', NULL),
	(457, 'eyJpdiI6InNUVjlFMzR5MER4TjE5Z2VpQTlITFE9PSIsInZhbHVlIjoiMkZpRkVaa0xNRE9ySU45c1RoalFGZz09IiwibWFjIjoiNDgwZGRmYzgzNTM0NDkyZGJlZjAyMmI2ZTQxMmFmM2I1ZWVjYjVjNjVkMDFkZjU0YTg0M2YwNTMzMmQyMmE2MiJ9', '2016-03-18 05:11:31', '2016-03-18 05:11:31', NULL),
	(458, 'eyJpdiI6IjR5WE9MMlJyQ3ZOK2tMc1h6K0hDbUE9PSIsInZhbHVlIjoia2VCOHpZSGpOZHQ3bFk1TFcxRTlFdz09IiwibWFjIjoiM2VlNmJkNjlhNGM1NjNmMjQxNThlOTNiN2YxNzdkZjcxZDE2MjA1YTFlZWM5OTkyZDBkOGI2OTc5ZDI3YzQzNyJ9', '2016-03-18 05:11:35', '2016-03-18 05:11:35', NULL),
	(459, 'eyJpdiI6Ikw0ZVhCMEhhMFwvSU82NFdtbDc3SVFBPT0iLCJ2YWx1ZSI6IjlUMDNpSnV6T2dpWlZnVDUwWWdEMGc9PSIsIm1hYyI6IjhiZmY1ODUyOTU5ZTUyZjYxZWFkMTg1MmYzNzU0MjU2OGNmMWJjNDk5OWE2NTgyZTdiOTkwM2RiN2U1Y2Y3ZGUifQ==', '2016-03-18 05:12:21', '2016-03-18 05:12:21', NULL),
	(460, 'eyJpdiI6ImtNT1RWbE04TUZvVmFWRjdhQnpCQ2c9PSIsInZhbHVlIjoiMnVDakVkRnF6TVRFQWpuQmF1bzhMZz09IiwibWFjIjoiNTQ3MDU0NTlhMzI3NGU3YmYzMmQ0MmRmM2MwM2FiNGU2ODM5MzJmZTc3NzY2MGIwNWYyOWFjMzA2Mjc5MTMwMyJ9', '2016-03-18 05:12:38', '2016-03-18 05:12:38', NULL),
	(461, 'eyJpdiI6IkJucVVZVGw1alVudUpFZ2lVQ0VxYlE9PSIsInZhbHVlIjoiM2l1RDBUdWVlZ05IVFA1Y0ZHQ05Zdz09IiwibWFjIjoiYzI3MTZlMTkzNjlkNTEwM2M3OWZiNzQzYjhkMTdlMmEzMWViNzg1YWEwYmE5NDRhZTNkODQ4MjA0NzI1OWJkYSJ9', '2016-03-18 05:12:48', '2016-03-18 05:12:48', NULL),
	(462, 'eyJpdiI6ImFiUElaV0hZSnlQSUc1UWN2V2VJcGc9PSIsInZhbHVlIjoiRmRSVmpJQ0ZZMHpLeVN3QW8zakJPZz09IiwibWFjIjoiMmRiYzRkNDY0ZjUyODExNjlhYTg2NDNlMTljNjZhMGI3MDNmZjA4NTQyYmQ2ZDhkYTAxOWExNDc2NWExN2NmNSJ9', '2016-03-18 05:12:51', '2016-03-18 05:12:51', NULL),
	(463, 'eyJpdiI6Im1OUmsrZHpibFgwNHE3YUlWR3hHU2c9PSIsInZhbHVlIjoiSXVBRFNyWXBnVzd1VzJJVFBXKzBNQT09IiwibWFjIjoiOTA1MmQxMzRhODEzOTllNTIxNmJhMGVlM2RhYjRlMTBjNjdjOGU4N2FhNjY4YmNmNTU4ZGQ4YTk1MTVmYzA2YSJ9', '2016-03-18 05:28:11', '2016-03-18 05:28:11', NULL),
	(464, 'eyJpdiI6IjRNT1RFeGpmc1ZGUGlFcWRUR1VFUWc9PSIsInZhbHVlIjoia0diYnlGM1oxVmRkVVwvQzFEVlE4OWc9PSIsIm1hYyI6IjMxYTM5ZGVlYmJiNDFlZjNiZmQ3YTQ1NDZiMjVlZWRlMTBjMWM1ZmU3YWMzMzM1ZDc2MjUwMzJmZmQ1OGE4NjMifQ==', '2016-03-18 05:28:16', '2016-03-18 05:28:16', NULL),
	(465, 'eyJpdiI6Ik8xU3JLbUkyM21hbE5xcDRFWE1RN0E9PSIsInZhbHVlIjoiRTRHXC9uYjBOdXJ5Uk85TGdlWWtvZUE9PSIsIm1hYyI6IjQ2ZWU3ZDU0MDkwYjZkMWZmZmY1MDljOWQwYWUyNDllNDZmMDI0Yjk3ODE5YWUyNjJiMjdkZjhiN2EyMTg5N2EifQ==', '2016-03-18 05:28:40', '2016-03-18 05:28:40', NULL),
	(466, 'eyJpdiI6InByWEtTamVoUzFmVjVSbVBTVEVoWmc9PSIsInZhbHVlIjoiWnRGZ1dsVWpySVhoZXNBY21jZ0M3UT09IiwibWFjIjoiZDRmZGRjODJiOGM5MDdmZmNkMmFjMTEwYmZjMGQxZmRmMWFjYTYxM2MxNzdlNzM3NGY3NmUwNjY2NWJjNjc4OSJ9', '2016-03-18 05:28:43', '2016-03-18 05:28:43', NULL),
	(467, 'eyJpdiI6ImpBMmFMR0FiZ2xlYUZqV2FkSmczTnc9PSIsInZhbHVlIjoicFFtd1pNU2V6UzJnRWloNFJDNFlWZz09IiwibWFjIjoiMDhhNjIyNWEzYTE1YTlmY2ZiNTNmM2MzMWVmZjIxYTI3NTc4N2U2MzBlOTBhY2Y3MzYxMTBkNmViZTc0N2M2NCJ9', '2016-03-18 05:28:58', '2016-03-18 05:28:58', NULL),
	(468, 'eyJpdiI6IjZ1ZjJhblBxem9WVmk0bkxwMGhUbFE9PSIsInZhbHVlIjoiTmtzZ1NzTWlUV1I0MHhQc00rY2dhdz09IiwibWFjIjoiNzUzMzE5YjM1OWFhNDZkNTMyNzc1MjQ5ODQ5OGE3YmRiYzY2ZGVhMmYwMGQ3ZjU2MWVjZjEzMzczOTA5ODExNiJ9', '2016-03-18 05:29:01', '2016-03-18 05:29:01', NULL),
	(469, 'eyJpdiI6IjFTSU84VGFBNkpcL051SmdkbzNXZFdBPT0iLCJ2YWx1ZSI6IlYrc1RlaFppaG8yRDdLWW1CTkRUU2c9PSIsIm1hYyI6IjZlMzkwNDEwZDg4NTQyODljYzRiNTA4YTI3ZGFmZTdmYWQ2NjZhYmZhNmIyOGViNDE1NDBlZGJkNDYzODNmZjIifQ==', '2016-03-18 05:55:12', '2016-03-18 05:55:12', NULL),
	(470, 'eyJpdiI6ImpzSFVWNDZQXC9qbDNMU1RHa3grdHh3PT0iLCJ2YWx1ZSI6ImZxNVJSUGVVNWZGVmdocm9lUDJFYUE9PSIsIm1hYyI6ImRmYTJhYmUxYWQ3YjNlYmFiYTE5NzdlOWUxYmE5NGRlMzlmOTY3ZmMzODA2OTQ2OGJlM2M3ZjUzYzkyMTdlN2QifQ==', '2016-03-18 05:55:16', '2016-03-18 05:55:16', NULL),
	(471, 'eyJpdiI6IkRzXC9PT2YyeWZNb3BkWkEwSXByOE1nPT0iLCJ2YWx1ZSI6Im9QN0hOY2YwNWxTKzFkUDAwbEVIY1E9PSIsIm1hYyI6IjU4YWQxNWQzZjg5MzE3Y2YwNmRlZDA2NWJjMjFmYWYxZDZkNDFmMjUzMjE3ZGIwYzc4OGZlNWY0M2M0ZGNlZTEifQ==', '2016-03-18 05:56:09', '2016-03-18 05:56:09', NULL),
	(472, 'eyJpdiI6IkFNejlPbnhqOUt4SE4wSm5yTHhGelE9PSIsInZhbHVlIjoiOVNFXC93ZHNkcE4xZnF1VTEwUGhtUlE9PSIsIm1hYyI6Ijc1MjJjMGYwYTQzNTM3MzdlMTI1YTYxNWY2ZmY2MmVkZGQ3NzhkZGQ5MzRkYTE1YzU5NGNiM2MwMWQ3ZDgxZGQifQ==', '2016-03-18 05:56:12', '2016-03-18 05:56:12', NULL),
	(473, 'eyJpdiI6InNqR1I0YWhRSldMSW1FamRyNnN4ZUE9PSIsInZhbHVlIjoiYWVXQ0o4SmVpRHRReGdNTmluV1o4Zz09IiwibWFjIjoiZDU0ZTcwNDJjNWRmODVhYWVlNWE1ZTExNTA2MjFmMDJlNjZkY2FlODE3ZjU3NTUxN2MwMjZiNjJlNTNhZjZkNCJ9', '2016-03-18 05:56:28', '2016-03-18 05:56:28', NULL),
	(474, 'eyJpdiI6IlRnSGV0UFVXRmJwK281RFwvU0U3T3RRPT0iLCJ2YWx1ZSI6IlhFOVNDME9CV29zXC82UGQ5UmpVZ2ZRPT0iLCJtYWMiOiIzMGY5ZTNjMzBkMTAxODU1OTBjODg5NWE2MzgyNWVjMzVmZTJjNjU4MzgwNDQ2MTJkNjRlZjY4ZTY2Y2JlZGQ0In0=', '2016-03-18 05:56:31', '2016-03-18 05:56:31', NULL),
	(475, 'eyJpdiI6IkNRbkVTcVdSaWR3ZzFRbURzRTlEbmc9PSIsInZhbHVlIjoick1ZOTlodk9MWktyUStjS3FUc1BzZz09IiwibWFjIjoiNzFlYTI0ZGEyMjhkZjQxNjIwY2ExMDg4MDFkZTJmZGMwODYyMzUwNDZjYTQ0ZmMwMjk4YTg1M2MyMWEyMzZhYiJ9', '2016-03-18 05:57:29', '2016-03-18 05:57:29', NULL),
	(476, 'eyJpdiI6IjA0aktSOTdFa3g2dlBDTVUwU1Nqdmc9PSIsInZhbHVlIjoiaEUyR05MekZQdWxcLzc0VkVFbzhhQmc9PSIsIm1hYyI6Ijg1NjU1NWU4YWEzNWFlYTBlZWZhMzIwMGJiZTFmM2E5MjMyYTRhMWQ3N2M4MzI2YTBlMzQyNDlhODA2YTI3ZWUifQ==', '2016-03-18 05:57:32', '2016-03-18 05:57:32', NULL),
	(477, 'eyJpdiI6InpUTEkxTkhhXC9JUVRYZ1JMQksrbUpBPT0iLCJ2YWx1ZSI6ImRCeENVRFJqbTZ3Wkl0RWVZOVhtUWc9PSIsIm1hYyI6IjllYTgxNzZlMmVkNzFmMjAyMWYxOWRkNTI2YWRkZTg5MjQ0NjVjN2UwZDYwNGM5MDFkMDVjNDQ2MmJmMzQ3YmUifQ==', '2016-03-18 05:58:03', '2016-03-18 05:58:03', NULL),
	(478, 'eyJpdiI6IkNwenQ3M1h4TE5rVjN1bWNcLzFaWWJBPT0iLCJ2YWx1ZSI6Im51cVJVMVhXQjR2XC9sZWZ1S21FeE9RPT0iLCJtYWMiOiJiMmI5MjFmODBiODk4NDNiNzRmYmQ0MjRkNTlmYWU0MTg4ODIyZTBmMTYyYTI2OTQ0MmZjYjY3NzZiYmE5NmQ1In0=', '2016-03-18 05:58:06', '2016-03-18 05:58:07', NULL),
	(479, 'eyJpdiI6IkFaWklhZ1ZkRk01aGtrRkhMZnJUMFE9PSIsInZhbHVlIjoiZ1wvK2Q5eEVJbURpYzVTZENqWlBGV0E9PSIsIm1hYyI6IjcxODk5MDFmODkyNjViNTdhMzkyMzJhZWUwMzhjYTAzZWEzYWJlNjhlYjljMzFkYzBhZGE2M2M2YzlkYzcyZTIifQ==', '2016-03-18 05:58:18', '2016-03-18 05:58:18', NULL),
	(480, 'eyJpdiI6IkVZRFk5NUFoT1JIdWF6QlB0N1M5elE9PSIsInZhbHVlIjoiZGtUVXNscGJFdkN2T3IwakFcL0xlZ3c9PSIsIm1hYyI6ImI0ODU4M2JmNDk1MDk3NjliN2VkYWJjNjE4YTM0Y2I2MjgyZTQxNjAzMmViNmUyY2M4ZDM3ZTY4ZDEyMDUwNzQifQ==', '2016-03-18 06:15:38', '2016-03-18 06:15:38', NULL),
	(481, 'eyJpdiI6IkJoa1BjSnFUcEVYNFFGeFR2WE5hWXc9PSIsInZhbHVlIjoiT0Fscys2bzl1UE9qWnhPMm1qWmIwdz09IiwibWFjIjoiMmQ5NThkM2IzMWFhY2IyYjA3OGQ0OWZiNDlhMTQyMDQzYzY5Y2MzZWNiYjRmNzYyNDMwYmVhMzNhMmY3ZDcyMSJ9', '2016-03-18 06:17:21', '2016-03-18 06:17:21', NULL),
	(482, 'eyJpdiI6IkJYZ3hnQVhOR3JXR05EZkFLaFBPeHc9PSIsInZhbHVlIjoiNFZMZTQ4WEhsbFlNeHNsS0RxQVRhZz09IiwibWFjIjoiZjljYTc1YmFlNTE4MmIxNWY4Njc1YzkwYzU2NmQwYmQ2MGNjYmM3NzY4OTJhNDA5YTk2NDU5ZmMyYzE1YzZmNyJ9', '2016-03-18 17:28:16', '2016-03-18 17:28:16', NULL),
	(483, 'eyJpdiI6ImRWNWU4MHJrU1Y2aDh4NEhIZCsrWXc9PSIsInZhbHVlIjoiNTZyQnhqTmNNYktMWGdPVUFZUTdBZz09IiwibWFjIjoiMDRkYjllMTRmYTEyMDU4OGEwOTE0Mzg0Y2U5Yjg4YjAyNjc0YjIyM2I0NmFmOTM5YjQ2MDRiNTc5ZDAzNmJkYiJ9', '2016-03-19 08:30:27', '2016-03-19 08:30:27', NULL),
	(484, 'eyJpdiI6InJ0M2d4Sm9QaFFCQ0d0OVZWYzBFT0E9PSIsInZhbHVlIjoicmEzRnZqR3REelFsdXNxdUpEdEpUUT09IiwibWFjIjoiOGZhOWM1YjI2MDY2NWVjN2UxMzBhMTkwNTBhODlmNTYyMjZlZGQzMDViZDVlNzFhMmRmZDdjMGQ4NmIxMDU2MSJ9', '2016-03-19 08:37:48', '2016-03-19 08:37:48', NULL),
	(485, 'eyJpdiI6IjVKZmVNN1wvaUlrekpvM3UxUFwvbFwvN1E9PSIsInZhbHVlIjoiaGVjVWNEMmhreDdJazBnb3ZcL28xa1E9PSIsIm1hYyI6IjlmNGJkN2YzNWEwZjE2Yjk2ZmNhMzVlYjM3YjllYzRlMzU2NjQzMGQzYTY1YzQ3ZjI4MzkyODQ4OGMzZjllNmYifQ==', '2016-03-19 08:37:51', '2016-03-19 08:37:51', NULL),
	(486, 'eyJpdiI6IjgwcWQrUEk0QlNtbmNxazcwNlp5TWc9PSIsInZhbHVlIjoianoweUhjVXlIS3dHV0V3TnVWdGpYQT09IiwibWFjIjoiOTM2ZTgxNDU4NmU3NmRmODM2Y2Y5NDg1NGE5ZWRkM2UwNGUwMDhhOGY0ZmE0ZWNjZWQxMWYyMGZiZTA4YmVkZSJ9', '2016-03-19 08:38:13', '2016-03-19 08:38:14', NULL),
	(487, 'eyJpdiI6ImFha0xLXC9WdFVpWllQR0szdGxVU0FBPT0iLCJ2YWx1ZSI6InEyVXRqQ0FNeXNoejJFb1AwQ1JIQlE9PSIsIm1hYyI6ImMxMTNjYzFhNTkwYWNlNzZmZDZmNTAzMDkwZDA5OGYxNGM4NTJiMmI4NGI1MmFlYmIyOWFhNDRjODZjZjJiODIifQ==', '2016-03-19 08:41:19', '2016-03-19 08:41:19', NULL),
	(488, 'eyJpdiI6IjhsMzgyQzI0bVVJTGo3NWR0N3Q2dmc9PSIsInZhbHVlIjoieDhVb0Q5TnUyd25vRW9JdWpMNDgxZz09IiwibWFjIjoiMzljM2E5NDIzNzM5Y2YzMTg0ZTYwZDAzYTU5ZmE3ZjYwYWUwYWZlNjg2MWZlMWFlNjFjNTkxNGQ4ZTk5YzhhZCJ9', '2016-03-19 08:41:21', '2016-03-19 08:41:21', NULL),
	(489, 'eyJpdiI6IlwvZE9FcGVRY0lzRTF6SVpoakR5dUR3PT0iLCJ2YWx1ZSI6Im90b2Ntb1VRWk9VUlwvb1ZJVkt6Wld3PT0iLCJtYWMiOiJhMWQ2OWUwNzY3NjA1M2FmMWM0MjI5NzNlNzAyNzkxZTBmMGM0OWJlZWEzMDI2NGIzMjQwMGMxYmYwM2ZjN2Y5In0=', '2016-03-19 08:41:43', '2016-03-19 08:41:43', NULL),
	(490, 'eyJpdiI6IkVYKzRuRnJJRTd6SmJlZTJhRTVBMWc9PSIsInZhbHVlIjoidm5vWnZiMGtVMzhqbTdDVDRGRFMyQT09IiwibWFjIjoiYTI1M2YyOTUxYjJhZGI5MTA5YjAwYWExOTc2MWE3OTg1YWRiMzMwYTk0MmRlODkyNGIyNzIwMmZiNjAyN2FiMSJ9', '2016-03-19 08:41:45', '2016-03-19 08:41:45', NULL),
	(491, 'eyJpdiI6Iml0XC9DK2dBOUcrYUNGaURlXC92XC9pTWc9PSIsInZhbHVlIjoiRXE1OUpNZURUUmRCZFJKMG5YTFZGZz09IiwibWFjIjoiYjYwMDVjOGY2ZDBlNGI4Njg5NzcwMDk5MTk0MDU3N2JkOWJkNzZmZGQ1YmQ3MTI5YTIzNTI2YzQ3OTJjZmJiNyJ9', '2016-03-19 08:43:00', '2016-03-19 08:43:00', NULL),
	(492, 'eyJpdiI6IkJYZGNJY3ViWEZGejE3cHdSNEhEV0E9PSIsInZhbHVlIjoid1htR0o3Z01kM3JwN0VURkkxQmkyUT09IiwibWFjIjoiNDczNTJkOWNhZjhhYzAzZjE0YTdkMzQ4YWFjNWU3OWI1MmI1MGMzZGIzM2M2ZDVkZWVlMGVmNDE0ZTRmYWVhMiJ9', '2016-03-19 08:43:00', '2016-03-19 08:43:00', NULL),
	(493, 'eyJpdiI6Ik4yVDA1YStYT0RXXC9nNDhpdzFvUjdRPT0iLCJ2YWx1ZSI6IkZQZnlHZTVRU0t6UnBTY292aW4rNWc9PSIsIm1hYyI6ImUwYjQwNzZmM2I1YzgzNWZhOWY5ODQyOGI1NTI0MzcwNDM3ZWI5YzBlNDVlODQ0YWU1NGM1ODFjYWQ5ZDczM2EifQ==', '2016-03-19 08:43:39', '2016-03-19 08:43:39', NULL),
	(494, 'eyJpdiI6IlNlVVQzeTR2RjB0K2NVOE1YRGoxNGc9PSIsInZhbHVlIjoibGxqc1ZGMHNidzdMcm1PRjRITDJaUT09IiwibWFjIjoiOGMwMjg5MzIxNTlkMDZiNzVjNmEwOTJiZjg4NjM1NTc2MzU0NDlhZTVjYjY0MjFlODA3ZTRkYWQ3OGFhNjljNyJ9', '2016-03-19 08:43:40', '2016-03-19 08:43:40', NULL),
	(495, 'eyJpdiI6ImI3UHRyUHAramxJNnBaeFhLNU1HZ0E9PSIsInZhbHVlIjoiaGVvY3JEZzlCckhQdUlxTWRvSjRzQT09IiwibWFjIjoiZmRjNmM4OWNhNzNkOWQ0MTgwZjRiZTA4MDgxMWY5NWMwZjhjZmIwY2E4M2MzZmM2YTVkYjA0MWQzOWJmNjczMSJ9', '2016-03-19 08:43:42', '2016-03-19 08:43:42', NULL),
	(496, 'eyJpdiI6IldiSFp5ZnM0M1ltUkR3cWYzSDk0VHc9PSIsInZhbHVlIjoiVFwvUytJajBmUWRoV2VxcXV0ZWIzM0E9PSIsIm1hYyI6IjQ5ODhiMDg0ZjU4NTZjN2E0MDE0ZmE0Njc0MTg1OWJmYTYzYWY3NTVhMjkwMWIyZmU4YjZjYTk1Yjc4MGUzOTIifQ==', '2016-03-19 08:44:10', '2016-03-19 08:44:10', NULL),
	(497, 'eyJpdiI6IlhwNE5EbUwrWG1ZZXJ3dDNCSmNnY3c9PSIsInZhbHVlIjoiZUtSOFBMSjQwQU9BVkNJV0pOd1hsQT09IiwibWFjIjoiZTkyN2Y2OWVhMzcwZDllYmMyOTFhNzMzMzk0ZjY2MGEyMzFkNmU4N2Q1MWY4ODk4MDJjODg1YTE2ZDU1ZTA2ZiJ9', '2016-03-19 08:44:46', '2016-03-19 08:44:46', NULL),
	(498, 'eyJpdiI6InpLUG5mYVRuYkhcLzM0dUdWYzRZNnBBPT0iLCJ2YWx1ZSI6ImdKRkNcL0JvWVNlZlNpb2JXVldTOENBPT0iLCJtYWMiOiI0NDczNzhlZjkzZDA5NDFjMDAxYzRiNmMwYzk1NzQ0ZDlhOTU0MzkzNjUyYmIzNGQyOTQwZjE2YzFjOWE4OTY5In0=', '2016-03-19 08:45:21', '2016-03-19 08:45:21', NULL),
	(499, 'eyJpdiI6ImJjXC9wNHkrb0VNb0FsdVJMNVJjSXVBPT0iLCJ2YWx1ZSI6ImQ1ckxQaTFibFJjYjdQWXNpczNvN0E9PSIsIm1hYyI6IjAwNGNiZWIyZTAxZWVjYTgwYTJiMGM4MGJjZjQ2NWI1OTVjYTk4MGJjMzE4YmUzMzg1NGQ2MjM1OWVkYWQwOGEifQ==', '2016-03-20 23:25:46', '2016-03-20 23:25:46', NULL),
	(500, 'eyJpdiI6InFKUWJxUWJGTk1DUk9XQlhXU1wvUElBPT0iLCJ2YWx1ZSI6Ijg2cnExQXpMZHJCd0h4V1diTmtyaHc9PSIsIm1hYyI6IjhkN2I0YWM5MTNmNWU3ZmU0OTNlOWU2Zjc3YTNhMDE1MmViNzY2NGFhOTVjMTY0ZTNiMDg5MWNhZTM1MTJhODUifQ==', '2016-03-20 23:26:07', '2016-03-20 23:26:07', NULL),
	(501, 'eyJpdiI6IjJodkRUNHFFV0xCMG5RWjQ1aTRCQ3c9PSIsInZhbHVlIjoiK1JDU3RPd0c0UUpocklWNTlPT0s4UT09IiwibWFjIjoiMTI0YjcwNWI4NmE1ODU1MzkwMjM4N2ZkMjhlYTNkNTIwZmEzYzg2YmI2NWE1MTgxMDVhN2JkMTNhNmEwYjE2NyJ9', '2016-03-20 23:26:10', '2016-03-20 23:26:10', NULL),
	(502, 'eyJpdiI6IkMwd3laRElkQ1JyelZ5MUJnXC9MTzVnPT0iLCJ2YWx1ZSI6Ik9OTXZqcURXNzNoRjhEdVNOVGFtUlE9PSIsIm1hYyI6IjE3MDgxYTgwYTU2NGY4Y2NjYzJiMzg0NmUxNTQzMjRjOTU1NWY2MjZkNmI4ZDYyNTI4MDgyNjllY2E0NDNjYmEifQ==', '2016-03-20 23:26:11', '2016-03-20 23:26:11', NULL),
	(503, 'eyJpdiI6IjhSOThpOHZuZVl5U2FaUzhjcnZOSEE9PSIsInZhbHVlIjoic0REejg4Njl4dk0xVzV3dW9Yc1NRZz09IiwibWFjIjoiZTg4NjFlNWUyNjY0NWZiNTdlZjMyYjdiNzAwOTk5MmZkNDBkNzEzYTAyYTdhNzMyYTgwYzkyMTliNmRmZjY3MCJ9', '2016-03-20 23:26:13', '2016-03-20 23:26:13', NULL),
	(504, 'eyJpdiI6ImZ0OEUydE03XC8yXC9lSmxcL25KcDl1QWc9PSIsInZhbHVlIjoiRm0zUVU0SHhQODlrN295S3hCRjBzdz09IiwibWFjIjoiM2U3OGJjNjNhNGY3ZmY4ZTk5NjZmNmIzM2NhM2EyZDQyMDhhNTU3YjQ0MGIwMGY4ODQ3ODM3NWE5YTlhZjc0MiJ9', '2016-03-29 17:15:49', '2016-03-29 17:15:49', NULL),
	(505, 'eyJpdiI6ImRwdWI4YW1JWEVcL0xMcDNDSGF4R1BRPT0iLCJ2YWx1ZSI6InVhaHVXR1lJN2YzTUlQS1FFdGNDVUE9PSIsIm1hYyI6ImUxMjQxZjFlOGY1MzlhYzE5MWE2ODJhNzkwODU0N2UyYmZiYjEwNjAxYTFmYTA1NzVkMDE3MjFhYjNlNGNjNTMifQ==', '2016-03-29 17:16:23', '2016-03-29 17:16:23', NULL),
	(506, 'eyJpdiI6IldWRWVhMmtyTldBZFZRUHdtRTZKSnc9PSIsInZhbHVlIjoiNlJMNVNPendqVkR4TkFZWmJFWEozQT09IiwibWFjIjoiZDg1NDY3MjBiMzVjZDU2YTdjODQ2ODc3MzNhMDRjMWUzZGJlOTlkOGY4MTdkODg3ZmY5YWViNzMyNDI1OTAyMyJ9', '2016-03-29 17:16:48', '2016-03-29 17:16:48', NULL),
	(507, 'eyJpdiI6Ilh4aTBrQzFFSGJSSXdSbUtTSVVBNkE9PSIsInZhbHVlIjoiZTJqdEZSRThYaXJNb3VxZlVNcmpYUT09IiwibWFjIjoiYjVhODMxOWQyZjcwODI5MTQ1YmRhNzg2NDdjMGY4YjhmNDRhNWQ4MTI1NGM5NWM5YjczYjhjZmI2OTA0Y2E2NSJ9', '2016-03-29 18:37:26', '2016-03-29 18:37:26', NULL),
	(508, 'eyJpdiI6InRmeGFZR0t3OCtmV0FLRTZXN0ZWQkE9PSIsInZhbHVlIjoiUnFUYzZURmpaN2R1a2lPbWo0djVFZz09IiwibWFjIjoiNTE1NGQzNjQzMzM2OTI5NTI1MjlkZjRhMzJmNTAwOGU4MTg3YmI3NTI2NWQzNTQ5ZmExM2ZkNzVjMGM0MjZkNiJ9', '2016-03-31 15:57:19', '2016-03-31 15:57:19', NULL),
	(509, 'eyJpdiI6IlJyQnVUVWxuNzJYdzB4dzE2UHo0RGc9PSIsInZhbHVlIjoiQVwvNGNqV3UwYUtuREJoSWJKdHU5V3c9PSIsIm1hYyI6ImM4NGM3Y2RkYzNlNjBlZGI3NmY4ZjY5NTg0YmI1ZDEwMmY5NDUxODk4ZTNkODk0ZWFkMDcwOGI0NDYwMDE1MzMifQ==', '2016-03-31 15:59:30', '2016-03-31 15:59:30', NULL),
	(510, 'eyJpdiI6InZ4WlhKVmdNb0N2d3Q1ZjJ6dHpyWmc9PSIsInZhbHVlIjoiMDhGRG5kdGNhYWhKVUFOME9pbHBFQT09IiwibWFjIjoiZmI1ZDM0NDFkM2QyNTNiMDIzZDc0ZWUyNTE2ODE1ZDY4MjQ4MWZlYjNlYWJlZDdkOWVkMWJkYmYwMTQ3MGIxMSJ9', '2016-03-31 16:00:17', '2016-03-31 16:00:17', NULL),
	(511, 'eyJpdiI6InFqQlRUSGdlRG91NTM0bEpmY050M3c9PSIsInZhbHVlIjoiRk9LUW1xNnRtZ2dFQzNiMDl1cmhCZz09IiwibWFjIjoiM2I2NjRhM2U1MDcxNTExNDE0MTcwMDU0ODYzYmI3N2JhY2I4ZWViZWI4ODIxNjhmZDAyODA3MmM4ZjNmNzE1ZSJ9', '2016-04-01 04:24:20', '2016-04-01 04:24:20', NULL),
	(512, 'eyJpdiI6IjlBd24wWmdNVEpIa3NBTThoXC8xRlRRPT0iLCJ2YWx1ZSI6InZpWVwvZ3JvQ3h6UjFkcVUxRnlFT2JnPT0iLCJtYWMiOiI1YWM5OWJhMzYxMGNkMGI2YTE1NjQ4ZjhhZDg4ZjA5OTE4OGQxYzQ4ZGE0MDhhYTg4MWYxYmU1ZThkNDZlNjllIn0=', '2016-04-01 04:24:46', '2016-04-01 04:24:46', NULL),
	(513, 'eyJpdiI6IlwvaFhsU2VOMlJvZnAwQTR3cGhKZ1NnPT0iLCJ2YWx1ZSI6ImRyXC9jR3kyejdidzJjZEhkM1lcL3Rldz09IiwibWFjIjoiNzExNzMzNjc0OTJkOWU4NDY2MGQ3NDk1NGE4YjIzMzIwYzg1YzFhMDE3OWUxNDY5MmM5ZGJkN2VlNDZhYmI5MiJ9', '2016-04-01 04:54:03', '2016-04-01 04:54:03', NULL),
	(514, 'eyJpdiI6ImJCcjZ2RHlPUXNCMEIxWEFVdFVWNmc9PSIsInZhbHVlIjoia1J4OUVoS0x2VUZ1WHlLVFlhUmFkdz09IiwibWFjIjoiNTQ2ODc2NTA4ZTc4MDdlYTE1ZGY5ODc5ZGFhZmU2MGE1M2E1MTViZTQyZjZjYjg3ODIyMWNiYmU1ODU2MTBiYyJ9', '2016-04-01 05:11:02', '2016-04-01 05:11:02', NULL),
	(515, 'eyJpdiI6InpuSVhkMFk5UVFobExFOFdVSlFuS1E9PSIsInZhbHVlIjoiZk1zRVwvNHNMMkVvYmZxWHY4VGE5S3c9PSIsIm1hYyI6IjhjZGRmNTE1ZDNiNjM3ZDE5NjQyMDE1ZTc1Zjc5MmY2N2MwOTEyYjUwZTIzNmRlODIwNjE5NTFmYmZjNWU5NTcifQ==', '2016-04-01 05:22:20', '2016-04-01 05:22:20', NULL),
	(516, 'eyJpdiI6ImowYWJvVytMM0Z4Yk1KZnBaXC9hUDh3PT0iLCJ2YWx1ZSI6IlFRV0U0TE05TzdaeTA3ZmxkZE9lZlE9PSIsIm1hYyI6ImY3NjkwZGYwMTIwOTViNDUxNjkyOGY1YzcwNDc2MjNiZjBjYTk4MTJhZWEzNjM3OTJhODQzMTk0NDI4MWY3ZmIifQ==', '2016-04-01 15:03:10', '2016-04-01 15:03:10', NULL),
	(517, 'eyJpdiI6IllwSUlvcVNHdGIyUWRwNHN4ZTk2QlE9PSIsInZhbHVlIjoiNEJhblJ2aStZa1BTdll6YmF2VEFNUT09IiwibWFjIjoiYzlmZTg2MjY4ZjBjMWU2MzRjYjk3MmQ4ZjQxZTBkN2Y3NWE5ZDhhM2Q5ZWE0N2YyZjcwNjdkNDdiYzYyODAzOSJ9', '2016-04-01 15:04:28', '2016-04-01 15:04:28', NULL),
	(518, 'eyJpdiI6InNpbXBmMVRDcUxZRGFcL0QwU2xObThnPT0iLCJ2YWx1ZSI6IkZURXY2b2dJZWRKdGhtTzdCODBhTEE9PSIsIm1hYyI6IjRiMzMyMDZlYzVjM2QzZjk2MzUxOTIwMmI5NTdhZjllYzQ0ZjQ5NTFhNmU2MjgwYTNiNTdjOWRkOTIxNzU5OTcifQ==', '2016-04-02 00:46:10', '2016-04-02 00:46:11', NULL),
	(519, 'eyJpdiI6IjY1bk1kaGJtaHBQd3IyNjVoSnVLMGc9PSIsInZhbHVlIjoiVHpaMG44VFhNdUl5eWxZZ3RZOUF5UT09IiwibWFjIjoiZmJiMTFmNDNlMDMwZjYyMzU5NDFiZjI5MDZjMDA1NDEyZWI2ZWQ2Mzc3Yjg4ZTM1YzhmMmIyMzUzN2NkZWJlZiJ9', '2016-04-02 00:46:52', '2016-04-02 00:46:52', NULL),
	(520, 'eyJpdiI6IjdFOStFT01QU2x2SU8rd0NiZDJFUWc9PSIsInZhbHVlIjoiZHhjSTlXemxZSnpoS0piUHd3WUppUT09IiwibWFjIjoiMmI5NDcyNTUyOTA5NzllNTZlMjAyMTM4NTkxYTViMzBjZTMyY2M0YjdkNjkyMzk4ODg3Njg1OGIxMTlhYmIyYiJ9', '2016-04-02 00:47:00', '2016-04-02 00:47:00', NULL),
	(521, 'eyJpdiI6IjZzRnU0VmwwYmtCRndwNWs3Tm16SWc9PSIsInZhbHVlIjoiWFRGWUxXYVAxU2JIK1BEUnJpSU5tdz09IiwibWFjIjoiMjYwYTM0ZDE4ZGE1YjQ3MzM1MzI2MmMxZTgwYTQwNzMyNzA0ZGVkOTNmMmVkZTUwOGQ1NWRlZmIyZjQ1YjIxMCJ9', '2016-04-02 00:47:14', '2016-04-02 00:47:14', NULL),
	(522, 'eyJpdiI6IlFMMVZZVWhsZ0dubUlwcXFXdEx3alE9PSIsInZhbHVlIjoiV1J0ZGQ3S3FNT2s3M290RzBFU2NNQT09IiwibWFjIjoiMjEyZDU0MjZjZjc2MWE4MDZlMWQ4ZDJlMjllOGZmOGQ5OWM0ZmE4ODFlOTYzOTcwNDQ5Yjg3NDYyMWUyMGM5ZSJ9', '2016-04-02 00:47:22', '2016-04-02 00:47:22', NULL),
	(523, 'eyJpdiI6IkRNUjBcL2RjeVUrNmR3MVFUbGhzODJnPT0iLCJ2YWx1ZSI6Ilh6QWRJdUZXNmR4dTkxQjN6aXkxTGc9PSIsIm1hYyI6ImRlODg3ZmFmMjU4MDQyYmE1OGNkN2IwMTBhM2M0MjhkODgxYWQwMmUzMDI1YzVkMjZkNDA2YTU4MDQyYzM0YTgifQ==', '2016-04-02 02:56:38', '2016-04-02 02:56:38', NULL),
	(524, 'eyJpdiI6Im5WbDk1d0lTcmRqVlhnMk5YXC8waTJ3PT0iLCJ2YWx1ZSI6IlJrOHBaUGNrV3NJVzFGYm04d2dKNHc9PSIsIm1hYyI6ImRiZTczNGMwN2ZhNmU4YTg4OGZjMmZmODgwZGJlMGU3NWJjMTUzYzdjNmFhMWM3ZmYzNGQwOTRkNWFhMzNjZTgifQ==', '2016-04-02 02:57:00', '2016-04-02 02:57:00', NULL),
	(525, 'eyJpdiI6Imx5TVpBVmh2ZW1CYUVsOVwvMFJrcFwvZz09IiwidmFsdWUiOiJMN3JZT2hFaENCREVrUE9hMXhYZjlnPT0iLCJtYWMiOiIzNWE0MDEwMjQyMjY0ODVjMThhMmRiYzQwMjU0ZTg2MzkxM2I5OTI4ZmRiODU2MjkxYzkwN2Q1OTRiOGRiMjVkIn0=', '2016-04-02 02:57:02', '2016-04-02 02:57:02', NULL),
	(526, 'eyJpdiI6ImREcEpHYkxhd3p0SFwvZUdvaVp2Q2RRPT0iLCJ2YWx1ZSI6InlueVBxNDgydDZJa0srcndZZlptVWc9PSIsIm1hYyI6ImI3ZDg4NzQzZWIyZjUyN2M4MzZlZWQ4NGQzNjY0NzExYjE1OGQzYWRhM2E4M2Q5NWY3NzNjNzM0MDZjYjdjMWUifQ==', '2016-04-02 02:57:08', '2016-04-02 02:57:08', NULL),
	(527, 'eyJpdiI6Ikl6dmpGd21Cckw2RlwvWmQ3QlRlVmJBPT0iLCJ2YWx1ZSI6IlphTGVVSFwvQlBZSUJrMkVFUU5wQ0Z3PT0iLCJtYWMiOiI0ZjAzMDE4YzQ2YjIxYWFkMGE1Nzg5NDlkN2MyOGM3ZGFkMjE2NTkyMGZlZjU4MTk2OWE5NWIzOTI4NWU1MmM4In0=', '2016-04-02 02:57:17', '2016-04-02 02:57:18', NULL),
	(528, 'eyJpdiI6IndFRit3WDhlRmZxXC9udTIzeFA5RytRPT0iLCJ2YWx1ZSI6Ikd6aVFyNHBBTFdGWDlFMmpVejl3NWc9PSIsIm1hYyI6ImYxYmU3MTAzNjljYzE4NzE2YzM0NThmYzkwZWY4Y2E3ODA0OGQ3YmJlNGRhYjcwNWNjMGM5OTI5ZmU0OGM5YjgifQ==', '2016-04-02 22:33:29', '2016-04-02 22:33:29', NULL),
	(529, 'eyJpdiI6IjRnQzZhbGtQWHNZckx2XC96cmZiNEp3PT0iLCJ2YWx1ZSI6IjN6eWJQMWJkbUNva0trenRhc1ZqSFE9PSIsIm1hYyI6IjQ5MTFlZTU3MDYyMTRlOTE1MjI2NTdhNmQxNmQ0N2JjNjNmNWQxODVlZDY2NmJjZjIxZjE4YjdiOTY5YWEzOTQifQ==', '2016-04-02 22:33:50', '2016-04-02 22:33:50', NULL),
	(530, 'eyJpdiI6Im1qVnhRZ29rY1A0N0JSVGZOQXg4Y2c9PSIsInZhbHVlIjoiZWpacm0yckdETFl2UW5FNllONFVLZz09IiwibWFjIjoiNTE3ZDE0MmUxMDQyMWUwMTY3Yjg2N2JlNzU5OTdkNDAxZjNmODU5ZjY0NDgxOTYyMTg1NTM3YmFiNDZhNWU1ZCJ9', '2016-04-02 23:56:23', '2016-04-02 23:56:23', NULL),
	(531, 'eyJpdiI6IkNKTndMRVN3YVwvcld4blFlRGVuK2tnPT0iLCJ2YWx1ZSI6Imh5RGUyd1E2OGRzWG1Wc1VKaVhCXC93PT0iLCJtYWMiOiJiNWU2NDQ3NjdiYmM5ZWU3NzQ1ZDdlMGM0YzkxNTQwMDdlYWNhNjk2OGY3MTBiMzMzYmEyMDM5ZTRhODdhNGVhIn0=', '2016-04-02 23:56:52', '2016-04-02 23:56:52', NULL),
	(532, 'eyJpdiI6ImFcL25Yc1dPVWRqQ1FaUnZSNTRxSDhBPT0iLCJ2YWx1ZSI6InVvOFVLWFBHb2JVRmZxR3ZFVEhqRUE9PSIsIm1hYyI6IjNhNTYyZWE5ZDNlNDFlYjQ3YTA2M2FmOTVhYjZkZjY2MTQyOGY2Y2MwYTgwMmIzMzE2ODQwOTJiYjM0NDg0NjgifQ==', '2016-04-02 23:56:54', '2016-04-02 23:56:54', NULL),
	(533, 'eyJpdiI6InZnanVpWnd0VklKOFRnVnBQZHlySXc9PSIsInZhbHVlIjoiRWorb01EVWRIdTArN293cHhMdlhqUT09IiwibWFjIjoiNzM2ZDI4MjYzY2JiYWQyMTUxN2U1YTY0NjQwY2MxZjM5NzE2NzIwNTRhYjA1ZDM0NmY0OGE4MDM4ZWM3M2FkMSJ9', '2016-04-02 23:56:56', '2016-04-02 23:56:56', NULL),
	(534, 'eyJpdiI6IlVIMWdqS0tReVwvRGlMbU1qTnZYMVwvUT09IiwidmFsdWUiOiJ0YUFJVW1SR21UZytqdHNMMXM5MXlnPT0iLCJtYWMiOiI5NGZjNGZjOTBhM2ViNzQxM2ZkZWI0MmNhYTA0OGRjODAyZTU3OTc2MDBjOWZhZjY3N2U0MWM5YmE1NjZmMzY2In0=', '2016-04-02 23:56:59', '2016-04-02 23:56:59', NULL),
	(535, 'eyJpdiI6Im5iVXE0OEUxODhPRnVSNVVVRjJHZGc9PSIsInZhbHVlIjoiSG0wT1JSTmxVQ1NhSWViMm5rUERLUT09IiwibWFjIjoiYzQ0MzYwNzkxYTE4OWZiOWZhNjM2ZDE1ZWFhZDhhZGYyOWE3MzNmNDI5ZWZhNmE0NmE1MjZmZWVhZTJiYmEwNiJ9', '2016-04-03 00:07:08', '2016-04-03 00:07:08', NULL);
/*!40000 ALTER TABLE `sessionsmath` ENABLE KEYS */;


-- Volcando estructura para tabla tiens.trainers
DROP TABLE IF EXISTS `trainers`;
CREATE TABLE IF NOT EXISTS `trainers` (
  `id` int(11) NOT NULL AUTO_INCREMENT,
  `country_id` int(11) DEFAULT NULL,
  `created_by` int(11) DEFAULT NULL,
  `extension` varchar(45) DEFAULT NULL,
  `name` varchar(255) DEFAULT NULL,
  `description` varchar(255) DEFAULT NULL,
  `created_at` timestamp NULL DEFAULT CURRENT_TIMESTAMP,
  `deleted_at` timestamp NULL DEFAULT NULL,
  `updated_at` timestamp NULL DEFAULT CURRENT_TIMESTAMP,
  PRIMARY KEY (`id`),
  KEY `lionXcountry_idx` (`country_id`)
) ENGINE=InnoDB AUTO_INCREMENT=7 DEFAULT CHARSET=utf8;

-- Volcando datos para la tabla tiens.trainers: ~5 rows (aproximadamente)
/*!40000 ALTER TABLE `trainers` DISABLE KEYS */;
INSERT INTO `trainers` (`id`, `country_id`, `created_by`, `extension`, `name`, `description`, `created_at`, `deleted_at`, `updated_at`) VALUES
	(2, 1, 2, 'jpg', 'Nuevo Entrenador Per\'u editado', 'sdkjhfsldkjfhldskjfhljshdflkjahflkjaflkjdshfljsdhfljsdhfljksafljksdhfljds lkjfhlsajfhl jkhfl jdshflsjdf lsjahflsjdhfljdsh fljdshfdsjhfljsd fljdshfljsdhflj dslfjhdslfjh ald sdfsdf ', '2016-03-08 02:30:56', NULL, '2016-03-08 02:31:21'),
	(3, 1, 2, 'png', 'Entrenador Peru 2 ', 'Entrenador Peru 2 Entrenador Peru 2 Entrenador Peru 2 Entrenador Peru 2 Entrenador Peru 2 Entrenador Peru 2 Entrenador Peru 2 Entrenador Peru 2 Entrenador Peru 2 Entrenador Peru 2 Entrenador Peru 2 Entrenador Peru 2 Entrenador Peru 2 Entrenador Peru 2 Ent', '2016-03-30 04:59:58', NULL, '2016-03-30 05:01:24'),
	(4, 1, 2, 'png', 'Entrenador Peru 3', 'Entrenador Peru 3 Entrenador Peru 3 Entrenador Peru 3 Entrenador Peru 3 Entrenador Peru 3 Entrenador Peru 3 Entrenador Peru 3 Entrenador Peru 3 Entrenador Peru 3 Entrenador Peru 3 Entrenador Peru 3 Entrenador Peru 3 Entrenador Peru 3 Entrenador Peru 3 Ent', '2016-03-30 05:00:25', NULL, '2016-03-30 05:01:46'),
	(5, 1, 2, 'png', 'Entrenador 4', 'Entrenador 4 Entrenador 4 Entrenador 4 Entrenador 4 Entrenador 4 Entrenador 4 Entrenador 4 Entrenador 4 Entrenador 4 Entrenador 4 Entrenador 4 Entrenador 4 Entrenador 4 Entrenador 4 Entrenador 4 Entrenador 4 Entrenador 4 Entrenador 4 Entrenador 4 Entrenad', '2016-03-30 05:40:40', NULL, '2016-03-30 05:40:40'),
	(6, 1, 1, 'jpg', 'Nuevo Capacitador', 'Nuevo Capacitador Nuevo Capacitador Nuevo Capacitador Nuevo Capacitador Nuevo Capacitador Nuevo Capacitador Nuevo Capacitador Nuevo Capacitador Nuevo Capacitador Nuevo Capacitador Nuevo Capacitador Nuevo Capacitador Nuevo Capacitador Nuevo Capacitador Nue', '2016-04-03 00:06:55', NULL, '2016-04-03 00:06:55');
/*!40000 ALTER TABLE `trainers` ENABLE KEYS */;


-- Volcando estructura para tabla tiens.training
DROP TABLE IF EXISTS `training`;
CREATE TABLE IF NOT EXISTS `training` (
  `id` int(11) NOT NULL AUTO_INCREMENT,
  `extension` varchar(45) DEFAULT NULL,
  `sessionMath` varchar(255) DEFAULT NULL,
  `name` varchar(255) DEFAULT NULL,
  `description` longtext,
  `created_at` timestamp NULL DEFAULT CURRENT_TIMESTAMP,
  `deleted_at` timestamp NULL DEFAULT NULL,
  `updated_at` timestamp NULL DEFAULT CURRENT_TIMESTAMP,
  `category_id` int(11) DEFAULT NULL,
  `created_by` int(11) DEFAULT NULL,
  PRIMARY KEY (`id`),
  KEY `categoryXtraining_idx` (`category_id`)
) ENGINE=InnoDB AUTO_INCREMENT=1003 DEFAULT CHARSET=utf8;

-- Volcando datos para la tabla tiens.training: ~9 rows (aproximadamente)
/*!40000 ALTER TABLE `training` DISABLE KEYS */;
INSERT INTO `training` (`id`, `extension`, `sessionMath`, `name`, `description`, `created_at`, `deleted_at`, `updated_at`, `category_id`, `created_by`) VALUES
	(1, 'png', 'eyJpdiI6IkVZRFk5NUFoT1JIdWF6QlB0N1M5elE9PSIsInZhbHVlIjoiZGtUVXNscGJFdkN2T3IwakFcL0xlZ3c9PSIsIm1hYyI6ImI0ODU4M2JmNDk1MDk3NjliN2VkYWJjNjE4YTM0Y2I2MjgyZTQxNjAzMmViNmUyY2M4ZDM3ZTY4ZDEyMDUwNzQifQ==', 'Capacitaciones 1', 'Capacitaciones uno.\r\nCapacitaciones uno.\r\nCap.', '2016-03-18 06:15:53', NULL, '2016-04-01 03:59:37', 1, 1),
	(2, 'jpg', 'eyJpdiI6InRmeGFZR0t3OCtmV0FLRTZXN0ZWQkE9PSIsInZhbHVlIjoiUnFUYzZURmpaN2R1a2lPbWo0djVFZz09IiwibWFjIjoiNTE1NGQzNjQzMzM2OTI5NTI1MjlkZjRhMzJmNTAwOGU4MTg3YmI3NTI2NWQzNTQ5ZmExM2ZkNzVjMGM0MjZkNiJ9', 'Capacitaciones 2 ', 'Capacitaciones 2 Capacitaciones 2 Capacitaciones 2 Capacitaciones 2 Capacitaciones 2 Capacitaciones 2 Capacitaciones 2 Capacitaciones 2 Capacitaciones 2 Capacitaciones 2 Capacitaciones 2 Capacitaciones 2 Capacitaciones 2 Capacitaciones 2 Capacitaciones 2 Capacitaciones 2 Capacitaciones 2 Capacitaciones 2 Capacitaciones 2 Capacitaciones 2 Capacitaciones 2 Capacitaciones 2 Capacitaciones 2 Capacitaciones 2 Capacitaciones 2 Capacitaciones 2 Capacitaciones 2 Capacitaciones 2 Capacitaciones 2 Capacitaciones 2 Capacitaciones 2 Capacitaciones 2 Capacitaciones 2 Capacitaciones 2 Capacitaciones 2 Capacitaciones 2 Capacitaciones 2 Capacitaciones 2 Capacitaciones 2 Capacitaciones 2 Capacitaciones 2 Capacitaciones 2 Capacitaciones 2 ', '2016-03-31 15:57:56', NULL, '2016-03-31 15:57:56', 1, 1),
	(3, 'jpg', 'eyJpdiI6IlJyQnVUVWxuNzJYdzB4dzE2UHo0RGc9PSIsInZhbHVlIjoiQVwvNGNqV3UwYUtuREJoSWJKdHU5V3c9PSIsIm1hYyI6ImM4NGM3Y2RkYzNlNjBlZGI3NmY4ZjY5NTg0YmI1ZDEwMmY5NDUxODk4ZTNkODk0ZWFkMDcwOGI0NDYwMDE1MzMifQ==', 'Capacitaciones 3', 'Capacitaciones 3 Capacitaciones 3 Capacitaciones 3 Capacitaciones 3 Capacitaciones 3 Capacitaciones 3 Capacitaciones 3 Capacitaciones 3 Capacitaciones 3 Capacitaciones 3 Capacitaciones 3 Capacitaciones 3 Capacitaciones 3 Capacitaciones 3 Capacitaciones 3 Capacitaciones 3 Capacitaciones 3 Capacitaciones 3 Capacitaciones 3 Capacitaciones 3 Capacitaciones 3 Capacitaciones 3 Capacitaciones 3 Capacitaciones 3 Capacitaciones 3 Capacitaciones 3 Capacitaciones 3 Capacitaciones 3 ', '2016-03-31 15:59:54', NULL, '2016-03-31 15:59:54', 1, 1),
	(4, 'jpg', 'eyJpdiI6InZ4WlhKVmdNb0N2d3Q1ZjJ6dHpyWmc9PSIsInZhbHVlIjoiMDhGRG5kdGNhYWhKVUFOME9pbHBFQT09IiwibWFjIjoiZmI1ZDM0NDFkM2QyNTNiMDIzZDc0ZWUyNTE2ODE1ZDY4MjQ4MWZlYjNlYWJlZDdkOWVkMWJkYmYwMTQ3MGIxMSJ9', 'Capacitaciones 4', 'Capacitaciones 4 Capacitaciones 4 Capacitaciones 4 Capacitaciones 4 Capacitaciones 4 Capacitaciones 4 Capacitaciones 4 Capacitaciones 4 Capacitaciones 4 Capacitaciones 4 Capacitaciones 4 Capacitaciones 4 Capacitaciones 4 Capacitaciones 4 Capacitaciones 4 Capacitaciones 4 Capacitaciones 4 Capacitaciones 4 Capacitaciones 4 Capacitaciones 4 Capacitaciones 4 Capacitaciones 4 Capacitaciones 4 Capacitaciones 4 Capacitaciones 4 Capacitaciones 4 Capacitaciones 4 Capacitaciones 4 Capacitaciones 4 Capacitaciones 4 Capacitaciones 4 Capacitaciones 4 Capacitaciones 4 Capacitaciones 4 Capacitaciones 4 Capacitaciones 4 Capacitaciones 4 Capacitaciones 4 Capacitaciones 4 Capacitaciones 4 Capacitaciones 4 Capacitaciones 4 Capacitaciones 4 Capacitaciones 4 Capacitaciones 4 Capacitaciones 4 Capacitaciones 4 Capacitaciones 4 Capacitaciones 4 Capacitaciones 4 Capacitaciones 4 Capacitaciones 4 Capacitaciones 4 Capacitaciones 4 Capacitaciones 4 Capacitaciones 4 Capacitaciones 4 Capacitaciones 4 Capacitaciones 4 Capacitaciones 4 ', '2016-03-31 16:00:43', NULL, '2016-03-31 16:00:43', 1, 1),
	(5, 'png', 'eyJpdiI6IlwvaFhsU2VOMlJvZnAwQTR3cGhKZ1NnPT0iLCJ2YWx1ZSI6ImRyXC9jR3kyejdidzJjZEhkM1lcL3Rldz09IiwibWFjIjoiNzExNzMzNjc0OTJkOWU4NDY2MGQ3NDk1NGE4YjIzMzIwYzg1YzFhMDE3OWUxNDY5MmM5ZGJkN2VlNDZhYmI5MiJ9', 'Nueva Capacitacion', 'Nueva Capacitacion Nueva Capacitacion Nueva Capacitacion Nueva Capacitacion Nueva Capacitacion Nueva Capacitacion Nueva Capacitacion Nueva Capacitacion Nueva Capacitacion Nueva Capacitacion Nueva Capacitacion Nueva Capacitacion Nueva Capacitacion Nueva Capacitacion Nueva Capacitacion Nueva Capacitacion Nueva Capacitacion Nueva Capacitacion Nueva Capacitacion Nueva Capacitacion Nueva Capacitacion Nueva Capacitacion Nueva Capacitacion Nueva Capacitacion Nueva Capacitacion Nueva Capacitacion Nueva Capacitacion Nueva Capacitacion ', '2016-04-01 04:54:39', NULL, '2016-04-01 04:54:39', 1, 1),
	(6, 'jpg', 'eyJpdiI6ImJCcjZ2RHlPUXNCMEIxWEFVdFVWNmc9PSIsInZhbHVlIjoia1J4OUVoS0x2VUZ1WHlLVFlhUmFkdz09IiwibWFjIjoiNTQ2ODc2NTA4ZTc4MDdlYTE1ZGY5ODc5ZGFhZmU2MGE1M2E1MTViZTQyZjZjYjg3ODIyMWNiYmU1ODU2MTBiYyJ9', 'Capacitacion prueba archivos', 'Capacitacion prueba archivos Capacitacion prueba archivos Capacitacion prueba archivos Capacitacion prueba archivos Capacitacion prueba archivos Capacitacion prueba archivos Capacitacion prueba archivos Capacitacion prueba archivos Capacitacion prueba archivos Capacitacion prueba archivos Capacitacion prueba archivos ', '2016-04-01 05:12:54', NULL, '2016-04-01 05:12:54', 1, 1),
	(1000, 'jpg', 'eyJpdiI6ImowYWJvVytMM0Z4Yk1KZnBaXC9hUDh3PT0iLCJ2YWx1ZSI6IlFRV0U0TE05TzdaeTA3ZmxkZE9lZlE9PSIsIm1hYyI6ImY3NjkwZGYwMTIwOTViNDUxNjkyOGY1YzcwNDc2MjNiZjBjYTk4MTJhZWEzNjM3OTJhODQzMTk0NDI4MWY3ZmIifQ==', 'Capacitaci\'on', 'Lorem ipsum dolor sit amet, consectetur adipisicing elit, sed do eiusmod tempor incididunt ut labore et dolore magna aliqua. Ut enim ad minim veniam, quis nostrud exercitation ullamco laboris nisi ut aliquip ex ea\r\n\r\ncommodo consequat. Duis aute irure dolor in reprehenderit in voluptate velit esse cillum dolore eu fugiat nulla pariatur. Excepteur sint occaecat cupidatat non proident, sunt in culpa qui officia deserunt mollit anim id est laborum.', '2016-04-01 15:03:37', NULL, '2016-04-01 15:03:37', 1, 1),
	(1001, 'png', 'eyJpdiI6IllwSUlvcVNHdGIyUWRwNHN4ZTk2QlE9PSIsInZhbHVlIjoiNEJhblJ2aStZa1BTdll6YmF2VEFNUT09IiwibWFjIjoiYzlmZTg2MjY4ZjBjMWU2MzRjYjk3MmQ4ZjQxZTBkN2Y3NWE5ZDhhM2Q5ZWE0N2YyZjcwNjdkNDdiYzYyODAzOSJ9', 'Capacitaci\'on agregada', 'Lorem ipsum dolor sit amet, consectetur adipisicing elit, sed do eiusmod tempor incididunt ut labore et dolore magna aliqua. Ut enim ad minim veniam, quis nostrud exercitation ullamco laboris nisi ut aliquip ex ea\r\n\r\ncommodo consequat. Duis aute irure dolor in reprehenderit in voluptate velit esse cillum dolore eu fugiat nulla pariatur. Excepteur sint occaecat cupidatat non proident, sunt in culpa qui officia deserunt mollit anim id est laborum.', '2016-04-01 15:05:26', NULL, '2016-04-01 15:05:26', 1, 1),
	(1002, 'jpg', 'eyJpdiI6Im5iVXE0OEUxODhPRnVSNVVVRjJHZGc9PSIsInZhbHVlIjoiSG0wT1JSTmxVQ1NhSWViMm5rUERLUT09IiwibWFjIjoiYzQ0MzYwNzkxYTE4OWZiOWZhNjM2ZDE1ZWFhZDhhZGYyOWE3MzNmNDI5ZWZhNmE0NmE1MjZmZWVhZTJiYmEwNiJ9', 'Nueva capacitación', 'Nueva capacitación Nueva capacitación Nueva capacitación Nueva capacitación Nueva capacitación Nueva capacitación Nueva capacitación Nueva capacitación Nueva capacitación Nueva capacitación Nueva capacitación Nueva capacitación Nueva capacitación ', '2016-04-03 00:07:55', NULL, '2016-04-03 00:07:55', 2, 1);
/*!40000 ALTER TABLE `training` ENABLE KEYS */;


-- Volcando estructura para tabla tiens.trainingxcountry
DROP TABLE IF EXISTS `trainingxcountry`;
CREATE TABLE IF NOT EXISTS `trainingxcountry` (
  `id_training` int(11) NOT NULL,
  `id_country` int(11) NOT NULL,
  `created_at` timestamp NULL DEFAULT CURRENT_TIMESTAMP,
  `deleted_at` timestamp NULL DEFAULT CURRENT_TIMESTAMP,
  `updated_at` timestamp NULL DEFAULT NULL,
  PRIMARY KEY (`id_training`,`id_country`),
  KEY `countryXtraining_idx` (`id_country`)
) ENGINE=InnoDB DEFAULT CHARSET=utf8;

-- Volcando datos para la tabla tiens.trainingxcountry: ~12 rows (aproximadamente)
/*!40000 ALTER TABLE `trainingxcountry` DISABLE KEYS */;
INSERT INTO `trainingxcountry` (`id_training`, `id_country`, `created_at`, `deleted_at`, `updated_at`) VALUES
	(1, 1, '2016-03-31 22:59:37', '2016-03-31 22:59:37', NULL),
	(1, 2, '2016-03-31 22:59:37', '2016-03-31 22:59:37', NULL),
	(1, 3, '2016-03-31 22:59:38', '2016-03-31 22:59:38', NULL),
	(2, 1, '2016-03-31 10:59:20', '2016-03-31 10:59:20', NULL),
	(3, 1, '2016-03-31 10:59:54', '2016-03-31 10:59:54', NULL),
	(4, 1, '2016-03-31 11:00:43', '2016-03-31 11:00:43', NULL),
	(5, 1, '2016-04-01 00:03:05', '2016-04-01 00:03:05', NULL),
	(6, 1, '2016-04-01 00:12:54', '2016-04-01 00:12:54', NULL),
	(1000, 1, '2016-04-01 10:03:37', '2016-04-01 10:03:37', NULL),
	(1001, 1, '2016-04-01 10:05:26', '2016-04-01 10:05:26', NULL),
	(1002, 1, '2016-04-02 19:07:55', '2016-04-02 19:07:55', NULL),
	(1002, 3, '2016-04-02 19:07:55', '2016-04-02 19:07:55', NULL);
/*!40000 ALTER TABLE `trainingxcountry` ENABLE KEYS */;


-- Volcando estructura para tabla tiens.training_category
DROP TABLE IF EXISTS `training_category`;
CREATE TABLE IF NOT EXISTS `training_category` (
  `id` int(11) NOT NULL AUTO_INCREMENT,
  `name` varchar(45) DEFAULT NULL,
  `description` varchar(45) DEFAULT NULL,
  `created_at` timestamp NULL DEFAULT CURRENT_TIMESTAMP,
  `updated_at` timestamp NULL DEFAULT CURRENT_TIMESTAMP,
  `deleted_at` timestamp NULL DEFAULT NULL,
  `created_by` int(11) DEFAULT NULL,
  PRIMARY KEY (`id`)
) ENGINE=InnoDB AUTO_INCREMENT=5 DEFAULT CHARSET=utf8;

-- Volcando datos para la tabla tiens.training_category: ~4 rows (aproximadamente)
/*!40000 ALTER TABLE `training_category` DISABLE KEYS */;
INSERT INTO `training_category` (`id`, `name`, `description`, `created_at`, `updated_at`, `deleted_at`, `created_by`) VALUES
	(1, 'Vitales', NULL, '2016-03-08 04:34:30', '2016-03-30 14:48:28', NULL, 1),
	(2, 'Urgentes', NULL, '2016-03-17 01:52:57', '2016-03-30 14:48:17', NULL, 1),
	(3, 'Principales', NULL, '2016-03-30 14:48:51', '2016-03-30 14:48:51', NULL, 1),
	(4, 'Secundarias', NULL, '2016-03-30 14:48:57', '2016-03-30 14:48:57', NULL, 1);
/*!40000 ALTER TABLE `training_category` ENABLE KEYS */;


-- Volcando estructura para tabla tiens.users
DROP TABLE IF EXISTS `users`;
CREATE TABLE IF NOT EXISTS `users` (
  `id` int(11) NOT NULL AUTO_INCREMENT,
  `name` varchar(255) NOT NULL,
  `email` varchar(255) NOT NULL,
  `password` varchar(60) NOT NULL,
  `remember_token` varchar(100) DEFAULT NULL,
  `created_at` timestamp NOT NULL DEFAULT CURRENT_TIMESTAMP,
  `updated_at` timestamp NOT NULL DEFAULT CURRENT_TIMESTAMP,
  `deleted_at` timestamp NULL DEFAULT NULL,
  `country_id` int(11) NOT NULL COMMENT 'pais de procedencia del usuario',
  `rol_id` int(11) NOT NULL DEFAULT '1' COMMENT 'rol por defecto del usuario\n1 = usuario local',
  PRIMARY KEY (`id`),
  KEY `countryXuser_idx` (`country_id`),
  KEY `userXrol_idx` (`rol_id`)
) ENGINE=InnoDB AUTO_INCREMENT=4 DEFAULT CHARSET=utf8 COMMENT='Tabla que contiene los de autenticaci''on del usuario.';

-- Volcando datos para la tabla tiens.users: ~3 rows (aproximadamente)
/*!40000 ALTER TABLE `users` DISABLE KEYS */;
INSERT INTO `users` (`id`, `name`, `email`, `password`, `remember_token`, `created_at`, `updated_at`, `deleted_at`, `country_id`, `rol_id`) VALUES
	(1, 'SuthAmerica', 'region@tiens.com', '$2y$10$Ki6bdL6YDRojqHZevPDep.T5xTg2YGOIDLC9e8mH0lqiTWfp14ajK', '7hUYsbtLfUEyoRqPzcCJtUfCIkkXG45KZoc8bAcw8By3N9Kbjc1wVv9U0llq', '2016-03-01 00:19:17', '2016-04-04 01:57:54', NULL, 1, 1),
	(2, 'Peru', 'peru@tiens.com', '$2y$10$Ki6bdL6YDRojqHZevPDep.T5xTg2YGOIDLC9e8mH0lqiTWfp14ajK', 'bAuH2wiZkI2VLOeB2UwDjmudGsHRQWmVFzMgL5F3zorw3zAapxiZpToJh9E9', '2016-03-01 00:19:17', '2016-04-04 03:03:27', NULL, 1, 2),
	(3, 'Chile', 'chile@tiens.com', '$2y$10$Ki6bdL6YDRojqHZevPDep.T5xTg2YGOIDLC9e8mH0lqiTWfp14ajK', 'HWYZ5OD2eARNDfrR2e3goe2YoLtsaOF4HdsQ5K16xxdhbwJA975NIgqlQGWu', '2016-03-01 00:19:17', '2016-03-08 03:10:58', NULL, 2, 2);
/*!40000 ALTER TABLE `users` ENABLE KEYS */;


-- Volcando estructura para tabla tiens.users_profiles
DROP TABLE IF EXISTS `users_profiles`;
CREATE TABLE IF NOT EXISTS `users_profiles` (
  `id_user` int(11) NOT NULL,
  `first_name` varchar(45) DEFAULT NULL,
  `last_name` varchar(45) DEFAULT NULL,
  `remember_token` varchar(45) DEFAULT NULL,
  `created_at` timestamp NULL DEFAULT CURRENT_TIMESTAMP,
  `deleted_at` timestamp NULL DEFAULT CURRENT_TIMESTAMP,
  `updated_at` timestamp NULL DEFAULT NULL,
  PRIMARY KEY (`id_user`)
) ENGINE=InnoDB DEFAULT CHARSET=utf8 COMMENT='Tabla que contiene los datos generales del usuario.';

-- Volcando datos para la tabla tiens.users_profiles: ~0 rows (aproximadamente)
/*!40000 ALTER TABLE `users_profiles` DISABLE KEYS */;
/*!40000 ALTER TABLE `users_profiles` ENABLE KEYS */;


-- Volcando estructura para tabla tiens.video
DROP TABLE IF EXISTS `video`;
CREATE TABLE IF NOT EXISTS `video` (
  `id` int(11) NOT NULL AUTO_INCREMENT,
  `extension` varchar(5) DEFAULT NULL,
  `name` varchar(255) DEFAULT NULL,
  `description` varchar(255) DEFAULT NULL,
  `created_at` timestamp NULL DEFAULT CURRENT_TIMESTAMP,
  `deleted_at` timestamp NULL DEFAULT NULL,
  `updated_at` timestamp NULL DEFAULT CURRENT_TIMESTAMP,
  `size` double DEFAULT NULL,
  `category_id` int(11) DEFAULT NULL,
  `country_id` int(11) DEFAULT NULL,
  `created_by` int(11) DEFAULT NULL,
  `extension_img` varchar(5) DEFAULT NULL,
  `see_num` int(11) DEFAULT '10',
  `last_time_see` date DEFAULT NULL,
  PRIMARY KEY (`id`),
  KEY `categoryXvideo_idx` (`category_id`),
  KEY `countryXvideo_idx` (`country_id`)
) ENGINE=InnoDB AUTO_INCREMENT=81 DEFAULT CHARSET=utf8;

-- Volcando datos para la tabla tiens.video: ~14 rows (aproximadamente)
/*!40000 ALTER TABLE `video` DISABLE KEYS */;
INSERT INTO `video` (`id`, `extension`, `name`, `description`, `created_at`, `deleted_at`, `updated_at`, `size`, `category_id`, `country_id`, `created_by`, `extension_img`, `see_num`, `last_time_see`) VALUES
	(65, 'MP4', 'Movie Chile', 'sdfsdfsdfdsf', '2016-03-19 08:22:29', '2016-04-02 06:48:21', '2016-04-02 06:48:21', 8.61, 1, 1, 1, NULL, 10, NULL),
	(66, 'MP4', 'Movie Chile 2', 'sdfsdfsdfds', '2016-03-19 08:23:17', '2016-04-02 06:48:16', '2016-04-02 06:48:16', 8.61, 1, 1, 1, NULL, 10, NULL),
	(68, 'MP4', 'Movie Peru', 'sdfsdfdsfdsfdfsd', '2016-03-19 08:24:55', '2016-04-02 06:48:12', '2016-04-02 06:48:12', 8.61, 1, 1, 1, NULL, 10, NULL),
	(69, 'MP4', 'Movie Chile', 'sdfsdfsdfsdfdsfdfsdf', '2016-03-19 08:26:07', '2016-04-02 06:48:19', '2016-04-02 06:48:19', 8.61, 1, 2, 1, NULL, 10, NULL),
	(70, 'MP4', 'Movie Argentinaaaaa', 'dfsdfsdfsdfdsfaaaaa', '2016-03-19 08:26:33', '2016-04-02 07:14:45', '2016-04-02 07:14:45', 8.61, 1, 5, 1, NULL, 10, NULL),
	(71, 'MP4', 'Nuevo Video 6', 'sdfsdfsdfsdfsdfsdfsdfsdfsdf', '2016-03-30 14:38:18', '2016-04-02 06:48:10', '2016-04-02 06:48:10', 8.61, 1, 1, 1, NULL, 10, NULL),
	(73, 'MP4', 'Video 1', 'Video 1 Video 1 Video 1 Video 1 Video 1 Video 1 Video 1 Video 1 Video 1 Video 1 Video 1 Video 1 Video 1 Video 1 Video 1 Video 1 Video 1 Video 1 Video 1 Video 1 Video 1 Video 1 Video 1 Video 1 Video 1 Video 1 Video 1 Video 1 Video 1 Video 1 Video 1 Video 1', '2016-04-02 07:21:22', NULL, '2016-04-02 07:21:29', 8.61, 1, 1, 1, 'jpg', 11, '2016-04-02'),
	(74, 'MP4', 'Video 2', 'Video 2 Video 2 Video 2 Video 2 Video 2 Video 2 Video 2 Video 2 Video 2 Video 2 Video 2 Video 2 Video 2 Video 2 Video 2 Video 2 Video 2 Video 2 Video 2 Video 2 Video 2 Video 2 Video 2 Video 2 Video 2 Video 2 Video 2 Video 2 Video 2 Video 2 Video 2 Video 2', '2016-04-02 07:21:56', NULL, '2016-04-03 17:56:19', 8.61, 1, 1, 1, 'jpg', 17, '2016-04-03'),
	(75, 'MP4', 'Video 3', 'Video 3 Video 3 Video 3 Video 3 Video 3 Video 3 Video 3 Video 3 Video 3 Video 3 Video 3 Video 3 Video 3 Video 3 Video 3 Video 3 Video 3 Video 3 Video 3 Video 3 Video 3 Video 3 Video 3 Video 3 Video 3 Video 3 Video 3 Video 3 Video 3 Video 3 Video 3 Video 3', '2016-04-02 07:22:30', NULL, '2016-04-03 17:55:53', 8.61, 1, 1, 1, 'jpg', 11, '2016-04-03'),
	(76, 'MP4', 'Video 4', 'Video 4 Video 4 Video 4 Video 4 Video 4 Video 4 Video 4 Video 4 Video 4 Video 4 Video 4 Video 4 Video 4 Video 4 Video 4 Video 4 Video 4 Video 4 Video 4 Video 4 Video 4 Video 4 Video 4 Video 4 Video 4 Video 4 Video 4 Video 4 Video 4 Video 4 Video 4 Video 4', '2016-04-02 07:22:54', NULL, '2016-04-03 17:56:24', 8.61, 1, 1, 1, 'jpg', 17, '2016-04-03'),
	(77, 'MP4', 'Video 5', 'Video 5 Video 5 Video 5 Video 5 Video 5 Video 5 Video 5 Video 5 Video 5 Video 5 Video 5 Video 5 Video 5 Video 5 Video 5 Video 5 Video 5 Video 5 Video 5 Video 5 Video 5 Video 5 Video 5 Video 5 Video 5 Video 5 Video 5 Video 5 Video 5 Video 5 Video 5 Video 5', '2016-04-02 07:23:35', NULL, '2016-04-02 07:23:42', 8.61, 1, 1, 1, 'jpg', 10, '2016-04-02'),
	(78, 'MP4', 'Nuevo Video de Arte', 'Nuevo Video de Arte Nuevo Video de Arte Nuevo Video de Arte Nuevo Video de Arte Nuevo Video de Arte Nuevo Video de Arte Nuevo Video de Arte Nuevo Video de Arte Nuevo Video de Arte Nuevo Video de Arte Nuevo Video de Arte Nuevo Video de Arte Nuevo Video de ', '2016-04-02 18:45:22', NULL, '2016-04-03 20:43:41', 8.61, 3, 1, 1, 'jpg', 11, '2016-04-03'),
	(79, 'MP4', 'Video Arte 2', 'Video Arte 2 Video Arte 2 Video Arte 2 Video Arte 2 Video Arte 2 Video Arte 2 Video Arte 2 Video Arte 2 Video Arte 2 Video Arte 2 Video Arte 2 Video Arte 2 Video Arte 2 Video Arte 2 Video Arte 2 Video Arte 2 Video Arte 2 Video Arte 2 Video Arte 2 Video Ar', '2016-04-02 18:53:35', NULL, '2016-04-04 01:55:22', 8.61, 3, 1, 1, 'jpg', 13, '2016-04-04'),
	(80, 'MP4', 'Nuevo Video', 'Nuevo Video Nuevo Video Nuevo Video Nuevo Video Nuevo Video Nuevo Video Nuevo Video Nuevo Video Nuevo Video Nuevo Video Nuevo Video Nuevo Video Nuevo Video Nuevo Video Nuevo Video Nuevo Video Nuevo Video Nuevo Video Nuevo Video Nuevo Video Nuevo Video Nue', '2016-04-02 23:50:22', NULL, '2016-04-03 17:55:04', 8.61, 4, 1, 1, 'jpg', 11, '2016-04-03');
/*!40000 ALTER TABLE `video` ENABLE KEYS */;


-- Volcando estructura para tabla tiens.video_category
DROP TABLE IF EXISTS `video_category`;
CREATE TABLE IF NOT EXISTS `video_category` (
  `id` int(11) NOT NULL AUTO_INCREMENT,
  `name` varchar(45) DEFAULT NULL,
  `created_by` int(11) DEFAULT NULL,
  `description` varchar(255) DEFAULT NULL,
  `created_at` timestamp NULL DEFAULT CURRENT_TIMESTAMP,
  `deleted_at` timestamp NULL DEFAULT NULL,
  `updated_at` timestamp NULL DEFAULT CURRENT_TIMESTAMP,
  PRIMARY KEY (`id`)
) ENGINE=InnoDB AUTO_INCREMENT=6 DEFAULT CHARSET=utf8;

-- Volcando datos para la tabla tiens.video_category: ~5 rows (aproximadamente)
/*!40000 ALTER TABLE `video_category` DISABLE KEYS */;
INSERT INTO `video_category` (`id`, `name`, `created_by`, `description`, `created_at`, `deleted_at`, `updated_at`) VALUES
	(1, 'generales', 1, NULL, '2016-03-03 17:35:47', NULL, '2016-04-02 21:02:22'),
	(2, 'Categor\'ia de video 2', 1, NULL, '2016-03-03 17:36:19', NULL, '2016-03-03 17:36:19'),
	(3, 'Arte', 1, NULL, '2016-04-02 17:54:11', NULL, '2016-04-02 17:54:11'),
	(4, 'Ciencia', 1, NULL, '2016-04-02 17:54:17', NULL, '2016-04-02 17:54:17'),
	(5, 'Ficcion', 1, NULL, '2016-04-02 17:54:30', NULL, '2016-04-02 17:54:30');
/*!40000 ALTER TABLE `video_category` ENABLE KEYS */;
/*!40101 SET SQL_MODE=IFNULL(@OLD_SQL_MODE, '') */;
/*!40014 SET FOREIGN_KEY_CHECKS=IF(@OLD_FOREIGN_KEY_CHECKS IS NULL, 1, @OLD_FOREIGN_KEY_CHECKS) */;
/*!40101 SET CHARACTER_SET_CLIENT=@OLD_CHARACTER_SET_CLIENT */;
